query-id	corpus-id	score
qid2	did2	1
qid19	did19	1
qid27	did27	1
qid30	did30	1
qid31	did31	1
qid32	did32	1
qid50	did50	1
qid55	did55	1
qid87	did87	1
qid88	did88	1
qid91	did91	1
qid92	did92	1
qid97	did97	1
qid110	did110	1
qid113	did113	1
qid127	did127	1
qid130	did130	1
qid158	did157	1
qid173	did172	1
qid176	did174	1
qid218	did216	1
qid223	did221	1
qid224	did222	1
qid234	did231	1
qid239	did236	1
qid249	did245	1
qid261	did256	1
qid264	did259	1
qid270	did265	1
qid302	did297	1
qid305	did300	1
qid308	did303	1
qid318	did313	1
qid351	did345	1
qid359	did353	1
qid384	did377	1
qid390	did383	1
qid391	did384	1
qid396	did389	1
qid402	did395	1
qid424	did125	1
qid432	did424	1
qid441	did433	1
qid452	did444	1
qid471	did462	1
qid514	did505	1
qid533	did524	1
qid552	did542	1
qid554	did544	1
qid567	did557	1
qid573	did563	1
qid576	did566	1
qid581	did571	1
qid593	did583	1
qid595	did585	1
qid601	did591	1
qid613	did570	1
qid624	did612	1
qid635	did623	1
qid644	did632	1
qid646	did634	1
qid650	did638	1
qid671	did659	1
qid679	did667	1
qid692	did680	1
qid704	did691	1
qid724	did710	1
qid725	did711	1
qid731	did717	1
qid732	did718	1
qid734	did720	1
qid739	did724	1
qid760	did745	1
qid762	did747	1
qid773	did758	1
qid775	did760	1
qid778	did193	1
qid791	did775	1
qid792	did92	1
qid804	did786	1
qid811	did793	1
qid814	did796	1
qid824	did806	1
qid834	did816	1
qid841	did440	1
qid859	did839	1
qid862	did840	1
qid878	did857	1
qid881	did860	1
qid900	did877	1
qid912	did888	1
qid914	did890	1
qid922	did898	1
qid930	did669	1
qid944	did918	1
qid950	did923	1
qid956	did929	1
qid970	did942	1
qid975	did946	1
qid982	did953	1
qid998	did967	1
qid999	did968	1
qid1011	did980	1
qid1019	did418	1
qid1021	did988	1
qid1054	did1017	1
qid1055	did1018	1
qid1062	did1024	1
qid1090	did1050	1
qid1091	did1051	1
qid1100	did1059	1
qid1117	did1075	1
qid1119	did1077	1
qid1122	did1080	1
qid1136	did1094	1
qid1163	did1120	1
qid1172	did1129	1
qid1200	did1156	1
qid1218	did1174	1
qid1220	did1176	1
qid1336	did1287	1
qid1342	did1293	1
qid1347	did1298	1
qid1353	did1304	1
qid1362	did1312	1
qid1365	did1315	1
qid1366	did299	1
qid1372	did1321	1
qid1386	did1335	1
qid1396	did1345	1
qid1398	did1347	1
qid1407	did1355	1
qid1408	did1356	1
qid1435	did1382	1
qid1439	did1386	1
qid1444	did1391	1
qid1464	did1410	1
qid1472	did1418	1
qid1477	did1423	1
qid1479	did1425	1
qid1487	did1432	1
qid1500	did1445	1
qid1503	did1448	1
qid1514	did1458	1
qid1535	did1477	1
qid1545	did1039	1
qid1561	did1500	1
qid1578	did1516	1
qid1582	did1520	1
qid1602	did1534	1
qid1608	did1539	1
qid1627	did1558	1
qid1629	did1560	1
qid1635	did1566	1
qid1646	did1577	1
qid1647	did1578	1
qid1651	did1582	1
qid1655	did1586	1
qid1673	did1601	1
qid1684	did1611	1
qid1705	did1632	1
qid1706	did1633	1
qid1723	did1646	1
qid1731	did1653	1
qid1747	did1668	1
qid1797	did1716	1
qid1802	did1720	1
qid1811	did1729	1
qid1814	did1732	1
qid1825	did1743	1
qid1843	did1760	1
qid1845	did420	1
qid1847	did1763	1
qid1863	did1779	1
qid1868	did1784	1
qid1875	did1791	1
qid1881	did1797	1
qid1887	did1803	1
qid1899	did1815	1
qid1901	did1817	1
qid1910	did1826	1
qid1913	did1829	1
qid1916	did1832	1
qid1938	did1853	1
qid1946	did1861	1
qid1953	did1867	1
qid1972	did1886	1
qid1987	did1900	1
qid1996	did1909	1
qid2003	did1916	1
qid2007	did1919	1
qid2009	did1920	1
qid2021	did1931	1
qid2034	did1942	1
qid2040	did1948	1
qid2046	did1954	1
qid2052	did327	1
qid2064	did1969	1
qid2068	did1972	1
qid2069	did1973	1
qid2076	did1979	1
qid2082	did1985	1
qid2096	did1997	1
qid2115	did2015	1
qid2126	did2026	1
qid2129	did2029	1
qid2146	did2046	1
qid2150	did2050	1
qid2155	did2055	1
qid2159	did2059	1
qid2160	did2060	1
qid2163	did2063	1
qid2165	did2065	1
qid2170	did2070	1
qid2173	did2073	1
qid2174	did2074	1
qid2181	did2081	1
qid2213	did2109	1
qid2232	did2127	1
qid2314	did2204	1
qid2318	did2208	1
qid2330	did2220	1
qid2370	did2255	1
qid2375	did2260	1
qid2379	did2263	1
qid2390	did2273	1
qid2391	did2274	1
qid2403	did2283	1
qid2416	did2296	1
qid2418	did2298	1
qid2422	did2302	1
qid2432	did942	1
qid2451	did2328	1
qid2456	did2332	1
qid2467	did2343	1
qid2470	did2346	1
qid2477	did1894	1
qid2478	did2353	1
qid2479	did2354	1
qid2487	did2362	1
qid2500	did2374	1
qid2505	did2379	1
qid2506	did2380	1
qid2508	did2382	1
qid2539	did2411	1
qid2540	did2412	1
qid2542	did719	1
qid2543	did2414	1
qid2544	did2415	1
qid2549	did2420	1
qid2554	did2425	1
qid2555	did2426	1
qid2568	did2438	1
qid2569	did2439	1
qid2574	did2443	1
qid2576	did2445	1
qid2578	did2447	1
qid2580	did2449	1
qid2582	did1422	1
qid2597	did2465	1
qid2610	did634	1
qid2619	did2484	1
qid2620	did2485	1
qid2626	did2490	1
qid2644	did495	1
qid2653	did2513	1
qid2660	did2520	1
qid2674	did2532	1
qid2704	did2558	1
qid2705	did2559	1
qid2710	did2563	1
qid2721	did2573	1
qid2733	did2585	1
qid2737	did2589	1
qid2748	did2599	1
qid2751	did2602	1
qid2758	did2609	1
qid2773	did2624	1
qid2779	did2630	1
qid2795	did2646	1
qid2811	did2660	1
qid2826	did2675	1
qid2859	did2705	1
qid2862	did2707	1
qid2863	did2708	1
qid2871	did2715	1
qid2900	did2741	1
qid2901	did2742	1
qid2905	did2746	1
qid2909	did2749	1
qid2912	did2752	1
qid2934	did2772	1
qid2935	did2773	1
qid2946	did2783	1
qid2955	did1551	1
qid2963	did2799	1
qid2992	did2825	1
qid2995	did2828	1
qid3000	did2833	1
qid3006	did2838	1
qid3010	did2841	1
qid3016	did2847	1
qid3019	did2850	1
qid3038	did2868	1
qid3042	did2871	1
qid3054	did2881	1
qid3060	did2886	1
qid3068	did2892	1
qid3083	did2905	1
qid3106	did2927	1
qid3111	did2931	1
qid3135	did2954	1
qid3147	did2964	1
qid3149	did2909	1
qid3151	did2966	1
qid3156	did956	1
qid3167	did2979	1
qid3176	did2987	1
qid3183	did2993	1
qid3187	did2997	1
qid3188	did2034	1
qid3193	did1021	1
qid3195	did3003	1
qid3210	did3017	1
qid3218	did3024	1
qid3220	did3026	1
qid3222	did3028	1
qid3227	did3033	1
qid3236	did3040	1
qid3241	did3045	1
qid3244	did1670	1
qid3245	did3048	1
qid3247	did3050	1
qid3248	did3051	1
qid3254	did3056	1
qid3255	did3057	1
qid3266	did3066	1
qid3274	did1882	1
qid3288	did3086	1
qid3300	did3096	1
qid3308	did3102	1
qid3315	did3108	1
qid3316	did3109	1
qid3328	did3119	1
qid3330	did3121	1
qid3360	did3147	1
qid3371	did3157	1
qid3396	did3178	1
qid3405	did3186	1
qid3412	did3192	1
qid3423	did3203	1
qid3430	did3210	1
qid3444	did3221	1
qid3455	did3230	1
qid3462	did3236	1
qid3465	did3239	1
qid3486	did3258	1
qid3500	did3271	1
qid3523	did3292	1
qid3539	did2538	1
qid3546	did3312	1
qid3553	did3319	1
qid3558	did3324	1
qid3561	did3327	1
qid3580	did388	1
qid3590	did3350	1
qid3600	did3359	1
qid3611	did3370	1
qid3623	did3378	1
qid3629	did3384	1
qid3638	did3393	1
qid3655	did3408	1
qid3665	did3418	1
qid3670	did3422	1
qid3710	did3456	1
qid3724	did3469	1
qid3735	did3477	1
qid3746	did3488	1
qid3765	did3505	1
qid3811	did3549	1
qid3824	did3562	1
qid3827	did3565	1
qid3833	did3571	1
qid3835	did3573	1
qid3838	did3576	1
qid3846	did3583	1
qid3859	did3595	1
qid3868	did3603	1
qid3880	did3613	1
qid3894	did3625	1
qid3896	did3626	1
qid3935	did3337	1
qid3977	did3694	1
qid3980	did3697	1
qid3983	did3700	1
qid3992	did3708	1
qid4007	did3723	1
qid4014	did3730	1
qid4019	did3735	1
qid4028	did3744	1
qid4029	did3745	1
qid4031	did3747	1
qid4035	did3751	1
qid4046	did3760	1
qid4053	did3766	1
qid4088	did3794	1
qid4111	did3814	1
qid4112	did290	1
qid4121	did2473	1
qid4138	did3837	1
qid4149	did3847	1
qid4154	did3852	1
qid4155	did3853	1
qid4157	did634	1
qid4167	did3863	1
qid4174	did3870	1
qid4176	did386	1
qid4181	did3875	1
qid4193	did3887	1
qid4207	did3900	1
qid4209	did3902	1
qid4214	did3906	1
qid4216	did3908	1
qid4219	did3911	1
qid4221	did3913	1
qid4230	did3921	1
qid4240	did3931	1
qid4250	did3940	1
qid4252	did3941	1
qid4256	did3944	1
qid4274	did3960	1
qid4275	did3961	1
qid4284	did3969	1
qid4285	did3970	1
qid4291	did1253	1
qid4304	did3983	1
qid4305	did3984	1
qid4306	did3985	1
qid4308	did3986	1
qid4309	did3987	1
qid4315	did3992	1
qid4330	did2218	1
qid4347	did4018	1
qid4357	did4028	1
qid4362	did4031	1
qid4367	did4035	1
qid4370	did4038	1
qid4375	did4043	1
qid4392	did4057	1
qid4393	did4058	1
qid4396	did3315	1
qid4397	did4060	1
qid4402	did4063	1
qid4405	did4066	1
qid4457	did4113	1
qid4471	did4125	1
qid4474	did4128	1
qid4478	did4132	1
qid4481	did4135	1
qid4484	did4138	1
qid4487	did4140	1
qid4491	did4144	1
qid4496	did4149	1
qid4500	did4153	1
qid4501	did4154	1
qid4507	did657	1
qid4514	did4165	1
qid4515	did4166	1
qid4535	did1864	1
qid4542	did4190	1
qid4547	did4195	1
qid4548	did4196	1
qid4560	did4208	1
qid4565	did4213	1
qid4566	did4214	1
qid4567	did2235	1
qid4568	did4215	1
qid4576	did4221	1
qid4578	did4223	1
qid4642	did4282	1
qid4668	did4293	1
qid4669	did4304	1
qid4700	did4331	1
qid4719	did4344	1
qid4732	did360	1
qid4738	did4359	1
qid4744	did4363	1
qid4745	did4364	1
qid4753	did4371	1
qid4755	did4373	1
qid4762	did4378	1
qid4768	did4383	1
qid4770	did4385	1
qid4790	did4402	1
qid4796	did4407	1
qid4808	did4418	1
qid4813	did4423	1
qid4816	did1619	1
qid4819	did4428	1
qid4820	did4429	1
qid4830	did4438	1
qid4832	did4440	1
qid4834	did763	1
qid4839	did569	1
qid4851	did4456	1
qid4854	did4459	1
qid4865	did4470	1
qid4875	did2783	1
qid4893	did4492	1
qid4895	did4494	1
qid4902	did4499	1
qid4911	did4506	1
qid4915	did4510	1
qid4916	did1848	1
qid4919	did4512	1
qid4922	did4515	1
qid4942	did4532	1
qid4969	did1699	1
qid4982	did4568	1
qid4996	did4579	1
qid5007	did4588	1
qid5015	did4595	1
qid5019	did4599	1
qid5031	did4608	1
qid5033	did4610	1
qid5036	did4613	1
qid5037	did4614	1
qid5051	did4622	1
qid5074	did4641	1
qid5107	did4668	1
qid5108	did4669	1
qid5110	did4671	1
qid5115	did4676	1
qid5121	did4681	1
qid5131	did4688	1
qid5137	did4693	1
qid5143	did4698	1
qid5145	did4700	1
qid5152	did4705	1
qid5166	did4718	1
qid5191	did4740	1
qid5225	did4769	1
qid5244	did4788	1
qid5251	did4794	1
qid5255	did4798	1
qid5261	did4803	1
qid5262	did4804	1
qid5263	did4805	1
qid5265	did4807	1
qid5289	did4829	1
qid5291	did4831	1
qid5298	did139	1
qid5312	did4847	1
qid5315	did4849	1
qid5323	did4856	1
qid5325	did4857	1
qid5338	did4870	1
qid5341	did4873	1
qid5342	did4874	1
qid5343	did896	1
qid5355	did4886	1
qid5391	did4921	1
qid5404	did4932	1
qid5424	did4948	1
qid5425	did4949	1
qid5449	did4969	1
qid5459	did4979	1
qid5479	did4998	1
qid5488	did5007	1
qid5507	did423	1
qid5520	did5036	1
qid5530	did5043	1
qid5537	did5049	1
qid5550	did1936	1
qid5551	did5060	1
qid5553	did5062	1
qid5557	did5065	1
qid5575	did5079	1
qid5584	did5087	1
qid5594	did5095	1
qid5596	did3389	1
qid5608	did5105	1
qid5615	did5111	1
qid5621	did5116	1
qid5643	did5135	1
qid5670	did5157	1
qid5701	did5183	1
qid5705	did5187	1
qid5706	did5188	1
qid5710	did5192	1
qid5728	did5210	1
qid5736	did5217	1
qid5741	did5222	1
qid5750	did5229	1
qid5763	did3578	1
qid5764	did5240	1
qid5766	did5242	1
qid5793	did5267	1
qid5803	did5276	1
qid5815	did1898	1
qid5816	did5287	1
qid5828	did5299	1
qid5864	did147	1
qid5869	did5332	1
qid5879	did5340	1
qid5885	did5346	1
qid5905	did5362	1
qid5909	did5365	1
qid5934	did5385	1
qid5935	did5386	1
qid5937	did5387	1
qid5943	did5390	1
qid5968	did5413	1
qid5976	did5420	1
qid6005	did5444	1
qid6024	did5459	1
qid6029	did5462	1
qid6037	did5469	1
qid6043	did235	1
qid6069	did5497	1
qid6089	did5517	1
qid6093	did5521	1
qid6109	did5533	1
qid6113	did4116	1
qid6125	did5545	1
qid6130	did3243	1
qid6132	did5550	1
qid6146	did5563	1
qid6155	did5569	1
qid6158	did5571	1
qid6161	did5573	1
qid6164	did5576	1
qid6170	did5581	1
qid6171	did5582	1
qid6178	did5588	1
qid6198	did5605	1
qid6213	did5619	1
qid6229	did5632	1
qid6236	did5637	1
qid6266	did5663	1
qid6272	did5668	1
qid6274	did5670	1
qid6280	did5676	1
qid6281	did5677	1
qid6290	did5685	1
qid6295	did2346	1
qid6300	did5694	1
qid6301	did5695	1
qid6321	did5711	1
qid6332	did5719	1
qid6336	did5722	1
qid6338	did5724	1
qid6354	did5736	1
qid6366	did5747	1
qid6370	did2218	1
qid6375	did385	1
qid6385	did5760	1
qid6415	did5786	1
qid6428	did5799	1
qid6430	did5801	1
qid6434	did5805	1
qid6448	did5816	1
qid6485	did5846	1
qid6508	did2746	1
qid6542	did5894	1
qid6552	did5902	1
qid6556	did5905	1
qid6560	did5908	1
qid6562	did5079	1
qid6565	did5912	1
qid6574	did5921	1
qid6576	did5923	1
qid6587	did5933	1
qid6601	did5946	1
qid6608	did5953	1
qid6653	did5995	1
qid6664	did6004	1
qid6683	did6020	1
qid6686	did6023	1
qid6692	did6029	1
qid6695	did6032	1
qid6696	did6033	1
qid6701	did6037	1
qid6704	did6039	1
qid6717	did6049	1
qid6737	did6067	1
qid6738	did6068	1
qid6739	did6069	1
qid6764	did6092	1
qid6765	did2602	1
qid6770	did6097	1
qid6786	did6109	1
qid6808	did6128	1
qid6841	did6158	1
qid6845	did6162	1
qid6861	did6175	1
qid6870	did3482	1
qid6872	did1148	1
qid6875	did6185	1
qid6878	did6188	1
qid6889	did6199	1
qid6892	did6202	1
qid6907	did6217	1
qid6911	did6220	1
qid6912	did6221	1
qid6932	did6241	1
qid6934	did6243	1
qid6947	did6255	1
qid6954	did6260	1
qid6961	did6266	1
qid7025	did6317	1
qid7034	did6325	1
qid7060	did6348	1
qid7063	did6351	1
qid7068	did6355	1
qid7084	did6370	1
qid7096	did6379	1
qid7098	did78	1
qid7108	did6389	1
qid7129	did6409	1
qid7142	did6420	1
qid7149	did6387	1
qid7164	did6437	1
qid7190	did6459	1
qid7234	did6499	1
qid7236	did6501	1
qid7239	did3184	1
qid7240	did6504	1
qid7241	did5941	1
qid7245	did6508	1
qid7252	did6514	1
qid7257	did6519	1
qid7261	did6523	1
qid7264	did6526	1
qid7266	did6528	1
qid7289	did6547	1
qid7299	did6555	1
qid7301	did6557	1
qid7312	did6565	1
qid7315	did6568	1
qid7322	did6572	1
qid7335	did6582	1
qid7340	did6585	1
qid7355	did6597	1
qid7358	did6600	1
qid7367	did6608	1
qid7389	did1821	1
qid7393	did6628	1
qid7420	did6650	1
qid7432	did6659	1
qid7438	did5375	1
qid7446	did6670	1
qid7507	did3988	1
qid7514	did6726	1
qid7521	did3214	1
qid7529	did4181	1
qid7540	did4996	1
qid7546	did6753	1
qid7552	did2197	1
qid7553	did6757	1
qid7567	did3790	1
qid7577	did6775	1
qid7582	did6780	1
qid7603	did6794	1
qid7610	did6799	1
qid7611	did6800	1
qid7617	did6803	1
qid7634	did6819	1
qid7637	did6822	1
qid7638	did743	1
qid7644	did2972	1
qid7649	did6831	1
qid7660	did5841	1
qid7664	did6843	1
qid7675	did6852	1
qid7723	did4820	1
qid7726	did6894	1
qid7748	did6912	1
qid7762	did6924	1
qid7767	did6929	1
qid7773	did6932	1
qid7812	did1077	1
qid7824	did6971	1
qid7829	did2742	1
qid7833	did6978	1
qid7835	did6980	1
qid7860	did902	1
qid7889	did569	1
qid7890	did7020	1
qid7932	did7053	1
qid7933	did7054	1
qid7964	did7078	1
qid7968	did7082	1
qid7981	did7095	1
qid7984	did7098	1
qid7992	did7106	1
qid7998	did7108	1
qid8000	did7110	1
qid8020	did7128	1
qid8023	did7131	1
qid8032	did7139	1
qid8038	did7144	1
qid8039	did7145	1
qid8065	did7168	1
qid8073	did7174	1
qid8074	did6785	1
qid8078	did7177	1
qid8080	did7179	1
qid8104	did7197	1
qid8114	did7206	1
qid8128	did1678	1
qid8137	did7223	1
qid8146	did7230	1
qid8164	did516	1
qid8175	did1794	1
qid8181	did7257	1
qid8183	did7259	1
qid8209	did3115	1
qid8217	did7287	1
qid8218	did7288	1
qid8233	did7302	1
qid8237	did7306	1
qid8244	did7310	1
qid8256	did5271	1
qid8261	did7323	1
qid8263	did7325	1
qid8269	did7331	1
qid8280	did7340	1
qid8285	did4850	1
qid8294	did7351	1
qid8307	did2496	1
qid8312	did2665	1
qid8331	did7378	1
qid8345	did7387	1
qid8356	did716	1
qid8357	did7396	1
qid8390	did7422	1
qid8396	did7428	1
qid8416	did3360	1
qid8428	did7454	1
qid8450	did7472	1
qid8460	did5285	1
qid8461	did7480	1
qid8493	did7505	1
qid8497	did7509	1
qid8508	did7518	1
qid8534	did7535	1
qid8553	did7552	1
qid8562	did7560	1
qid8567	did7563	1
qid8607	did7595	1
qid8627	did7610	1
qid8629	did7612	1
qid8630	did7613	1
qid8640	did7622	1
qid8652	did7633	1
qid8660	did2020	1
qid8666	did7643	1
qid8673	did7650	1
qid8679	did7655	1
qid8682	did6433	1
qid8709	did7675	1
qid8713	did7678	1
qid8716	did7681	1
qid8718	did6867	1
qid8722	did7685	1
qid8724	did7687	1
qid8756	did7711	1
qid8767	did2352	1
qid8782	did4733	1
qid8783	did7728	1
qid8792	did7736	1
qid8806	did7746	1
qid8817	did7755	1
qid8842	did7774	1
qid8843	did7775	1
qid8851	did7782	1
qid8856	did7787	1
qid8861	did7791	1
qid8873	did2393	1
qid8921	did7843	1
qid8922	did7844	1
qid8971	did2385	1
qid8982	did7888	1
qid8986	did7891	1
qid8992	did7896	1
qid8995	did7899	1
qid9006	did7910	1
qid9007	did7392	1
qid9018	did7920	1
qid9021	did7922	1
qid9026	did7926	1
qid9032	did7931	1
qid9045	did7943	1
qid9049	did7947	1
qid9051	did7949	1
qid9071	did3977	1
qid9090	did7976	1
qid9102	did7987	1
qid9112	did4323	1
qid9113	did7996	1
qid9114	did7997	1
qid9116	did1721	1
qid9119	did8001	1
qid9123	did8004	1
qid9129	did8010	1
qid9130	did7081	1
qid9133	did8013	1
qid9159	did8035	1
qid9160	did8036	1
qid9163	did2017	1
qid9167	did8041	1
qid9190	did8059	1
qid9197	did8065	1
qid9217	did2771	1
qid9219	did8084	1
qid9221	did928	1
qid9226	did8087	1
qid9242	did8103	1
qid9243	did8104	1
qid9255	did8111	1
qid9259	did8114	1
qid9275	did8125	1
qid9278	did2173	1
qid9290	did8138	1
qid9312	did8154	1
qid9352	did1269	1
qid9359	did8190	1
qid9361	did8191	1
qid9371	did8201	1
qid9376	did2981	1
qid9377	did8206	1
qid9401	did8224	1
qid9405	did8227	1
qid9406	did8228	1
qid9416	did8235	1
qid9419	did8237	1
qid9426	did7406	1
qid9433	did6606	1
qid9438	did7924	1
qid9448	did8258	1
qid9451	did8260	1
qid9480	did8284	1
qid9490	did8292	1
qid9504	did8305	1
qid9518	did1149	1
qid9521	did8317	1
qid9525	did8320	1
qid9536	did8329	1
qid9555	did8343	1
qid9557	did3423	1
qid9597	did6545	1
qid9617	did8390	1
qid9621	did5487	1
qid9623	did8394	1
qid9635	did8402	1
qid9638	did8405	1
qid9665	did8424	1
qid9666	did3219	1
qid9692	did8445	1
qid9703	did8453	1
qid9730	did8469	1
qid9747	did8481	1
qid9749	did8483	1
qid9754	did1118	1
qid9765	did7613	1
qid9767	did8494	1
qid9786	did8510	1
qid9797	did7072	1
qid9810	did8527	1
qid9823	did8539	1
qid9830	did8543	1
qid9841	did6460	1
qid9847	did8559	1
qid9857	did8565	1
qid9885	did8587	1
qid9890	did8591	1
qid9891	did8592	1
qid9931	did8622	1
qid9946	did8632	1
qid9965	did8647	1
qid9994	did8667	1
qid9997	did8670	1
qid9999	did7348	1
qid10005	did8676	1
qid10014	did8683	1
qid10035	did8699	1
qid10046	did1116	1
qid10048	did8708	1
qid10055	did8712	1
qid10061	did7998	1
qid10085	did8732	1
qid10109	did8753	1
qid10131	did8769	1
qid10158	did8788	1
qid10187	did6546	1
qid10197	did8822	1
qid10202	did8827	1
qid10204	did8829	1
qid10226	did8846	1
qid10227	did8847	1
qid10240	did8856	1
qid10248	did8864	1
qid10263	did1889	1
qid10276	did1735	1
qid10282	did5630	1
qid10294	did8894	1
qid10343	did8934	1
qid10351	did8940	1
qid10364	did8950	1
qid10369	did3058	1
qid10386	did3727	1
qid10387	did8970	1
qid10416	did5436	1
qid10421	did8995	1
qid10438	did584	1
qid10441	did9013	1
qid10444	did9015	1
qid10447	did6806	1
qid10449	did9019	1
qid10457	did9027	1
qid10459	did9029	1
qid10471	did8920	1
qid10486	did5240	1
qid10502	did9063	1
qid10507	did2120	1
qid10511	did9071	1
qid10515	did9074	1
qid10516	did2423	1
qid10518	did9075	1
qid10522	did9077	1
qid10554	did9100	1
qid10566	did9108	1
qid10576	did1039	1
qid10596	did9131	1
qid10611	did9142	1
qid10616	did9145	1
qid10617	did9146	1
qid10626	did9155	1
qid10636	did9161	1
qid10657	did9180	1
qid10684	did37	1
qid10685	did9201	1
qid10693	did9208	1
qid10722	did9230	1
qid10730	did4441	1
qid10742	did9248	1
qid10749	did9252	1
qid10752	did7029	1
qid10755	did9257	1
qid10758	did9259	1
qid10769	did9267	1
qid10771	did9268	1
qid10781	did9275	1
qid10784	did9276	1
qid10797	did9286	1
qid10803	did9291	1
qid10805	did9293	1
qid10821	did9302	1
qid10840	did9315	1
qid10841	did9316	1
qid10845	did6295	1
qid10853	did180	1
qid10858	did5258	1
qid10865	did9331	1
qid10867	did9333	1
qid10872	did703	1
qid10874	did9339	1
qid10902	did9364	1
qid10913	did420	1
qid10917	did9377	1
qid10919	did9379	1
qid10947	did9403	1
qid10952	did9408	1
qid10953	did9209	1
qid10966	did3763	1
qid10978	did9426	1
qid11002	did9445	1
qid11026	did9464	1
qid11033	did1900	1
qid11050	did9482	1
qid11067	did9496	1
qid11082	did9507	1
qid11093	did9516	1
qid11096	did9518	1
qid11141	did8138	1
qid11150	did9556	1
qid11161	did2494	1
qid11175	did9576	1
qid11180	did9579	1
qid11195	did9590	1
qid11202	did9596	1
qid11204	did2663	1
qid11217	did9606	1
qid11219	did9608	1
qid11226	did9613	1
qid11241	did9623	1
qid11255	did3322	1
qid11257	did9634	1
qid11270	did5829	1
qid11276	did9649	1
qid11317	did9679	1
qid11334	did9693	1
qid11338	did9695	1
qid11343	did9699	1
qid11344	did170	1
qid11350	did9705	1
qid11356	did9710	1
qid11360	did9712	1
qid11363	did9714	1
qid11387	did9735	1
qid11389	did3542	1
qid11394	did8332	1
qid11397	did9741	1
qid11403	did9745	1
qid11408	did2083	1
qid11422	did9755	1
qid11428	did9761	1
qid11434	did472	1
qid11443	did9774	1
qid11461	did9790	1
qid11467	did5300	1
qid11468	did9796	1
qid11483	did374	1
qid11487	did9809	1
qid11525	did9838	1
qid11544	did1148	1
qid11546	did9851	1
qid11550	did9853	1
qid11566	did9866	1
qid11567	did9867	1
qid11568	did9868	1
qid11576	did9875	1
qid11577	did9876	1
qid11586	did156	1
qid11589	did9885	1
qid11621	did9903	1
qid11623	did9905	1
qid11636	did9915	1
qid11644	did385	1
qid11658	did9926	1
qid11666	did3639	1
qid11679	did349	1
qid11693	did4036	1
qid11701	did2183	1
qid11708	did9956	1
qid11713	did9961	1
qid11733	did9977	1
qid11741	did117	1
qid11749	did9991	1
qid11753	did9995	1
qid11769	did3287	1
qid11822	did10050	1
qid11839	did10063	1
qid11841	did10065	1
qid11845	did10068	1
qid11846	did8071	1
qid11878	did10088	1
qid11895	did10103	1
qid11898	did10105	1
qid11908	did10114	1
qid11916	did7313	1
qid11918	did10120	1
qid11921	did10121	1
qid11922	did10122	1
qid11936	did10129	1
qid11948	did3963	1
qid11949	did10138	1
qid11951	did10140	1
qid11962	did10149	1
qid11970	did10154	1
qid11982	did6375	1
qid11988	did10166	1
qid11996	did10172	1
qid12012	did10182	1
qid12013	did8319	1
qid12016	did10185	1
qid12024	did6301	1
qid12034	did1074	1
qid12035	did10194	1
qid12039	did8737	1
qid12050	did10208	1
qid12057	did10214	1
qid12065	did10221	1
qid12067	did10223	1
qid12072	did1454	1
qid12085	did1142	1
qid12095	did10244	1
qid12108	did10254	1
qid12120	did10264	1
qid12145	did6948	1
qid12154	did10289	1
qid12164	did10298	1
qid12168	did10302	1
qid12176	did10308	1
qid12178	did10310	1
qid12185	did2673	1
qid12208	did10332	1
qid12209	did10241	1
qid12214	did10337	1
qid12220	did10342	1
qid12223	did10345	1
qid12224	did10346	1
qid12226	did10347	1
qid12236	did10355	1
qid12255	did10370	1
qid12263	did10376	1
qid12284	did10396	1
qid12290	did6631	1
qid12303	did10409	1
qid12317	did5841	1
qid12331	did10428	1
qid12345	did1541	1
qid12351	did10444	1
qid12370	did4477	1
qid12376	did10465	1
qid12397	did10484	1
qid12401	did10486	1
qid12406	did7410	1
qid12418	did2802	1
qid12419	did10499	1
qid12423	did10503	1
qid12441	did2149	1
qid12459	did10529	1
qid12466	did10535	1
qid12479	did10546	1
qid12495	did10560	1
qid12496	did10561	1
qid12504	did10568	1
qid12519	did75	1
qid12521	did8111	1
qid12527	did10584	1
qid12529	did10586	1
qid12544	did10598	1
qid12558	did10607	1
qid12571	did10618	1
qid12573	did10620	1
qid12581	did10628	1
qid12597	did10639	1
qid12607	did10647	1
qid12608	did10648	1
qid12633	did10672	1
qid12651	did10684	1
qid12657	did10690	1
qid12683	did1591	1
qid12691	did10719	1
qid12692	did10720	1
qid12702	did10728	1
qid12711	did10736	1
qid12719	did10743	1
qid12728	did10750	1
qid12734	did10754	1
qid12736	did10756	1
qid12748	did10767	1
qid12751	did10770	1
qid12755	did10773	1
qid12765	did10262	1
qid12774	did10787	1
qid12776	did10788	1
qid12783	did10792	1
qid12789	did10798	1
qid12820	did10819	1
qid12826	did10824	1
qid12837	did10832	1
qid12859	did3215	1
qid12866	did900	1
qid12870	did10269	1
qid12888	did10871	1
qid12889	did10872	1
qid12909	did10887	1
qid12917	did10893	1
qid12920	did10895	1
qid12930	did10904	1
qid12937	did10909	1
qid12946	did10915	1
qid12947	did10916	1
qid12966	did4445	1
qid12967	did835	1
qid12972	did10936	1
qid12984	did2355	1
qid12987	did1251	1
qid12997	did1424	1
qid13017	did10968	1
qid13026	did10975	1
qid13031	did10980	1
qid13032	did7394	1
qid13064	did11003	1
qid13067	did11006	1
qid13096	did11022	1
qid13103	did11028	1
qid13120	did11040	1
qid13126	did3735	1
qid13127	did11046	1
qid13128	did11047	1
qid13137	did11053	1
qid13138	did11054	1
qid13158	did11072	1
qid13170	did11080	1
qid13175	did5607	1
qid13185	did11091	1
qid13194	did11096	1
qid13200	did11100	1
qid13236	did11129	1
qid13243	did5096	1
qid13252	did11141	1
qid13253	did11142	1
qid13275	did11157	1
qid13291	did11171	1
qid13301	did11179	1
qid13307	did11183	1
qid13310	did4442	1
qid13315	did11188	1
qid13317	did11190	1
qid13321	did11194	1
qid13323	did7072	1
qid13339	did11206	1
qid13340	did11207	1
qid13345	did11210	1
qid13367	did11225	1
qid13371	did11229	1
qid13376	did117	1
qid13403	did11256	1
qid13406	did11259	1
qid13413	did11173	1
qid13428	did2031	1
qid13439	did11282	1
qid13449	did9952	1
qid13463	did11297	1
qid13471	did11304	1
qid13473	did11305	1
qid13505	did11324	1
qid13509	did2594	1
qid13515	did1882	1
qid13525	did11337	1
qid13527	did9582	1
qid13531	did11341	1
qid13543	did11352	1
qid13545	did11354	1
qid13549	did11357	1
qid13552	did11360	1
qid13573	did11375	1
qid13595	did11390	1
qid13596	did11391	1
qid13630	did11415	1
qid13635	did11418	1
qid13636	did11419	1
qid13644	did1812	1
qid13650	did3542	1
qid13656	did11433	1
qid13667	did11442	1
qid13668	did11443	1
qid13682	did11456	1
qid13690	did11463	1
qid13694	did11467	1
qid13713	did4386	1
qid13731	did11492	1
qid13732	did5699	1
qid13735	did5168	1
qid13741	did11499	1
qid13747	did11504	1
qid13767	did11518	1
qid13773	did11523	1
qid13775	did11524	1
qid13782	did11530	1
qid13831	did11566	1
qid13834	did155	1
qid13841	did11574	1
qid13847	did11578	1
qid13872	did4154	1
qid13877	did1544	1
qid13885	did11607	1
qid13886	did11608	1
qid13895	did11612	1
qid13896	did11613	1
qid13911	did625	1
qid13917	did11624	1
qid13960	did2718	1
qid13967	did3542	1
qid13996	did7862	1
qid13997	did11676	1
qid14003	did11680	1
qid14025	did11696	1
qid14039	did11706	1
qid14052	did6219	1
qid14053	did11715	1
qid14057	did10891	1
qid14059	did6511	1
qid14067	did3966	1
qid14073	did11728	1
qid14086	did9276	1
qid14095	did11743	1
qid14099	did6120	1
qid14128	did9856	1
qid14148	did11779	1
qid14152	did1489	1
qid14155	did11784	1
qid14159	did11788	1
qid14172	did11797	1
qid14179	did11803	1
qid14192	did3763	1
qid14209	did6553	1
qid14223	did11827	1
qid14224	did11828	1
qid14282	did11875	1
qid14286	did10258	1
qid14310	did11900	1
qid14344	did9796	1
qid14358	did624	1
qid14367	did6730	1
qid14377	did11947	1
qid14392	did11960	1
qid14396	did11962	1
qid14398	did710	1
qid14411	did11973	1
qid14431	did11170	1
qid14444	did11995	1
qid14469	did1454	1
qid14473	did12012	1
qid14499	did12032	1
qid14505	did12035	1
qid14520	did3906	1
qid14529	did12051	1
qid14530	did477	1
qid14537	did12057	1
qid14548	did12066	1
qid14549	did12067	1
qid14554	did12072	1
qid14557	did12074	1
qid14567	did12080	1
qid14573	did12084	1
qid14596	did12100	1
qid14600	did12104	1
qid14602	did5859	1
qid14613	did12113	1
qid14621	did12120	1
qid14623	did12122	1
qid14626	did2733	1
qid14632	did8510	1
qid14653	did12146	1
qid14699	did2839	1
qid14712	did12186	1
qid14713	did432	1
qid14728	did6336	1
qid14737	did12202	1
qid14740	did12205	1
qid14743	did9394	1
qid14758	did127	1
qid14787	did12238	1
qid14805	did12251	1
qid14813	did12258	1
qid14828	did12267	1
qid14871	did1541	1
qid14902	did12312	1
qid14903	did12313	1
qid14911	did790	1
qid14916	did12320	1
qid14932	did12333	1
qid14954	did12349	1
qid14966	did2555	1
qid14974	did12359	1
qid14975	did12360	1
qid14983	did164	1
qid15016	did12389	1
qid15018	did12391	1
qid15027	did12398	1
qid15029	did12400	1
qid15035	did12405	1
qid15037	did12407	1
qid15038	did12408	1
qid15041	did12410	1
qid15043	did12412	1
qid15054	did12423	1
qid15058	did12427	1
qid15064	did12430	1
qid15065	did12431	1
qid15066	did12432	1
qid15081	did2742	1
qid15084	did12444	1
qid15097	did12456	1
qid15102	did12460	1
qid15103	did12461	1
qid15104	did6936	1
qid15121	did12471	1
qid15122	did12472	1
qid15128	did12477	1
qid15136	did787	1
qid15141	did12485	1
qid15145	did12489	1
qid15165	did11759	1
qid15167	did12505	1
qid15180	did12514	1
qid15181	did9858	1
qid15193	did12520	1
qid15207	did7124	1
qid15215	did2804	1
qid15240	did12547	1
qid15241	did3943	1
qid15242	did12548	1
qid15252	did12557	1
qid15255	did12559	1
qid15258	did12562	1
qid15285	did12582	1
qid15301	did12593	1
qid15357	did12631	1
qid15358	did12632	1
qid15361	did4437	1
qid15366	did12637	1
qid15383	did2923	1
qid15409	did12666	1
qid15412	did6798	1
qid15420	did12673	1
qid15429	did12680	1
qid15452	did1888	1
qid15462	did12706	1
qid15468	did7888	1
qid15505	did5755	1
qid15511	did2761	1
qid15532	did12750	1
qid15533	did12751	1
qid15548	did12761	1
qid15556	did12766	1
qid15587	did2149	1
qid15591	did12795	1
qid15602	did12801	1
qid15607	did12804	1
qid15618	did12814	1
qid15623	did12817	1
qid15629	did12820	1
qid15631	did12822	1
qid15635	did374	1
qid15647	did12834	1
qid15649	did11526	1
qid15655	did10952	1
qid15686	did12862	1
qid15689	did12864	1
qid15704	did803	1
qid15721	did12885	1
qid15763	did1601	1
qid15768	did12919	1
qid15775	did12924	1
qid15796	did12939	1
qid15797	did12940	1
qid15805	did12943	1
qid15808	did12945	1
qid15841	did12971	1
qid15845	did5833	1
qid15849	did12974	1
qid15864	did10217	1
qid15878	did12998	1
qid15889	did12830	1
qid15895	did8368	1
qid15905	did4350	1
qid15911	did13020	1
qid15923	did5651	1
qid15926	did11890	1
qid15929	did13033	1
qid15936	did13036	1
qid15939	did7918	1
qid15956	did13051	1
qid15963	did13058	1
qid15987	did8829	1
qid15993	did13079	1
qid15994	did13080	1
qid16000	did13084	1
qid16004	did13086	1
qid16007	did4191	1
qid16010	did13091	1
qid16021	did12884	1
qid16025	did13100	1
qid16052	did13118	1
qid16055	did13121	1
qid16058	did13123	1
qid16063	did13126	1
qid16082	did3472	1
qid16090	did13141	1
qid16096	did13144	1
qid16128	did5336	1
qid16130	did13166	1
qid16146	did13175	1
qid16163	did13189	1
qid16166	did9121	1
qid16181	did1426	1
qid16187	did13205	1
qid16192	did13209	1
qid16214	did13226	1
qid16219	did13230	1
qid16223	did10664	1
qid16247	did6152	1
qid16260	did13262	1
qid16271	did13270	1
qid16280	did13277	1
qid16281	did9977	1
qid16284	did13280	1
qid16285	did13281	1
qid16290	did13283	1
qid16299	did13289	1
qid16318	did13302	1
qid16323	did13307	1
qid16335	did13314	1
qid16342	did3248	1
qid16344	did13320	1
qid16354	did13326	1
qid16355	did9925	1
qid16359	did13329	1
qid16361	did13331	1
qid16382	did6279	1
qid16432	did6061	1
qid16439	did13379	1
qid16465	did13394	1
qid16480	did13404	1
qid16498	did1267	1
qid16514	did13426	1
qid16517	did12844	1
qid16520	did13430	1
qid16525	did5568	1
qid16535	did8954	1
qid16546	did9950	1
qid16552	did13452	1
qid16560	did13459	1
qid16561	did13460	1
qid16563	did13462	1
qid16564	did13463	1
qid16571	did13469	1
qid16588	did2182	1
qid16594	did13482	1
qid16606	did13493	1
qid16609	did13495	1
qid16617	did13500	1
qid16626	did13508	1
qid16630	did13510	1
qid16635	did13515	1
qid16636	did4050	1
qid16645	did13523	1
qid16664	did13536	1
qid16681	did13549	1
qid16684	did13552	1
qid16694	did4725	1
qid16700	did340	1
qid16718	did13578	1
qid16757	did13607	1
qid16759	did13609	1
qid16760	did13610	1
qid16774	did13619	1
qid16781	did13626	1
qid16793	did2005	1
qid16797	did13639	1
qid16801	did569	1
qid16811	did13650	1
qid16815	did13654	1
qid16825	did13662	1
qid16843	did9744	1
qid16844	did2942	1
qid16848	did13678	1
qid16853	did13681	1
qid16872	did8067	1
qid16876	did5081	1
qid16890	did13705	1
qid16900	did5602	1
qid16913	did13721	1
qid16915	did2893	1
qid16925	did5409	1
qid17015	did13797	1
qid17017	did13799	1
qid17019	did13801	1
qid17034	did13814	1
qid17038	did13817	1
qid17042	did5941	1
qid17045	did13821	1
qid17060	did13833	1
qid17061	did13834	1
qid17087	did13858	1
qid17095	did13862	1
qid17100	did13867	1
qid17109	did13874	1
qid17114	did13879	1
qid17123	did13884	1
qid17126	did13887	1
qid17141	did5324	1
qid17144	did1820	1
qid17146	did13900	1
qid17152	did2537	1
qid17169	did13915	1
qid17177	did13921	1
qid17181	did13923	1
qid17185	did1142	1
qid17213	did1640	1
qid17223	did2270	1
qid17241	did13960	1
qid17247	did2666	1
qid17249	did13967	1
qid17255	did13971	1
qid17266	did13979	1
qid17270	did13983	1
qid17272	did13984	1
qid17277	did13987	1
qid17303	did389	1
qid17306	did14006	1
qid17313	did14012	1
qid17347	did234	1
qid17355	did14033	1
qid17365	did3307	1
qid17370	did770	1
qid17379	did4460	1
qid17393	did14058	1
qid17407	did14068	1
qid17412	did1809	1
qid17421	did14077	1
qid17423	did14079	1
qid17429	did14085	1
qid17435	did1031	1
qid17438	did8453	1
qid17449	did14098	1
qid17462	did14109	1
qid17478	did14123	1
qid17502	did14137	1
qid17503	did14138	1
qid17517	did14149	1
qid17519	did9467	1
qid17546	did14168	1
qid17558	did5335	1
qid17560	did14176	1
qid17561	did14177	1
qid17563	did14179	1
qid17571	did5361	1
qid17572	did14186	1
qid17577	did5482	1
qid17600	did14207	1
qid17607	did882	1
qid17615	did1303	1
qid17645	did14234	1
qid17652	did2362	1
qid17658	did4545	1
qid17663	did14245	1
qid17668	did14250	1
qid17679	did14258	1
qid17680	did11108	1
qid17682	did14260	1
qid17685	did14263	1
qid17686	did14264	1
qid17694	did14272	1
qid17704	did14280	1
qid17707	did14283	1
qid17721	did3754	1
qid17724	did8268	1
qid17747	did1063	1
qid17760	did14320	1
qid17761	did14321	1
qid17808	did3754	1
qid17810	did14353	1
qid17824	did14364	1
qid17840	did12909	1
qid17841	did14375	1
qid17852	did14381	1
qid17860	did14389	1
qid17885	did1798	1
qid17909	did9516	1
qid17927	did14441	1
qid17932	did14446	1
qid17959	did14464	1
qid17963	did7455	1
qid17965	did14467	1
qid17988	did14482	1
qid17999	did14491	1
qid18002	did8375	1
qid18013	did14502	1
qid18015	did3047	1
qid18033	did14515	1
qid18058	did14534	1
qid18059	did14535	1
qid18074	did14547	1
qid18076	did1925	1
qid18081	did10717	1
qid18085	did14556	1
qid18090	did11513	1
qid18091	did14560	1
qid18099	did9738	1
qid18101	did14568	1
qid18104	did14570	1
qid18130	did1962	1
qid18143	did14593	1
qid18157	did446	1
qid18159	did14604	1
qid18192	did14629	1
qid18193	did10974	1
qid18195	did14631	1
qid18217	did14644	1
qid18219	did13092	1
qid18220	did14646	1
qid18221	did14647	1
qid18223	did12293	1
qid18228	did14650	1
qid18238	did13613	1
qid18244	did13036	1
qid18259	did3351	1
qid18281	did14684	1
qid18297	did226	1
qid18331	did2038	1
qid18337	did13325	1
qid18362	did14738	1
qid18385	did14759	1
qid18394	did11054	1
qid18401	did14766	1
qid18407	did8611	1
qid18414	did14776	1
qid18453	did1269	1
qid18455	did14806	1
qid18456	did14807	1
qid18463	did14811	1
qid18480	did6380	1
qid18519	did14849	1
qid18523	did14852	1
qid18527	did5312	1
qid18529	did14856	1
qid18535	did14862	1
qid18555	did8373	1
qid18561	did5160	1
qid18576	did8294	1
qid18577	did14887	1
qid18589	did14898	1
qid18619	did14919	1
qid18662	did14949	1
qid18664	did14950	1
qid18680	did5561	1
qid18700	did14976	1
qid18704	did14978	1
qid18712	did7345	1
qid18716	did14987	1
qid18717	did14988	1
qid18725	did2423	1
qid18730	did14998	1
qid18762	did2387	1
qid18765	did15020	1
qid18781	did15032	1
qid18816	did6858	1
qid18822	did15003	1
qid18826	did15060	1
qid18832	did15064	1
qid18855	did15079	1
qid18877	did15095	1
qid18879	did15097	1
qid18891	did15105	1
qid18893	did15107	1
qid18900	did9336	1
qid18902	did15112	1
qid18906	did15116	1
qid18916	did15122	1
qid18918	did15124	1
qid18933	did15136	1
qid18948	did1894	1
qid18953	did988	1
qid18972	did10939	1
qid19009	did7313	1
qid19020	did13010	1
qid19030	did15197	1
qid19033	did15199	1
qid19037	did15203	1
qid19047	did6747	1
qid19061	did15219	1
qid19100	did15244	1
qid19113	did15251	1
qid19122	did15258	1
qid19124	did15259	1
qid19125	did15260	1
qid19127	did15262	1
qid19131	did15264	1
qid19146	did1699	1
qid19163	did15284	1
qid19165	did13081	1
qid19180	did15296	1
qid19214	did15317	1
qid19219	did15321	1
qid19245	did15338	1
qid19290	did15373	1
qid19292	did15375	1
qid19309	did6368	1
qid19313	did15389	1
qid19320	did15395	1
qid19326	did15397	1
qid19328	did15399	1
qid19333	did15403	1
qid19336	did15406	1
qid19341	did15409	1
qid19343	did15410	1
qid19359	did15421	1
qid19363	did15425	1
qid19370	did10548	1
qid19375	did15436	1
qid19379	did15438	1
qid19390	did15444	1
qid19391	did1821	1
qid19396	did7263	1
qid19397	did5645	1
qid19401	did15451	1
qid19405	did1135	1
qid19407	did15455	1
qid19412	did15459	1
qid19416	did2680	1
qid19430	did15472	1
qid19436	did15475	1
qid19441	did15478	1
qid19455	did9000	1
qid19461	did15491	1
qid19477	did15500	1
qid19497	did15515	1
qid19523	did928	1
qid19538	did1126	1
qid19547	did15548	1
qid19569	did15564	1
qid19570	did15565	1
qid19579	did15570	1
qid19596	did14479	1
qid19635	did15609	1
qid19637	did15611	1
qid19638	did15612	1
qid19654	did15623	1
qid19659	did1027	1
qid19660	did15628	1
qid19686	did15646	1
qid19687	did12677	1
qid19714	did6689	1
qid19745	did9185	1
qid19747	did2228	1
qid19749	did15691	1
qid19753	did15695	1
qid19754	did15696	1
qid19757	did15698	1
qid19768	did1678	1
qid19775	did15709	1
qid19780	did15714	1
qid19789	did15722	1
qid19801	did971	1
qid19807	did15737	1
qid19816	did15744	1
qid19819	did15747	1
qid19830	did1063	1
qid19842	did3734	1
qid19850	did15765	1
qid19851	did15766	1
qid19873	did6513	1
qid19885	did15792	1
qid19893	did6312	1
qid19894	did15799	1
qid19920	did15818	1
qid19941	did15836	1
qid19961	did15854	1
qid19979	did15869	1
qid19984	did15873	1
qid19986	did1375	1
qid19997	did15881	1
qid20010	did15892	1
qid20016	did15896	1
qid20041	did15915	1
qid20042	did15916	1
qid20050	did8283	1
qid20052	did15923	1
qid20055	did12548	1
qid20056	did15925	1
qid20067	did3856	1
qid20071	did15935	1
qid20097	did15953	1
qid20102	did4865	1
qid20105	did2453	1
qid20107	did15957	1
qid20111	did15961	1
qid20118	did9249	1
qid20120	did15966	1
qid20121	did14018	1
qid20128	did15971	1
qid20134	did15975	1
qid20137	did15977	1
qid20145	did15982	1
qid20148	did15985	1
qid20154	did7526	1
qid20171	did665	1
qid20177	did16004	1
qid20184	did16009	1
qid20186	did16010	1
qid20201	did16022	1
qid20202	did16023	1
qid20204	did16024	1
qid20212	did9721	1
qid20223	did16034	1
qid20227	did16036	1
qid20233	did16039	1
qid20247	did9697	1
qid20264	did4107	1
qid20273	did16062	1
qid20277	did16065	1
qid20279	did15599	1
qid20296	did16081	1
qid20304	did14394	1
qid20310	did16091	1
qid20326	did3694	1
qid20329	did16102	1
qid20350	did720	1
qid20353	did16120	1
qid20359	did2707	1
qid20373	did16131	1
qid20383	did13908	1
qid20398	did16144	1
qid20400	did16145	1
qid20404	did6423	1
qid20405	did16148	1
qid20419	did16160	1
qid20423	did16164	1
qid20429	did16169	1
qid20438	did16173	1
qid20440	did6882	1
qid20447	did16180	1
qid20450	did10669	1
qid20455	did16186	1
qid20457	did5638	1
qid20460	did16189	1
qid20462	did16191	1
qid20473	did16199	1
qid20481	did4304	1
qid20486	did14464	1
qid20492	did16212	1
qid20511	did16221	1
qid20533	did16236	1
qid20545	did16244	1
qid20547	did16245	1
qid20550	did16248	1
qid20554	did16250	1
qid20568	did16257	1
qid20588	did16270	1
qid20605	did16281	1
qid20645	did12390	1
qid20657	did12762	1
qid20672	did1820	1
qid20682	did16330	1
qid20688	did1364	1
qid20696	did3988	1
qid20707	did16343	1
qid20749	did12868	1
qid20753	did16371	1
qid20778	did16389	1
qid20788	did16396	1
qid20811	did175	1
qid20844	did16435	1
qid20853	did598	1
qid20879	did16457	1
qid20882	did9481	1
qid20883	did16458	1
qid20906	did16474	1
qid20907	did16475	1
qid20917	did12008	1
qid20934	did16495	1
qid20937	did7790	1
qid20939	did16497	1
qid20941	did2382	1
qid20949	did16503	1
qid20952	did16505	1
qid20962	did16510	1
qid20967	did15876	1
qid20979	did16522	1
qid21013	did12303	1
qid21017	did2549	1
qid21037	did278	1
qid21038	did16561	1
qid21043	did16564	1
qid21063	did7361	1
qid21064	did16573	1
qid21071	did16579	1
qid21077	did859	1
qid21113	did2112	1
qid21118	did16607	1
qid21123	did14772	1
qid21124	did6310	1
qid21135	did16614	1
qid21149	did16624	1
qid21160	did14443	1
qid21173	did16639	1
qid21178	did15963	1
qid21180	did16643	1
qid21181	did16644	1
qid21227	did893	1
qid21232	did16675	1
qid21260	did5405	1
qid21278	did16709	1
qid21291	did16717	1
qid21294	did16720	1
qid21322	did1898	1
qid21324	did171	1
qid21342	did16748	1
qid21363	did16761	1
qid21385	did16776	1
qid21395	did11437	1
qid21403	did7838	1
qid21412	did16791	1
qid21441	did16810	1
qid21455	did5867	1
qid21471	did16828	1
qid21498	did16848	1
qid21508	did12604	1
qid21516	did16860	1
qid21528	did16864	1
qid21575	did3910	1
qid21592	did8622	1
qid21607	did16914	1
qid21608	did5324	1
qid21617	did16919	1
qid21620	did16922	1
qid21629	did16930	1
qid21630	did2177	1
qid21637	did4754	1
qid21676	did16963	1
qid21679	did16965	1
qid21693	did54	1
qid21725	did16989	1
qid21727	did16991	1
qid21741	did17001	1
qid21745	did15223	1
qid21752	did3206	1
qid21763	did17019	1
qid21788	did17037	1
qid21790	did828	1
qid21801	did9388	1
qid21811	did16454	1
qid21815	did1834	1
qid21824	did17062	1
qid21857	did17082	1
qid21859	did8927	1
qid21877	did17096	1
qid21885	did4479	1
qid21888	did17102	1
qid21892	did17105	1
qid21901	did17111	1
qid21906	did14575	1
qid21912	did10722	1
qid21914	did6050	1
qid21917	did17121	1
qid21943	did17140	1
qid21955	did17147	1
qid21956	did17148	1
qid21969	did17156	1
qid21973	did3921	1
qid21976	did17161	1
qid21988	did17169	1
qid21994	did17175	1
qid21995	did17176	1
qid22012	did17189	1
qid22017	did17192	1
qid22034	did17206	1
qid22045	did17213	1
qid22104	did17250	1
qid22116	did11766	1
qid22121	did17264	1
qid22124	did17267	1
qid22136	did6861	1
qid22148	did6152	1
qid22173	did17294	1
qid22178	did4007	1
qid22179	did5671	1
qid22205	did16789	1
qid22217	did11220	1
qid22235	did17329	1
qid22239	did17333	1
qid22240	did17334	1
qid22260	did17349	1
qid22262	did17351	1
qid22271	did7822	1
qid22277	did17359	1
qid22283	did17364	1
qid22291	did17370	1
qid22292	did17371	1
qid22295	did17373	1
qid22303	did17380	1
qid22327	did8389	1
qid22330	did1898	1
qid22380	did7612	1
qid22399	did12569	1
qid22407	did17449	1
qid22449	did17480	1
qid22450	did17481	1
qid22456	did17484	1
qid22459	did17486	1
qid22461	did1809	1
qid22472	did17495	1
qid22478	did17499	1
qid22483	did17502	1
qid22489	did13852	1
qid22500	did9394	1
qid22521	did17528	1
qid22528	did16686	1
qid22541	did17542	1
qid22543	did9314	1
qid22545	did17544	1
qid22559	did17551	1
qid22567	did17554	1
qid22573	did17559	1
qid22574	did17560	1
qid22581	did17566	1
qid22583	did17568	1
qid22592	did12792	1
qid22612	did17586	1
qid22613	did5559	1
qid22617	did15959	1
qid22631	did1669	1
qid22694	did17637	1
qid22708	did17646	1
qid22718	did2911	1
qid22753	did17672	1
qid22781	did17688	1
qid22784	did17690	1
qid22785	did17691	1
qid22791	did2518	1
qid22795	did17697	1
qid22805	did5789	1
qid22811	did17708	1
qid22849	did17736	1
qid22851	did17737	1
qid22867	did17257	1
qid22869	did17750	1
qid22881	did6857	1
qid22907	did17776	1
qid22921	did6841	1
qid22962	did17815	1
qid22965	did17818	1
qid22993	did17838	1
qid22997	did847	1
qid23014	did5471	1
qid23025	did17857	1
qid23027	did5817	1
qid23037	did17864	1
qid23038	did11453	1
qid23057	did17879	1
qid23060	did17880	1
qid23092	did17905	1
qid23094	did17906	1
qid23100	did17910	1
qid23110	did17917	1
qid23123	did17925	1
qid23152	did693	1
qid23157	did17949	1
qid23163	did371	1
qid23168	did1341	1
qid23169	did17958	1
qid23186	did17969	1
qid23229	did17995	1
qid23233	did17997	1
qid23243	did18003	1
qid23257	did18015	1
qid23259	did18017	1
qid23264	did18020	1
qid23265	did18021	1
qid23271	did18025	1
qid23279	did18030	1
qid23290	did3017	1
qid23302	did18046	1
qid23307	did18048	1
qid23332	did11384	1
qid23337	did5678	1
qid23338	did18067	1
qid23362	did18081	1
qid23363	did18082	1
qid23377	did18090	1
qid23378	did1678	1
qid23390	did18098	1
qid23396	did18101	1
qid23408	did1658	1
qid23414	did7472	1
qid23421	did18116	1
qid23428	did9817	1
qid23435	did1544	1
qid23436	did18125	1
qid23457	did763	1
qid23466	did18142	1
qid23471	did6096	1
qid23477	did18150	1
qid23502	did18169	1
qid23505	did18172	1
qid23507	did18174	1
qid23532	did13571	1
qid23542	did5869	1
qid23549	did4954	1
qid23564	did18210	1
qid23566	did5447	1
qid23567	did18212	1
qid23595	did3468	1
qid23611	did6803	1
qid23628	did18247	1
qid23636	did18253	1
qid23649	did16111	1
qid23662	did18267	1
qid23668	did18270	1
qid23669	did18271	1
qid23676	did9003	1
qid23677	did18277	1
qid23689	did5705	1
qid23714	did18300	1
qid23729	did18310	1
qid23731	did18312	1
qid23737	did1305	1
qid23742	did18320	1
qid23754	did9361	1
qid23794	did31	1
qid23795	did18354	1
qid23800	did18358	1
qid23806	did15359	1
qid23851	did3057	1
qid23853	did14826	1
qid23855	did18395	1
qid23863	did10449	1
qid23876	did18406	1
qid23889	did18412	1
qid23890	did18413	1
qid23894	did18416	1
qid23909	did18426	1
qid23942	did18450	1
qid23946	did18453	1
qid23948	did18454	1
qid23976	did18474	1
qid23979	did18476	1
qid23980	did7924	1
qid23991	did18484	1
qid23993	did10197	1
qid24003	did8800	1
qid24004	did18491	1
qid24007	did18493	1
qid24028	did18507	1
qid24041	did4598	1
qid24048	did432	1
qid24074	did18319	1
qid24075	did14866	1
qid24080	did4499	1
qid24103	did15807	1
qid24107	did18552	1
qid24114	did18122	1
qid24118	did18559	1
qid24144	did6798	1
qid24145	did18576	1
qid24151	did18579	1
qid24157	did18584	1
qid24174	did18595	1
qid24175	did12195	1
qid24199	did18608	1
qid24218	did18620	1
qid24251	did18643	1
qid24274	did18656	1
qid24279	did18659	1
qid24285	did18663	1
qid24286	did18664	1
qid24297	did8573	1
qid24310	did1045	1
qid24325	did18692	1
qid24326	did569	1
qid24332	did2763	1
qid24339	did18701	1
qid24360	did678	1
qid24361	did18715	1
qid24362	did18716	1
qid24370	did12718	1
qid24379	did18727	1
qid24381	did2300	1
qid24390	did18733	1
qid24403	did18627	1
qid24406	did4471	1
qid24413	did190	1
qid24432	did6730	1
qid24439	did396	1
qid24453	did17108	1
qid24483	did18780	1
qid24501	did5314	1
qid24524	did4821	1
qid24537	did18809	1
qid24539	did4720	1
qid24562	did2108	1
qid24567	did18827	1
qid24579	did18835	1
qid24592	did18843	1
qid24601	did18849	1
qid24613	did18858	1
qid24640	did18876	1
qid24643	did2294	1
qid24644	did8985	1
qid24645	did18879	1
qid24651	did18883	1
qid24666	did6807	1
qid24671	did18898	1
qid24672	did10250	1
qid24673	did5278	1
qid24674	did1644	1
qid24690	did18908	1
qid24699	did18914	1
qid24704	did18918	1
qid24714	did18925	1
qid24715	did4922	1
qid24732	did18936	1
qid24734	did593	1
qid24738	did18939	1
qid24770	did18956	1
qid24771	did1375	1
qid24781	did15104	1
qid24787	did18966	1
qid24792	did14005	1
qid24833	did14006	1
qid24845	did18998	1
qid24848	did19000	1
qid24849	did9087	1
qid24855	did3337	1
qid24860	did19007	1
qid24870	did5270	1
qid24890	did19024	1
qid24897	did19030	1
qid24904	did4362	1
qid24912	did19039	1
qid24920	did19044	1
qid24925	did19048	1
qid24937	did19055	1
qid24946	did1118	1
qid24949	did5889	1
qid24972	did19078	1
qid24975	did9406	1
qid24981	did19084	1
qid25014	did19105	1
qid25015	did19106	1
qid25023	did19113	1
qid25035	did2083	1
qid25040	did1412	1
qid25050	did19129	1
qid25055	did19132	1
qid25057	did4348	1
qid25060	did19134	1
qid25066	did19139	1
qid25086	did4411	1
qid25098	did14593	1
qid25102	did9856	1
qid25112	did19167	1
qid25115	did19169	1
qid25130	did2795	1
qid25132	did19180	1
qid25133	did6311	1
qid25146	did19188	1
qid25161	did10369	1
qid25163	did19200	1
qid25164	did19201	1
qid25183	did19210	1
qid25184	did19211	1
qid25196	did19216	1
qid25202	did19220	1
qid25217	did5582	1
qid25219	did19230	1
qid25234	did19241	1
qid25257	did1894	1
qid25273	did19262	1
qid25276	did19265	1
qid25282	did19270	1
qid25284	did8329	1
qid25296	did19278	1
qid25304	did19283	1
qid25306	did5814	1
qid25307	did19284	1
qid25315	did5561	1
qid25317	did19288	1
qid25323	did19292	1
qid25329	did19298	1
qid25350	did1176	1
qid25365	did19320	1
qid25411	did19349	1
qid25421	did19357	1
qid25435	did19369	1
qid25460	did6443	1
qid25461	did19385	1
qid25471	did19391	1
qid25477	did19396	1
qid25478	did16475	1
qid25481	did19398	1
qid25489	did16310	1
qid25492	did19404	1
qid25502	did8206	1
qid25503	did19412	1
qid25508	did2467	1
qid25542	did19437	1
qid25552	did19444	1
qid25573	did19459	1
qid25579	did10538	1
qid25595	did19470	1
qid25637	did9257	1
qid25653	did19512	1
qid25661	did19516	1
qid25670	did19522	1
qid25673	did19524	1
qid25689	did19533	1
qid25729	did1770	1
qid25732	did11495	1
qid25756	did19571	1
qid25759	did19573	1
qid25769	did19581	1
qid25787	did19594	1
qid25797	did19599	1
qid25798	did19600	1
qid25806	did19605	1
qid25817	did19613	1
qid25822	did4178	1
qid25823	did734	1
qid25829	did19621	1
qid25840	did19627	1
qid25841	did19628	1
qid25856	did19638	1
qid25862	did61	1
qid25863	did13527	1
qid25869	did19644	1
qid25880	did1678	1
qid25881	did19652	1
qid25897	did19661	1
qid25899	did15951	1
qid25930	did18626	1
qid25937	did893	1
qid25941	did19683	1
qid25955	did19689	1
qid25957	did19691	1
qid25963	did16837	1
qid25965	did17991	1
qid26015	did477	1
qid26019	did19729	1
qid26020	did306	1
qid26025	did19732	1
qid26045	did19750	1
qid26048	did3553	1
qid26066	did19762	1
qid26081	did7869	1
qid26090	did15516	1
qid26098	did4202	1
qid26117	did7439	1
qid26136	did19806	1
qid26141	did19809	1
qid26150	did4565	1
qid26154	did19819	1
qid26174	did19834	1
qid26185	did7431	1
qid26188	did19845	1
qid26201	did4443	1
qid26204	did19859	1
qid26209	did19863	1
qid26233	did6052	1
qid26240	did367	1
qid26245	did19883	1
qid26253	did1812	1
qid26255	did13415	1
qid26281	did19909	1
qid26289	did19913	1
qid26294	did19918	1
qid26303	did19924	1
qid26304	did1277	1
qid26306	did12550	1
qid26340	did19333	1
qid26351	did19954	1
qid26358	did18868	1
qid26365	did19963	1
qid26374	did19971	1
qid26381	did12261	1
qid26386	did19977	1
qid26392	did19982	1
qid26397	did19985	1
qid26409	did19992	1
qid26417	did9602	1
qid26432	did10059	1
qid26433	did9260	1
qid26461	did20022	1
qid26465	did20024	1
qid26471	did16735	1
qid26493	did20043	1
qid26497	did20047	1
qid26518	did1785	1
qid26522	did6264	1
qid26523	did20065	1
qid26525	did20067	1
qid26543	did20076	1
qid26545	did17778	1
qid26552	did5711	1
qid26563	did20090	1
qid26580	did20101	1
qid26591	did20108	1
qid26598	did20112	1
qid26605	did20115	1
qid26608	did20117	1
qid26619	did3838	1
qid26633	did14182	1
qid26650	did20142	1
qid26665	did20151	1
qid26670	did20156	1
qid26684	did1022	1
qid26700	did19658	1
qid26704	did20174	1
qid26718	did20182	1
qid26727	did20189	1
qid26744	did20201	1
qid26749	did20204	1
qid26756	did429	1
qid26762	did20211	1
qid26788	did20228	1
qid26793	did3406	1
qid26801	did20236	1
qid26807	did8372	1
qid26809	did20241	1
qid26836	did10293	1
qid26838	did8113	1
qid26842	did20264	1
qid26844	did20265	1
qid26867	did20282	1
qid26872	did20285	1
qid26893	did15080	1
qid26902	did20302	1
qid26908	did20307	1
qid26944	did20329	1
qid26946	did20331	1
qid26952	did20334	1
qid26976	did4829	1
qid26977	did20348	1
qid26993	did20357	1
qid26999	did20362	1
qid27034	did20382	1
qid27036	did20384	1
qid27046	did20391	1
qid27052	did20394	1
qid27063	did436	1
qid27073	did12059	1
qid27090	did20414	1
qid27091	did17057	1
qid27096	did12316	1
qid27121	did10517	1
qid27126	did20433	1
qid27140	did20442	1
qid27142	did3953	1
qid27149	did2488	1
qid27179	did20467	1
qid27181	did7292	1
qid27188	did20473	1
qid27194	did20476	1
qid27195	did20477	1
qid27213	did1451	1
qid27249	did16533	1
qid27252	did20508	1
qid27253	did2722	1
qid27264	did20517	1
qid27274	did20522	1
qid27275	did20523	1
qid27286	did9336	1
qid27289	did20532	1
qid27290	did20533	1
qid27294	did20537	1
qid27301	did20541	1
qid27325	did20560	1
qid27328	did285	1
qid27343	did20571	1
qid27345	did20572	1
qid27355	did20577	1
qid27359	did9939	1
qid27367	did11717	1
qid27372	did6798	1
qid27374	did20591	1
qid27399	did3785	1
qid27453	did8731	1
qid27463	did19238	1
qid27480	did19340	1
qid27484	did1092	1
qid27490	did20655	1
qid27494	did5133	1
qid27500	did20660	1
qid27519	did12126	1
qid27530	did20677	1
qid27549	did9995	1
qid27567	did9323	1
qid27581	did15113	1
qid27586	did20703	1
qid27590	did20707	1
qid27594	did4390	1
qid27629	did20729	1
qid27641	did20736	1
qid27642	did6688	1
qid27646	did20739	1
qid27680	did20758	1
qid27698	did20771	1
qid27700	did4231	1
qid27717	did9169	1
qid27718	did526	1
qid27728	did4399	1
qid27736	did20795	1
qid27741	did368	1
qid27757	did20810	1
qid27768	did20816	1
qid27781	did20823	1
qid27795	did20832	1
qid27803	did18032	1
qid27834	did20853	1
qid27855	did16367	1
qid27863	did3754	1
qid27869	did20873	1
qid27902	did901	1
qid27911	did20892	1
qid27913	did2804	1
qid27920	did6941	1
qid27927	did20899	1
qid27947	did20912	1
qid27954	did20918	1
qid27961	did20923	1
qid27965	did20926	1
qid27986	did12621	1
qid27993	did2556	1
qid27997	did20942	1
qid28006	did20948	1
qid28007	did6969	1
qid28008	did20949	1
qid28023	did6728	1
qid28026	did18951	1
qid28033	did7128	1
qid28053	did13120	1
qid28054	did20977	1
qid28056	did20978	1
qid28076	did10415	1
qid28091	did13600	1
qid28104	did9396	1
qid28107	did8846	1
qid28124	did9204	1
qid28130	did11379	1
qid28134	did21026	1
qid28135	did3040	1
qid28138	did21029	1
qid28141	did11717	1
qid28143	did11955	1
qid28158	did21040	1
qid28165	did5599	1
qid28178	did21052	1
qid28184	did21056	1
qid28187	did21058	1
qid28199	did7085	1
qid28234	did7243	1
qid28236	did31	1
qid28246	did21088	1
qid28250	did21091	1
qid28251	did9087	1
qid28257	did21097	1
qid28260	did21099	1
qid28272	did21106	1
qid28280	did6546	1
qid28281	did21110	1
qid28288	did13519	1
qid28296	did21117	1
qid28308	did3404	1
qid28325	did21135	1
qid28333	did8232	1
qid28335	did21139	1
qid28342	did21142	1
qid28344	did7478	1
qid28355	did1832	1
qid28359	did21151	1
qid28370	did21160	1
qid28371	did21161	1
qid28392	did18239	1
qid28396	did456	1
qid28401	did21178	1
qid28404	did21181	1
qid28410	did13077	1
qid28412	did7006	1
qid28419	did21189	1
qid28423	did7807	1
qid28430	did719	1
qid28433	did15670	1
qid28438	did21199	1
qid28444	did811	1
qid28447	did21203	1
qid28450	did21206	1
qid28453	did21207	1
qid28457	did10992	1
qid28478	did21219	1
qid28479	did21220	1
qid28484	did11072	1
qid28500	did693	1
qid28509	did21238	1
qid28513	did21242	1
qid28522	did11160	1
qid28524	did12808	1
qid28540	did21254	1
qid28569	did3175	1
qid28574	did21268	1
qid28579	did21272	1
qid28581	did10889	1
qid28597	did21284	1
qid28600	did21287	1
qid28603	did21288	1
qid28631	did12225	1
qid28639	did21310	1
qid28641	did9091	1
qid28642	did21312	1
qid28650	did10681	1
qid28653	did607	1
qid28677	did2522	1
qid28701	did21349	1
qid28725	did21364	1
qid28729	did15810	1
qid28751	did21379	1
qid28759	did4121	1
qid28763	did21386	1
qid28777	did285	1
qid28780	did21396	1
qid28787	did1687	1
qid28805	did21413	1
qid28809	did21417	1
qid28814	did21419	1
qid28815	did7091	1
qid28832	did21427	1
qid28838	did21432	1
qid28845	did21438	1
qid28871	did2763	1
qid28880	did21458	1
qid28885	did21461	1
qid28898	did21467	1
qid28909	did20494	1
qid28916	did21480	1
qid28921	did21483	1
qid28924	did21485	1
qid28971	did21514	1
qid28972	did21515	1
qid28983	did21521	1
qid28992	did21528	1
qid29018	did204	1
qid29019	did17092	1
qid29034	did21553	1
qid29052	did21565	1
qid29064	did6692	1
qid29078	did984	1
qid29082	did21574	1
qid29084	did57	1
qid29093	did18184	1
qid29097	did420	1
qid29099	did21582	1
qid29109	did9651	1
qid29116	did16391	1
qid29118	did21591	1
qid29126	did21597	1
qid29134	did21603	1
qid29148	did21613	1
qid29164	did14823	1
qid29167	did7135	1
qid29194	did8925	1
qid29195	did21641	1
qid29207	did21646	1
qid29238	did4858	1
qid29247	did14389	1
qid29250	did21673	1
qid29266	did21683	1
qid29272	did21687	1
qid29275	did21690	1
qid29286	did6632	1
qid29302	did7944	1
qid29318	did2387	1
qid29329	did10536	1
qid29333	did16695	1
qid29354	did3013	1
qid29366	did1242	1
qid29416	did21775	1
qid29440	did21792	1
qid29471	did21813	1
qid29481	did21819	1
qid29482	did814	1
qid29490	did21825	1
qid29491	did21826	1
qid29520	did21843	1
qid29529	did21848	1
qid29566	did21871	1
qid29582	did20708	1
qid29604	did21890	1
qid29682	did21937	1
qid29685	did810	1
qid29694	did21944	1
qid29698	did17685	1
qid29712	did3040	1
qid29716	did7151	1
qid29746	did21974	1
qid29748	did12591	1
qid29751	did21976	1
qid29769	did21988	1
qid29770	did21989	1
qid29771	did7309	1
qid29787	did22000	1
qid29792	did22002	1
qid29803	did22009	1
qid29805	did22011	1
qid29812	did22013	1
qid29833	did22027	1
qid29837	did22029	1
qid29839	did14976	1
qid29848	did22036	1
qid29852	did783	1
qid29858	did4041	1
qid29867	did5941	1
qid29887	did4465	1
qid29891	did5275	1
qid29912	did22068	1
qid29923	did1787	1
qid29940	did19162	1
qid29956	did22097	1
qid29958	did22098	1
qid29971	did22106	1
qid29979	did3404	1
qid29980	did22110	1
qid29987	did22113	1
qid29998	did13565	1
qid30019	did7973	1
qid30039	did22144	1
qid30044	did2509	1
qid30054	did22152	1
qid30060	did22155	1
qid30078	did22166	1
qid30080	did3229	1
qid30082	did22167	1
qid30086	did22169	1
qid30089	did368	1
qid30133	did1416	1
qid30140	did3903	1
qid30157	did19435	1
qid30198	did22234	1
qid30210	did20001	1
qid30220	did1541	1
qid30244	did22261	1
qid30254	did18744	1
qid30258	did10196	1
qid30272	did117	1
qid30277	did22280	1
qid30295	did22292	1
qid30338	did22313	1
qid30340	did11955	1
qid30350	did22322	1
qid30365	did22329	1
qid30390	did22343	1
qid30398	did22347	1
qid30400	did15591	1
qid30412	did5854	1
qid30419	did22360	1
qid30434	did569	1
qid30437	did17150	1
qid30447	did13481	1
qid30448	did13857	1
qid30449	did22376	1
qid30494	did14630	1
qid30499	did9358	1
qid30501	did2740	1
qid30507	did22409	1
qid30512	did12470	1
qid30527	did22418	1
qid30576	did22443	1
qid30595	did22454	1
qid30607	did22463	1
qid30614	did12554	1
qid30618	did12917	1
qid30629	did8735	1
qid30630	did13848	1
qid30643	did22482	1
qid30658	did229	1
qid30659	did2942	1
qid30660	did22492	1
qid30669	did22499	1
qid30677	did22503	1
qid30694	did22516	1
qid30705	did3393	1
qid30719	did22536	1
qid30722	did22538	1
qid30740	did22550	1
qid30748	did22555	1
qid30756	did10998	1
qid30763	did15366	1
qid30772	did17547	1
qid30780	did22571	1
qid30786	did22577	1
qid30792	did22579	1
qid30803	did22586	1
qid30807	did22590	1
qid30808	did22591	1
qid30813	did22594	1
qid30819	did22599	1
qid30834	did22607	1
qid30841	did22611	1
qid30877	did22636	1
qid30880	did20202	1
qid30881	did1142	1
qid30927	did3880	1
qid30953	did22681	1
qid30954	did22682	1
qid30967	did8111	1
qid30987	did3497	1
qid30992	did9896	1
qid30997	did22714	1
qid30999	did22716	1
qid31008	did22723	1
qid31011	did22726	1
qid31014	did11839	1
qid31035	did3362	1
qid31038	did22740	1
qid31047	did22746	1
qid31051	did22747	1
qid31058	did12190	1
qid31067	did21109	1
qid31080	did22758	1
qid31085	did22760	1
qid31094	did37	1
qid31102	did92	1
qid31108	did22039	1
qid31110	did22771	1
qid31111	did22772	1
qid31122	did22779	1
qid31141	did22788	1
qid31148	did16281	1
qid31152	did22796	1
qid31155	did13560	1
qid31168	did22802	1
qid31174	did22806	1
qid31191	did22818	1
qid31213	did13256	1
qid31219	did22833	1
qid31232	did9938	1
qid31234	did22840	1
qid31264	did22858	1
qid31269	did22861	1
qid31282	did22869	1
qid31295	did22876	1
qid31296	did22877	1
qid31303	did22883	1
qid31306	did534	1
qid31320	did17057	1
qid31332	did17650	1
qid31335	did875	1
qid31339	did22895	1
qid31346	did22899	1
qid31348	did13088	1
qid31357	did5927	1
qid31358	did22904	1
qid31374	did22914	1
qid31385	did376	1
qid31392	did22923	1
qid31403	did2816	1
qid31452	did7203	1
qid31471	did1995	1
qid31477	did22966	1
qid31510	did6497	1
qid31515	did15618	1
qid31517	did22987	1
qid31519	did9576	1
qid31524	did22991	1
qid31530	did22994	1
qid31537	did978	1
qid31551	did3448	1
qid31556	did23006	1
qid31559	did5959	1
qid31562	did23010	1
qid31570	did23017	1
qid31589	did23029	1
qid31591	did23030	1
qid31605	did115	1
qid31640	did23059	1
qid31648	did23065	1
qid31659	did23072	1
qid31663	did10924	1
qid31684	did17697	1
qid31690	did16481	1
qid31695	did608	1
qid31697	did2602	1
qid31700	did23093	1
qid31719	did14834	1
qid31744	did23114	1
qid31762	did1820	1
qid31765	did21022	1
qid31782	did23129	1
qid31787	did23132	1
qid31805	did23141	1
qid31811	did12194	1
qid31823	did14992	1
qid31837	did723	1
qid31842	did23159	1
qid31850	did23166	1
qid31851	did23167	1
qid31852	did10020	1
qid31859	did9929	1
qid31866	did23176	1
qid31872	did23177	1
qid31877	did21441	1
qid31881	did12191	1
qid31887	did23186	1
qid31928	did23212	1
qid31931	did18998	1
qid31947	did23221	1
qid31952	did23225	1
qid31963	did23230	1
qid31984	did7242	1
qid31993	did23249	1
qid31997	did23251	1
qid32002	did23254	1
qid32005	did23256	1
qid32018	did23267	1
qid32023	did23270	1
qid32037	did23279	1
qid32043	did23285	1
qid32044	did1711	1
qid32066	did2635	1
qid32070	did23300	1
qid32078	did2754	1
qid32081	did23307	1
qid32094	did23314	1
qid32097	did23315	1
qid32117	did23328	1
qid32127	did8927	1
qid32151	did23348	1
qid32156	did10057	1
qid32166	did22090	1
qid32175	did2680	1
qid32182	did19304	1
qid32184	did23369	1
qid32193	did19300	1
qid32196	did23375	1
qid32224	did7033	1
qid32228	did23397	1
qid32231	did23398	1
qid32239	did4288	1
qid32261	did9838	1
qid32264	did2123	1
qid32289	did23252	1
qid32290	did23428	1
qid32295	did23432	1
qid32297	did23434	1
qid32300	did23437	1
qid32302	did11686	1
qid32317	did3040	1
qid32361	did771	1
qid32382	did23482	1
qid32386	did23485	1
qid32388	did23487	1
qid32390	did23488	1
qid32409	did23498	1
qid32431	did23512	1
qid32434	did23515	1
qid32454	did23528	1
qid32457	did23529	1
qid32479	did336	1
qid32483	did23546	1
qid32487	did23547	1
qid32489	did23549	1
qid32492	did23551	1
qid32510	did23562	1
qid32534	did23577	1
qid32572	did8316	1
qid32579	did23607	1
qid32584	did23610	1
qid32589	did13313	1
qid32592	did2564	1
qid32598	did3109	1
qid32604	did17152	1
qid32611	did23624	1
qid32613	did9915	1
qid32620	did23628	1
qid32635	did23640	1
qid32638	did23642	1
qid32658	did23654	1
qid32680	did10086	1
qid32682	did4720	1
qid32687	did23672	1
qid32713	did3547	1
qid32717	did10441	1
qid32730	did23695	1
qid32732	did19213	1
qid32734	did23697	1
qid32745	did23701	1
qid32747	did23702	1
qid32751	did23704	1
qid32759	did5318	1
qid32762	did18032	1
qid32765	did23714	1
qid32782	did1518	1
qid32811	did23741	1
qid32816	did17679	1
qid32831	did23752	1
qid32835	did1537	1
qid32848	did21587	1
qid32859	did7459	1
qid32865	did23775	1
qid32921	did23803	1
qid32923	did21022	1
qid32924	did7941	1
qid32959	did23822	1
qid32966	did23829	1
qid32969	did10727	1
qid32973	did3167	1
qid32974	did23832	1
qid32993	did18559	1
qid32997	did15403	1
qid33011	did20037	1
qid33013	did11858	1
qid33018	did472	1
qid33031	did9821	1
qid33055	did23875	1
qid33068	did23883	1
qid33071	did22132	1
qid33090	did10980	1
qid33101	did23903	1
qid33104	did1489	1
qid33160	did23940	1
qid33161	did16163	1
qid33174	did9323	1
qid33175	did23949	1
qid33194	did23960	1
qid33195	did23961	1
qid33204	did2717	1
qid33207	did982	1
qid33211	did5646	1
qid33217	did23974	1
qid33230	did23983	1
qid33272	did24012	1
qid33284	did24020	1
qid33285	did615	1
qid33291	did24023	1
qid33293	did14143	1
qid33310	did24031	1
qid33328	did24041	1
qid33330	did5652	1
qid33332	did18172	1
qid33345	did24050	1
qid33346	did24051	1
qid33351	did5307	1
qid33356	did1987	1
qid33380	did5697	1
qid33383	did24070	1
qid33402	did24081	1
qid33407	did4210	1
qid33425	did6935	1
qid33436	did3010	1
qid33446	did24107	1
qid33451	did24112	1
qid33460	did24120	1
qid33467	did24124	1
qid33495	did24134	1
qid33501	did24137	1
qid33507	did1864	1
qid33513	did410	1
qid33525	did10312	1
qid33532	did24153	1
qid33568	did1353	1
qid33571	did9379	1
qid33572	did3243	1
qid33599	did24192	1
qid33600	did10411	1
qid33619	did24202	1
qid33625	did24207	1
qid33629	did24210	1
qid33646	did9956	1
qid33657	did24226	1
qid33660	did24228	1
qid33670	did24235	1
qid33674	did24237	1
qid33683	did7029	1
qid33691	did24248	1
qid33706	did24259	1
qid33709	did24260	1
qid33720	did24268	1
qid33730	did7406	1
qid33735	did3416	1
qid33751	did2027	1
qid33757	did24291	1
qid33762	did215	1
qid33770	did24300	1
qid33774	did4020	1
qid33787	did24310	1
qid33791	did24313	1
qid33815	did24324	1
qid33820	did24328	1
qid33823	did20429	1
qid33829	did11897	1
qid33867	did24357	1
qid33869	did24359	1
qid33886	did24364	1
qid33895	did57	1
qid33916	did24380	1
qid33938	did24395	1
qid33943	did24397	1
qid33944	did24398	1
qid33945	did24399	1
qid33982	did19177	1
qid33990	did24431	1
qid33992	did24433	1
qid34015	did24443	1
qid34031	did24454	1
qid34036	did10625	1
qid34038	did24459	1
qid34040	did249	1
qid34050	did16942	1
qid34058	did1301	1
qid34063	did10126	1
qid34073	did2693	1
qid34085	did9807	1
qid34097	did24492	1
qid34098	did10201	1
qid34101	did20581	1
qid34119	did4829	1
qid34129	did24514	1
qid34132	did31	1
qid34137	did3300	1
qid34196	did8111	1
qid34204	did24557	1
qid34205	did2120	1
qid34217	did24565	1
qid34233	did24579	1
qid34238	did12063	1
qid34240	did24582	1
qid34277	did24602	1
qid34278	did24603	1
qid34299	did24614	1
qid34313	did24623	1
qid34323	did2197	1
qid34334	did19810	1
qid34335	did24634	1
qid34336	did24635	1
qid34340	did24637	1
qid34350	did1780	1
qid34366	did2583	1
qid34380	did20984	1
qid34399	did24666	1
qid34400	did12865	1
qid34404	did24668	1
qid34414	did24675	1
qid34426	did615	1
qid34454	did24695	1
qid34458	did24539	1
qid34465	did24700	1
qid34469	did24704	1
qid34474	did24707	1
qid34481	did8649	1
qid34487	did20353	1
qid34493	did3080	1
qid34498	did9991	1
qid34517	did4695	1
qid34527	did986	1
qid34528	did3766	1
qid34537	did24733	1
qid34539	did396	1
qid34541	did418	1
qid34544	did24735	1
qid34551	did24738	1
qid34553	did13541	1
qid34555	did24739	1
qid34588	did24753	1
qid34599	did24085	1
qid34614	did24765	1
qid34624	did15715	1
qid34628	did3558	1
qid34638	did24780	1
qid34663	did439	1
qid34667	did4820	1
qid34681	did24808	1
qid34686	did24811	1
qid34699	did24822	1
qid34713	did19213	1
qid34721	did1672	1
qid34737	did24845	1
qid34744	did24851	1
qid34762	did24861	1
qid34766	did24864	1
qid34777	did24870	1
qid34783	did24872	1
qid34793	did24876	1
qid34797	did1537	1
qid34801	did24882	1
qid34811	did24887	1
qid34817	did24889	1
qid34818	did24890	1
qid34820	did24892	1
qid34825	did13620	1
qid34839	did569	1
qid34866	did6183	1
qid34873	did24924	1
qid34875	did24925	1
qid34878	did8980	1
qid34901	did24937	1
qid34902	did24938	1
qid34904	did24939	1
qid34906	did24941	1
qid34928	did5808	1
qid34934	did24955	1
qid34942	did24962	1
qid34947	did24966	1
qid34954	did11062	1
qid34975	did24983	1
qid34980	did24986	1
qid34993	did9295	1
qid35006	did25003	1
qid35013	did3428	1
qid35041	did847	1
qid35043	did25021	1
qid35044	did17660	1
qid35055	did21753	1
qid35073	did25034	1
qid35095	did18601	1
qid35102	did25049	1
qid35103	did25050	1
qid35115	did25056	1
qid35124	did11390	1
qid35132	did25068	1
qid35142	did25074	1
qid35148	did1966	1
qid35152	did25080	1
qid35153	did9206	1
qid35159	did12883	1
qid35163	did6728	1
qid35170	did25087	1
qid35177	did25093	1
qid35189	did25100	1
qid35191	did25102	1
qid35196	did25105	1
qid35202	did25109	1
qid35213	did4382	1
qid35215	did14961	1
qid35216	did6586	1
qid35236	did19251	1
qid35238	did25130	1
qid35246	did25134	1
qid35256	did5163	1
qid35264	did11524	1
qid35270	did18398	1
qid35277	did17326	1
qid35282	did25149	1
qid35299	did25158	1
qid35305	did10858	1
qid35308	did20912	1
qid35333	did25171	1
qid35355	did25185	1
qid35362	did25187	1
qid35366	did25190	1
qid35378	did1341	1
qid35384	did25203	1
qid35387	did2809	1
qid35396	did10868	1
qid35422	did5160	1
qid35424	did25167	1
qid35436	did25229	1
qid35448	did988	1
qid35507	did821	1
qid35508	did563	1
qid35525	did4643	1
qid35526	did25280	1
qid35529	did25283	1
qid35545	did10476	1
qid35552	did25297	1
qid35562	did25303	1
qid35573	did25308	1
qid35580	did25313	1
qid35618	did25335	1
qid35620	did2672	1
qid35647	did25349	1
qid35656	did25354	1
qid35663	did25357	1
qid35675	did19367	1
qid35680	did25365	1
qid35690	did25372	1
qid35721	did15989	1
qid35723	did25398	1
qid35730	did25405	1
qid35765	did25426	1
qid35766	did19077	1
qid35773	did14372	1
qid35775	did5833	1
qid35830	did564	1
qid35859	did5258	1
qid35860	did10548	1
qid35863	did25475	1
qid35872	did25480	1
qid35873	did25481	1
qid35875	did25483	1
qid35882	did25488	1
qid35895	did25495	1
qid35899	did2902	1
qid35918	did21133	1
qid35920	did25510	1
qid35928	did5082	1
qid35933	did25516	1
qid35943	did25525	1
qid35946	did25528	1
qid35954	did25531	1
qid35957	did25534	1
qid35962	did7413	1
qid35966	did18186	1
qid35971	did25543	1
qid35987	did25554	1
qid35990	did783	1
qid36011	did11735	1
qid36032	did25572	1
qid36038	did25575	1
qid36039	did327	1
qid36043	did25578	1
qid36062	did25588	1
qid36071	did5847	1
qid36075	did5399	1
qid36079	did25598	1
qid36097	did25607	1
qid36099	did150	1
qid36110	did25614	1
qid36125	did25620	1
qid36141	did25629	1
qid36146	did13138	1
qid36149	did25633	1
qid36164	did7209	1
qid36167	did8071	1
qid36170	did25644	1
qid36179	did1988	1
qid36186	did2978	1
qid36210	did25659	1
qid36220	did8789	1
qid36233	did25670	1
qid36249	did410	1
qid36252	did5089	1
qid36260	did25685	1
qid36267	did8530	1
qid36271	did25690	1
qid36277	did12604	1
qid36288	did2864	1
qid36289	did12666	1
qid36299	did25703	1
qid36301	did23224	1
qid36305	did3437	1
qid36307	did349	1
qid36308	did6803	1
qid36314	did25712	1
qid36338	did21587	1
qid36369	did25747	1
qid36372	did25749	1
qid36376	did15395	1
qid36385	did25753	1
qid36387	did25754	1
qid36405	did25765	1
qid36410	did2389	1
qid36435	did25782	1
qid36439	did17630	1
qid36447	did16541	1
qid36461	did25797	1
qid36464	did477	1
qid36477	did24217	1
qid36488	did25382	1
qid36491	did25814	1
qid36501	did25819	1
qid36542	did25840	1
qid36543	did25841	1
qid36550	did10969	1
qid36553	did25847	1
qid36555	did25848	1
qid36556	did17678	1
qid36558	did25849	1
qid36563	did423	1
qid36569	did13694	1
qid36583	did25863	1
qid36586	did25865	1
qid36594	did3150	1
qid36600	did25873	1
qid36605	did25876	1
qid36611	did21832	1
qid36655	did25902	1
qid36663	did25908	1
qid36666	did1062	1
qid36684	did25915	1
qid36696	did2404	1
qid36698	did25922	1
qid36731	did25941	1
qid36757	did12957	1
qid36758	did25960	1
qid36774	did25969	1
qid36775	did25970	1
qid36781	did25974	1
qid36785	did25977	1
qid36786	did25978	1
qid36799	did23968	1
qid36806	did523	1
qid36814	did25993	1
qid36820	did15076	1
qid36822	did25995	1
qid36826	did25998	1
qid36837	did26003	1
qid36847	did10717	1
qid36862	did26019	1
qid36871	did26025	1
qid36872	did26026	1
qid36879	did26028	1
qid36881	did18515	1
qid36891	did24622	1
qid36894	did26039	1
qid36908	did26048	1
qid36951	did26070	1
qid36967	did4562	1
qid36970	did26079	1
qid36984	did25120	1
qid37002	did26096	1
qid37011	did26099	1
qid37016	did26103	1
qid37029	did26111	1
qid37056	did26131	1
qid37072	did12946	1
qid37073	did26139	1
qid37077	did26143	1
qid37112	did6428	1
qid37136	did26178	1
qid37139	did26181	1
qid37170	did26194	1
qid37198	did26213	1
qid37201	did26215	1
qid37203	did26217	1
qid37206	did26220	1
qid37222	did23094	1
qid37228	did26230	1
qid37232	did26233	1
qid37244	did26243	1
qid37259	did14772	1
qid37272	did5379	1
qid37278	did15041	1
qid37287	did26266	1
qid37317	did5060	1
qid37325	did2254	1
qid37332	did4285	1
qid37340	did1467	1
qid37366	did19354	1
qid37371	did17057	1
qid37393	did14530	1
qid37399	did26316	1
qid37401	did26318	1
qid37406	did26322	1
qid37408	did12605	1
qid37426	did26335	1
qid37428	did26336	1
qid37436	did11901	1
qid37443	did17925	1
qid37480	did26242	1
qid37508	did26377	1
qid37517	did13129	1
qid37530	did26389	1
qid37540	did26397	1
qid37541	did22035	1
qid37547	did26401	1
qid37554	did7569	1
qid37562	did26411	1
qid37571	did26417	1
qid37574	did16548	1
qid37610	did22503	1
qid37657	did26458	1
qid37675	did26469	1
qid37684	did26473	1
qid37687	did4694	1
qid37691	did4	1
qid37700	did26482	1
qid37723	did26493	1
qid37726	did8263	1
qid37740	did8879	1
qid37741	did2004	1
qid37762	did26512	1
qid37786	did9005	1
qid37803	did190	1
qid37805	did1812	1
qid37808	did26535	1
qid37817	did4668	1
qid37820	did26543	1
qid37841	did26552	1
qid37842	did676	1
qid37859	did26566	1
qid37866	did2684	1
qid37899	did10666	1
qid37904	did26593	1
qid37906	did26595	1
qid37915	did26602	1
qid37926	did26607	1
qid37930	did870	1
qid37954	did26621	1
qid37974	did26628	1
qid38001	did26643	1
qid38007	did26648	1
qid38024	did26658	1
qid38030	did3204	1
qid38035	did26666	1
qid38054	did26675	1
qid38089	did26689	1
qid38100	did26695	1
qid38101	did9560	1
qid38115	did26701	1
qid38123	did4152	1
qid38127	did26706	1
qid38148	did1740	1
qid38152	did3058	1
qid38171	did26724	1
qid38176	did26728	1
qid38178	did26729	1
qid38196	did26741	1
qid38232	did18247	1
qid38234	did4746	1
qid38245	did3555	1
qid38249	did26769	1
qid38261	did26775	1
qid38282	did26790	1
qid38283	did1514	1
qid38285	did15397	1
qid38300	did7119	1
qid38302	did26800	1
qid38315	did24584	1
qid38334	did65	1
qid38373	did26843	1
qid38375	did26845	1
qid38378	did26847	1
qid38394	did26856	1
qid38407	did26866	1
qid38408	did14406	1
qid38413	did26868	1
qid38429	did26879	1
qid38440	did2850	1
qid38444	did2778	1
qid38460	did26895	1
qid38464	did26897	1
qid38485	did26912	1
qid38490	did26914	1
qid38496	did4883	1
qid38502	did432	1
qid38537	did26935	1
qid38545	did13221	1
qid38550	did13288	1
qid38563	did5478	1
qid38571	did26950	1
qid38581	did6585	1
qid38590	did26961	1
qid38617	did26975	1
qid38629	did26979	1
qid38633	did26982	1
qid38652	did571	1
qid38668	did27000	1
qid38680	did4268	1
qid38700	did27014	1
qid38710	did27019	1
qid38711	did27020	1
qid38773	did27056	1
qid38782	did5907	1
qid38788	did21240	1
qid38804	did27077	1
qid38806	did4545	1
qid38807	did1055	1
qid38820	did306	1
qid38822	did11583	1
qid38828	did27088	1
qid38850	did27101	1
qid38857	did27105	1
qid38861	did23173	1
qid38877	did19953	1
qid38886	did27119	1
qid38897	did27123	1
qid38900	did27124	1
qid38911	did27132	1
qid38914	did20875	1
qid38915	did27135	1
qid38919	did27137	1
qid38921	did27138	1
qid38927	did4820	1
qid38948	did156	1
qid38953	did27157	1
qid38959	did6049	1
qid38963	did5356	1
qid38964	did11854	1
qid38966	did27165	1
qid38991	did27179	1
qid38997	did27184	1
qid39008	did27190	1
qid39011	did842	1
qid39015	did27194	1
qid39016	did27195	1
qid39020	did207	1
qid39033	did2254	1
qid39035	did8770	1
qid39041	did4754	1
qid39058	did2874	1
qid39061	did27220	1
qid39069	did9660	1
qid39075	did2432	1
qid39097	did1747	1
qid39098	did27237	1
qid39113	did9668	1
qid39114	did3889	1
qid39164	did7924	1
qid39166	did5894	1
qid39167	did8113	1
qid39170	did27278	1
qid39172	did27279	1
qid39175	did10323	1
qid39176	did11005	1
qid39195	did6132	1
qid39212	did4036	1
qid39217	did4568	1
qid39226	did27307	1
qid39227	did27308	1
qid39228	did10755	1
qid39242	did27316	1
qid39245	did27319	1
qid39247	did27320	1
qid39272	did7501	1
qid39277	did27335	1
qid39298	did27347	1
qid39301	did27350	1
qid39322	did27359	1
qid39345	did13386	1
qid39346	did3024	1
qid39350	did27376	1
qid39351	did27377	1
qid39381	did15029	1
qid39415	did20381	1
qid39428	did27416	1
qid39461	did9389	1
qid39463	did7790	1
qid39484	did20225	1
qid39490	did27450	1
qid39508	did17636	1
qid39511	did19174	1
qid39516	did27462	1
qid39527	did2450	1
qid39535	did27469	1
qid39546	did27476	1
qid39563	did7867	1
qid39574	did27493	1
qid39582	did19917	1
qid39589	did27502	1
qid39613	did27516	1
qid39645	did27536	1
qid39657	did11648	1
qid39659	did12380	1
qid39675	did26496	1
qid39678	did27556	1
qid39679	did27557	1
qid39687	did8953	1
qid39700	did19762	1
qid39702	did4622	1
qid39703	did27570	1
qid39711	did4769	1
qid39713	did6966	1
qid39717	did27578	1
qid39722	did27582	1
qid39754	did27599	1
qid39807	did19104	1
qid39812	did11390	1
qid39841	did27636	1
qid39860	did27650	1
qid39863	did2247	1
qid39867	did27654	1
qid39874	did15249	1
qid39876	did27660	1
qid39880	did27663	1
qid39888	did27668	1
qid39894	did27673	1
qid39897	did27674	1
qid39921	did8306	1
qid39930	did27689	1
qid39950	did11827	1
qid39951	did11766	1
qid39954	did27701	1
qid39960	did23787	1
qid39971	did343	1
qid39982	did27711	1
qid39991	did27715	1
qid40018	did21778	1
qid40047	did27748	1
qid40061	did27750	1
qid40066	did7532	1
qid40072	did11409	1
qid40074	did27752	1
qid40082	did27757	1
qid40095	did27765	1
qid40098	did27767	1
qid40102	did27770	1
qid40104	did27771	1
qid40121	did27782	1
qid40122	did6304	1
qid40164	did27801	1
qid40166	did27533	1
qid40171	did5712	1
qid40172	did27805	1
qid40187	did19304	1
qid40199	did1137	1
qid40218	did27829	1
qid40228	did15956	1
qid40245	did25712	1
qid40248	did27841	1
qid40257	did773	1
qid40269	did27853	1
qid40272	did27854	1
qid40277	did27858	1
qid40279	did27860	1
qid40288	did5441	1
qid40290	did8037	1
qid40312	did10282	1
qid40321	did27879	1
qid40338	did27889	1
qid40360	did27902	1
qid40370	did4700	1
qid40386	did27918	1
qid40410	did2090	1
qid40411	did27931	1
qid40413	did27932	1
qid40422	did27937	1
qid40429	did11398	1
qid40431	did4351	1
qid40448	did857	1
qid40456	did27957	1
qid40458	did27909	1
qid40476	did27970	1
qid40490	did27978	1
qid40501	did27983	1
qid40514	did27992	1
qid40524	did24523	1
qid40542	did28007	1
qid40561	did28019	1
qid40565	did28021	1
qid40572	did7956	1
qid40601	did9766	1
qid40610	did28048	1
qid40611	did15120	1
qid40613	did28050	1
qid40628	did28058	1
qid40632	did28060	1
qid40639	did28065	1
qid40652	did28073	1
qid40653	did1174	1
qid40660	did28078	1
qid40662	did28080	1
qid40679	did28089	1
qid40707	did28104	1
qid40728	did28114	1
qid40739	did656	1
qid40746	did24944	1
qid40771	did28136	1
qid40773	did28138	1
qid40778	did14942	1
qid40783	did1809	1
qid40795	did2169	1
qid40809	did28157	1
qid40817	did14316	1
qid40839	did13614	1
qid40842	did28172	1
qid40852	did28176	1
qid40856	did7685	1
qid40859	did2922	1
qid40867	did28185	1
qid40886	did9599	1
qid40887	did28193	1
qid40897	did28199	1
qid40911	did1021	1
qid40913	did11432	1
qid40918	did28208	1
qid40923	did28146	1
qid40936	did28213	1
qid40942	did28218	1
qid40965	did17851	1
qid40967	did2432	1
qid40968	did28232	1
qid40985	did28242	1
qid40993	did28247	1
qid41001	did28252	1
qid41017	did28257	1
qid41018	did28258	1
qid41034	did28266	1
qid41039	did28267	1
qid41042	did12803	1
qid41044	did28271	1
qid41045	did28272	1
qid41049	did3013	1
qid41070	did27154	1
qid41074	did11068	1
qid41094	did8557	1
qid41101	did28296	1
qid41135	did5833	1
qid41136	did28318	1
qid41168	did4411	1
qid41175	did28336	1
qid41200	did23933	1
qid41221	did6158	1
qid41226	did1454	1
qid41242	did14607	1
qid41249	did6659	1
qid41288	did5800	1
qid41297	did28392	1
qid41309	did7605	1
qid41312	did28399	1
qid41329	did6902	1
qid41332	did2829	1
qid41337	did28411	1
qid41361	did835	1
qid41363	did28425	1
qid41366	did28427	1
qid41372	did12221	1
qid41383	did28435	1
qid41389	did28439	1
qid41400	did13564	1
qid41412	did28454	1
qid41421	did3641	1
qid41436	did28463	1
qid41440	did28467	1
qid41447	did28470	1
qid41472	did28482	1
qid41490	did1070	1
qid41506	did2148	1
qid41521	did28502	1
qid41568	did6473	1
qid41571	did28537	1
qid41607	did4285	1
qid41624	did28567	1
qid41644	did28574	1
qid41648	did28578	1
qid41660	did3462	1
qid41671	did18675	1
qid41678	did1096	1
qid41679	did28107	1
qid41690	did28597	1
qid41705	did2177	1
qid41716	did28613	1
qid41727	did40	1
qid41731	did28620	1
qid41735	did3802	1
qid41748	did9734	1
qid41756	did332	1
qid41777	did28643	1
qid41799	did22112	1
qid41823	did28672	1
qid41827	did28674	1
qid41834	did28679	1
qid41841	did28683	1
qid41846	did28688	1
qid41854	did28693	1
qid41859	did28696	1
qid41861	did5806	1
qid41873	did25645	1
qid41879	did28707	1
qid41905	did28719	1
qid41909	did28722	1
qid41912	did28725	1
qid41914	did28727	1
qid41929	did8049	1
qid41932	did28736	1
qid41936	did1245	1
qid41949	did4138	1
qid41950	did3689	1
qid41960	did28744	1
qid41961	did28745	1
qid41963	did28746	1
qid41973	did1184	1
qid41974	did28751	1
qid41976	did28753	1
qid41977	did6166	1
qid41981	did28757	1
qid41987	did1550	1
qid41989	did8765	1
qid42000	did28766	1
qid42003	did27128	1
qid42015	did28708	1
qid42016	did28776	1
qid42031	did13729	1
qid42037	did28788	1
qid42049	did28796	1
qid42051	did28798	1
qid42060	did28801	1
qid42072	did3040	1
qid42090	did2881	1
qid42110	did28827	1
qid42116	did28830	1
qid42118	did28832	1
qid42134	did28839	1
qid42157	did17118	1
qid42159	did6042	1
qid42163	did28852	1
qid42190	did28871	1
qid42196	did28875	1
qid42199	did2140	1
qid42205	did3282	1
qid42210	did28882	1
qid42214	did3651	1
qid42215	did12861	1
qid42219	did28884	1
qid42223	did8715	1
qid42230	did28890	1
qid42237	did4274	1
qid42240	did28896	1
qid42244	did3754	1
qid42246	did28900	1
qid42253	did26454	1
qid42259	did28904	1
qid42272	did28910	1
qid42293	did28917	1
qid42304	did28926	1
qid42337	did2504	1
qid42345	did15341	1
qid42357	did23968	1
qid42372	did1487	1
qid42375	did24230	1
qid42376	did23929	1
qid42413	did8418	1
qid42418	did28983	1
qid42421	did3453	1
qid42428	did20703	1
qid42433	did1388	1
qid42437	did28993	1
qid42444	did6753	1
qid42451	did28998	1
qid42467	did1550	1
qid42474	did29012	1
qid42478	did18867	1
qid42487	did1781	1
qid42493	did11735	1
qid42494	did881	1
qid42495	did29023	1
qid42500	did29026	1
qid42502	did11721	1
qid42511	did20343	1
qid42512	did29032	1
qid42514	did2184	1
qid42520	did78	1
qid42526	did25395	1
qid42541	did29046	1
qid42564	did29058	1
qid42577	did29067	1
qid42579	did29069	1
qid42581	did29071	1
qid42582	did1962	1
qid42583	did29072	1
qid42585	did3611	1
qid42587	did29073	1
qid42592	did1894	1
qid42603	did29078	1
qid42620	did29089	1
qid42622	did598	1
qid42631	did29095	1
qid42639	did29101	1
qid42640	did29102	1
qid42641	did6497	1
qid42648	did29107	1
qid42667	did1751	1
qid42676	did29121	1
qid42680	did14565	1
qid42681	did78	1
qid42683	did7006	1
qid42697	did13005	1
qid42701	did19624	1
qid42705	did4826	1
qid42713	did15962	1
qid42715	did29141	1
qid42726	did29148	1
qid42737	did2573	1
qid42740	did29155	1
qid42744	did29157	1
qid42749	did21250	1
qid42769	did29170	1
qid42777	did29176	1
qid42783	did429	1
qid42793	did17048	1
qid42794	did13151	1
qid42797	did24649	1
qid42800	did29185	1
qid42808	did13170	1
qid42816	did29193	1
qid42820	did29197	1
qid42830	did9373	1
qid42835	did26277	1
qid42842	did29210	1
qid42849	did29215	1
qid42854	did2177	1
qid42870	did29227	1
qid42891	did19813	1
qid42903	did16344	1
qid42910	did29245	1
qid42928	did29256	1
qid42929	did29257	1
qid42937	did29261	1
qid42939	did29262	1
qid42948	did14849	1
qid42954	did17	1
qid42961	did11303	1
qid42962	did21795	1
qid42980	did29280	1
qid42984	did29283	1
qid42993	did29288	1
qid43020	did29304	1
qid43044	did29320	1
qid43053	did29325	1
qid43054	did29326	1
qid43072	did29334	1
qid43075	did29336	1
qid43095	did29348	1
qid43098	did29351	1
qid43100	did29353	1
qid43104	did644	1
qid43129	did29368	1
qid43138	did29372	1
qid43139	did29373	1
qid43143	did29375	1
qid43149	did1584	1
qid43151	did29378	1
qid43159	did7215	1
qid43167	did29383	1
qid43173	did29388	1
qid43175	did29389	1
qid43180	did29392	1
qid43182	did29393	1
qid43212	did29414	1
qid43215	did29416	1
qid43224	did26760	1
qid43244	did29435	1
qid43259	did29444	1
qid43275	did29453	1
qid43279	did516	1
qid43295	did29464	1
qid43305	did9875	1
qid43317	did29476	1
qid43326	did24941	1
qid43329	did29482	1
qid43336	did29309	1
qid43353	did29491	1
qid43359	did8134	1
qid43373	did29501	1
qid43376	did29502	1
qid43378	did29503	1
qid43380	did29504	1
qid43383	did29505	1
qid43393	did29511	1
qid43408	did29520	1
qid43412	did29522	1
qid43420	did26467	1
qid43427	did3045	1
qid43446	did23034	1
qid43476	did13495	1
qid43478	did29558	1
qid43513	did6688	1
qid43533	did8780	1
qid43537	did23296	1
qid43558	did29596	1
qid43574	did29605	1
qid43582	did5482	1
qid43583	did29018	1
qid43594	did29614	1
qid43596	did11271	1
qid43608	did29621	1
qid43628	did29634	1
qid43631	did29635	1
qid43665	did1393	1
qid43668	did29660	1
qid43671	did29663	1
qid43700	did29674	1
qid43709	did29676	1
qid43739	did29689	1
qid43749	did29696	1
qid43788	did29715	1
qid43798	did29720	1
qid43800	did29721	1
qid43811	did29729	1
qid43823	did29736	1
qid43825	did10731	1
qid43834	did12259	1
qid43837	did735	1
qid43838	did29743	1
qid43845	did3921	1
qid43857	did29751	1
qid43880	did29766	1
qid43881	did7199	1
qid43894	did29772	1
qid43896	did29773	1
qid43904	did29776	1
qid43908	did29780	1
qid43924	did29789	1
qid43929	did1118	1
qid43949	did29800	1
qid43957	did19131	1
qid43960	did29804	1
qid43963	did29806	1
qid43966	did29808	1
qid43973	did29812	1
qid43984	did29819	1
qid43993	did9721	1
qid43995	did11509	1
qid44020	did6003	1
qid44049	did29844	1
qid44057	did29850	1
qid44069	did24411	1
qid44079	did29866	1
qid44080	did306	1
qid44096	did29873	1
qid44106	did29877	1
qid44116	did27445	1
qid44120	did29883	1
qid44142	did8844	1
qid44150	did29897	1
qid44153	did14856	1
qid44163	did29901	1
qid44198	did29915	1
qid44216	did29927	1
qid44220	did29929	1
qid44233	did29936	1
qid44234	did956	1
qid44236	did29937	1
qid44250	did29945	1
qid44251	did29946	1
qid44256	did11816	1
qid44265	did29953	1
qid44270	did29956	1
qid44272	did6178	1
qid44278	did29959	1
qid44281	did7290	1
qid44285	did23473	1
qid44297	did11975	1
qid44310	did4814	1
qid44322	did27343	1
qid44325	did29976	1
qid44329	did29979	1
qid44342	did7923	1
qid44362	did29996	1
qid44365	did2169	1
qid44372	did11431	1
qid44394	did1644	1
qid44417	did30023	1
qid44431	did8363	1
qid44441	did30034	1
qid44442	did30035	1
qid44446	did30037	1
qid44470	did21053	1
qid44473	did30049	1
qid44492	did1240	1
qid44495	did30064	1
qid44500	did2913	1
qid44501	did23030	1
qid44511	did23421	1
qid44513	did30072	1
qid44539	did11648	1
qid44542	did30090	1
qid44566	did30104	1
qid44574	did30108	1
qid44581	did23220	1
qid44584	did30115	1
qid44594	did30120	1
qid44595	did30121	1
qid44619	did14249	1
qid44632	did6079	1
qid44635	did30141	1
qid44644	did925	1
qid44657	did23549	1
qid44695	did5445	1
qid44717	did30180	1
qid44731	did16548	1
qid44733	did30189	1
qid44736	did28403	1
qid44743	did30193	1
qid44754	did28861	1
qid44755	did30198	1
qid44763	did30203	1
qid44791	did4609	1
qid44796	did30218	1
qid44808	did13198	1
qid44823	did30230	1
qid44831	did30234	1
qid44865	did30251	1
qid44867	did7142	1
qid44878	did30259	1
qid44883	did30264	1
qid44896	did30269	1
qid44898	did30271	1
qid44910	did30276	1
qid44920	did30279	1
qid44931	did28140	1
qid44941	did2930	1
qid44964	did30302	1
qid44973	did30308	1
qid44978	did28571	1
qid44986	did10244	1
qid45006	did30327	1
qid45009	did1348	1
qid45030	did30337	1
qid45052	did30352	1
qid45055	did4068	1
qid45061	did6868	1
qid45063	did30358	1
qid45100	did1055	1
qid45109	did30381	1
qid45120	did18771	1
qid45122	did6442	1
qid45123	did15820	1
qid45131	did9513	1
qid45141	did30394	1
qid45146	did30398	1
qid45149	did30401	1
qid45161	did30407	1
qid45163	did30129	1
qid45171	did8134	1
qid45176	did30415	1
qid45177	did2281	1
qid45188	did8649	1
qid45214	did30435	1
qid45234	did30444	1
qid45264	did30458	1
qid45267	did30460	1
qid45271	did12113	1
qid45272	did30462	1
qid45281	did18002	1
qid45294	did30472	1
qid45306	did30480	1
qid45309	did30483	1
qid45327	did8103	1
qid45334	did25307	1
qid45356	did12251	1
qid45358	did6700	1
qid45373	did30516	1
qid45376	did30517	1
qid45379	did4996	1
qid45408	did9160	1
qid45411	did30532	1
qid45412	did4484	1
qid45415	did30534	1
qid45422	did30539	1
qid45426	did30542	1
qid45428	did30544	1
qid45448	did30556	1
qid45472	did30566	1
qid45493	did30579	1
qid45494	did30580	1
qid45500	did16178	1
qid45520	did15405	1
qid45532	did4293	1
qid45538	did2090	1
qid45548	did30605	1
qid45553	did30606	1
qid45579	did30625	1
qid45582	did25949	1
qid45592	did30633	1
qid45630	did10737	1
qid45639	did2596	1
qid45646	did14994	1
qid45651	did30668	1
qid45667	did886	1
qid45672	did2973	1
qid45675	did30678	1
qid45680	did30681	1
qid45681	did1898	1
qid45683	did161	1
qid45684	did3063	1
qid45691	did30684	1
qid45743	did30713	1
qid45757	did5859	1
qid45764	did17477	1
qid45778	did21075	1
qid45784	did1640	1
qid45791	did10191	1
qid45797	did30737	1
qid45850	did30767	1
qid45853	did4720	1
qid45862	did11409	1
qid45886	did30782	1
qid45909	did30795	1
qid45912	did30796	1
qid45940	did30808	1
qid45956	did30544	1
qid45958	did10441	1
qid45959	did6892	1
qid45962	did30816	1
qid45963	did7761	1
qid45980	did3554	1
qid45982	did30825	1
qid46011	did24685	1
qid46033	did18219	1
qid46036	did2730	1
qid46044	did17522	1
qid46048	did30853	1
qid46074	did30868	1
qid46081	did15858	1
qid46083	did570	1
qid46090	did30873	1
qid46106	did30883	1
qid46113	did30889	1
qid46114	did12470	1
qid46136	did30901	1
qid46138	did30903	1
qid46146	did30909	1
qid46147	did30910	1
qid46159	did22318	1
qid46163	did30920	1
qid46166	did1703	1
qid46178	did30928	1
qid46183	did30930	1
qid46186	did30933	1
qid46187	did21736	1
qid46190	did30936	1
qid46219	did30948	1
qid46227	did13217	1
qid46245	did30962	1
qid46252	did17375	1
qid46255	did2617	1
qid46279	did30973	1
qid46280	did1615	1
qid46284	did30976	1
qid46290	did919	1
qid46302	did12039	1
qid46311	did30991	1
qid46317	did8752	1
qid46323	did31000	1
qid46332	did4471	1
qid46357	did590	1
qid46358	did31014	1
qid46367	did2276	1
qid46370	did22338	1
qid46383	did31025	1
qid46414	did1848	1
qid46417	did3742	1
qid46422	did31044	1
qid46431	did7209	1
qid46433	did10449	1
qid46442	did31058	1
qid46461	did7233	1
qid46524	did31100	1
qid46542	did15266	1
qid46551	did14439	1
qid46558	did14966	1
qid46564	did1752	1
qid46573	did31124	1
qid46581	did16085	1
qid46593	did31137	1
qid46597	did31140	1
qid46600	did31142	1
qid46602	did31143	1
qid46612	did4827	1
qid46621	did18197	1
qid46629	did13740	1
qid46639	did31165	1
qid46643	did31167	1
qid46648	did31169	1
qid46657	did31173	1
qid46683	did3470	1
qid46688	did256	1
qid46713	did15617	1
qid46745	did31214	1
qid46753	did31217	1
qid46767	did9894	1
qid46792	did8251	1
qid46800	did11445	1
qid46807	did8891	1
qid46823	did18041	1
qid46843	did31266	1
qid46860	did31276	1
qid46865	did31279	1
qid46881	did1524	1
qid46884	did14277	1
qid46888	did847	1
qid46893	did9753	1
qid46895	did31287	1
qid46896	did31288	1
qid46898	did5883	1
qid46899	did31290	1
qid46931	did31311	1
qid46936	did31313	1
qid46949	did14121	1
qid46987	did31337	1
qid46991	did31338	1
qid46997	did7612	1
qid46999	did31343	1
qid47000	did31344	1
qid47009	did2086	1
qid47046	did31372	1
qid47061	did31383	1
qid47062	did31384	1
qid47064	did31386	1
qid47070	did9356	1
qid47074	did31389	1
qid47081	did7127	1
qid47082	did10973	1
qid47122	did7033	1
qid47123	did7212	1
qid47137	did20570	1
qid47142	did31424	1
qid47149	did6319	1
qid47150	did4382	1
qid47152	did31429	1
qid47155	did31431	1
qid47159	did31434	1
qid47169	did17270	1
qid47171	did31438	1
qid47173	did31360	1
qid47229	did42	1
qid47266	did21293	1
qid47269	did26749	1
qid47276	did10009	1
qid47280	did8023	1
qid47281	did3188	1
qid47292	did31494	1
qid47301	did31500	1
qid47304	did31503	1
qid47318	did2608	1
qid47335	did31521	1
qid47350	did31529	1
qid47359	did31533	1
qid47363	did22629	1
qid47364	did31536	1
qid47380	did175	1
qid47385	did31551	1
qid47401	did31559	1
qid47411	did31562	1
qid47414	did31565	1
qid47416	did31566	1
qid47420	did31568	1
qid47423	did3386	1
qid47434	did6061	1
qid47440	did835	1
qid47442	did4007	1
qid47445	did31582	1
qid47453	did31585	1
qid47468	did461	1
qid47470	did19509	1
qid47473	did249	1
qid47479	did4668	1
qid47481	did1794	1
qid47496	did31603	1
qid47508	did7025	1
qid47525	did31615	1
qid47533	did29469	1
qid47553	did4452	1
qid47564	did25732	1
qid47610	did27924	1
qid47612	did31664	1
qid47616	did24722	1
qid47624	did31671	1
qid47630	did306	1
qid47636	did9199	1
qid47644	did31681	1
qid47647	did31683	1
qid47650	did28446	1
qid47657	did31688	1
qid47675	did31695	1
qid47685	did31699	1
qid47701	did1389	1
qid47703	did31709	1
qid47705	did7380	1
qid47711	did3475	1
qid47721	did31718	1
qid47723	did28865	1
qid47728	did31723	1
qid47736	did936	1
qid47742	did21025	1
qid47753	did1422	1
qid47760	did14255	1
qid47775	did31751	1
qid47788	did25121	1
qid47820	did10207	1
qid47838	did31784	1
qid47845	did15577	1
qid47850	did31791	1
qid47851	did31792	1
qid47855	did1575	1
qid47858	did15545	1
qid47864	did29913	1
qid47870	did23049	1
qid47877	did31801	1
qid47886	did6038	1
qid47898	did385	1
qid47912	did20212	1
qid47913	did31814	1
qid47920	did31817	1
qid47921	did31818	1
qid47938	did13061	1
qid47949	did31836	1
qid47964	did139	1
qid47984	did31858	1
qid48003	did29025	1
qid48006	did31871	1
qid48021	did31877	1
qid48026	did31879	1
qid48028	did1898	1
qid48029	did4274	1
qid48032	did31883	1
qid48042	did4519	1
qid48045	did863	1
qid48050	did16237	1
qid48061	did556	1
qid48062	did31902	1
qid48065	did31903	1
qid48081	did7232	1
qid48089	did22895	1
qid48113	did17040	1
qid48129	did216	1
qid48135	did31941	1
qid48142	did6682	1
qid48143	did31944	1
qid48158	did17260	1
qid48166	did10002	1
qid48178	did31963	1
qid48199	did31977	1
qid48203	did31552	1
qid48208	did31983	1
qid48210	did16118	1
qid48213	did31986	1
qid48224	did31992	1
qid48229	did4838	1
qid48233	did28653	1
qid48241	did31999	1
qid48244	did798	1
qid48246	did20256	1
qid48257	did4088	1
qid48262	did32010	1
qid48263	did11011	1
qid48289	did18975	1
qid48298	did32030	1
qid48308	did32037	1
qid48310	did32038	1
qid48336	did32053	1
qid48349	did28159	1
qid48356	did32062	1
qid48372	did1060	1
qid48382	did10864	1
qid48390	did32081	1
qid48415	did2691	1
qid48416	did18388	1
qid48425	did13844	1
qid48426	did32099	1
qid48436	did32102	1
qid48448	did32108	1
qid48459	did32116	1
qid48470	did32122	1
qid48476	did11120	1
qid48492	did32131	1
qid48530	did32147	1
qid48532	did10163	1
qid48535	did11308	1
qid48566	did204	1
qid48567	did32168	1
qid48577	did14741	1
qid48579	did343	1
qid48591	did8387	1
qid48604	did32179	1
qid48616	did32183	1
qid48628	did23781	1
qid48651	did32200	1
qid48657	did32203	1
qid48668	did32210	1
qid48674	did17425	1
qid48679	did32214	1
qid48698	did32221	1
qid48699	did16471	1
qid48725	did1888	1
qid48727	did32235	1
qid48734	did32241	1
qid48751	did9415	1
qid48766	did32257	1
qid48768	did17108	1
qid48772	did32260	1
qid48781	did32266	1
qid48807	did3122	1
qid48815	did281	1
qid48820	did2746	1
qid48835	did32295	1
qid48848	did32300	1
qid48878	did32316	1
qid48888	did32320	1
qid48899	did10516	1
qid48921	did32338	1
qid48963	did13914	1
qid48972	did32361	1
qid48977	did32365	1
qid48984	did32370	1
qid48989	did32373	1
qid48995	did32376	1
qid49001	did26366	1
qid49013	did12593	1
qid49018	did32384	1
qid49029	did32389	1
qid49045	did32400	1
qid49051	did422	1
qid49056	did11170	1
qid49102	did13241	1
qid49116	did6328	1
qid49142	did32446	1
qid49187	did32467	1
qid49204	did453	1
qid49205	did32477	1
qid49227	did14571	1
qid49230	did32494	1
qid49234	did2511	1
qid49235	did32497	1
qid49245	did164	1
qid49251	did32502	1
qid49252	did32209	1
qid49253	did32503	1
qid49257	did32507	1
qid49262	did1864	1
qid49268	did14512	1
qid49273	did15421	1
qid49281	did32513	1
qid49290	did28514	1
qid49302	did21200	1
qid49318	did32529	1
qid49329	did19515	1
qid49346	did32541	1
qid49384	did5133	1
qid49389	did32558	1
qid49394	did1167	1
qid49410	did32567	1
qid49412	did32569	1
qid49421	did12144	1
qid49422	did21629	1
qid49423	did32576	1
qid49426	did32578	1
qid49427	did32579	1
qid49447	did32593	1
qid49455	did3625	1
qid49467	did16851	1
qid49468	did2922	1
qid49477	did24081	1
qid49486	did32610	1
qid49490	did26118	1
qid49492	did13354	1
qid49495	did32613	1
qid49496	did19179	1
qid49505	did10934	1
qid49508	did32615	1
qid49548	did12002	1
qid49554	did7006	1
qid49560	did32633	1
qid49561	did1096	1
qid49575	did3475	1
qid49593	did1172	1
qid49611	did216	1
qid49613	did8016	1
qid49641	did24978	1
qid49679	did4388	1
qid49688	did10336	1
qid49693	did18357	1
qid49694	did32699	1
qid49703	did19917	1
qid49710	did9615	1
qid49715	did32711	1
qid49716	did11924	1
qid49717	did32712	1
qid49750	did32725	1
qid49763	did2804	1
qid49780	did17	1
qid49787	did32738	1
qid49788	did12309	1
qid49795	did13277	1
qid49802	did117	1
qid49828	did16519	1
qid49846	did1111	1
qid49848	did19104	1
qid49854	did6691	1
qid49864	did32775	1
qid49866	did1288	1
qid49870	did32776	1
qid49873	did7225	1
qid49877	did10632	1
qid49881	did32781	1
qid49882	did17850	1
qid49887	did2368	1
qid49904	did5854	1
qid49905	did2004	1
qid49922	did5899	1
qid49941	did9337	1
qid49972	did32826	1
qid49981	did32829	1
qid49984	did32830	1
qid49991	did12862	1
qid49993	did32835	1
qid50004	did32841	1
qid50007	did995	1
qid50028	did7629	1
qid50036	did32850	1
qid50041	did5211	1
qid50051	did22038	1
qid50053	did32858	1
qid50056	did19659	1
qid50062	did32864	1
qid50091	did17913	1
qid50122	did32891	1
qid50128	did32894	1
qid50151	did8434	1
qid50156	did32910	1
qid50160	did5133	1
qid50162	did9391	1
qid50180	did24065	1
qid50181	did32923	1
qid50186	did32926	1
qid50190	did32929	1
qid50191	did15646	1
qid50194	did32931	1
qid50201	did23483	1
qid50215	did1240	1
qid50222	did32945	1
qid50240	did117	1
qid50242	did8808	1
qid50245	did26001	1
qid50246	did32956	1
qid50255	did32959	1
qid50276	did32972	1
qid50280	did28551	1
qid50290	did21533	1
qid50304	did32984	1
qid50312	did32988	1
qid50316	did19179	1
qid50338	did412	1
qid50341	did33004	1
qid50359	did33012	1
qid50380	did33021	1
qid50385	did23521	1
qid50392	did24605	1
qid50408	did14231	1
qid50409	did33037	1
qid50410	did33038	1
qid50416	did33043	1
qid50426	did26273	1
qid50447	did33056	1
qid50472	did20649	1
qid50491	did4191	1
qid50493	did15040	1
qid50500	did3776	1
qid50501	did33084	1
qid50506	did14867	1
qid50531	did33095	1
qid50538	did23039	1
qid50540	did33101	1
qid50551	did12803	1
qid50555	did2651	1
qid50562	did4674	1
qid50574	did33117	1
qid50586	did33122	1
qid50596	did33128	1
qid50599	did33129	1
qid50600	did18448	1
qid50611	did33133	1
qid50617	did1899	1
qid50618	did33137	1
qid50625	did33141	1
qid50626	did33142	1
qid50629	did10554	1
qid50679	did25910	1
qid50682	did11137	1
qid50688	did33174	1
qid50704	did33181	1
qid50706	did17882	1
qid50711	did422	1
qid50718	did33188	1
qid50728	did28048	1
qid50729	did33192	1
qid50733	did33194	1
qid50737	did2965	1
qid50748	did25268	1
qid50763	did33212	1
qid50800	did33230	1
qid50815	did23593	1
qid50837	did10888	1
qid50839	did33246	1
qid50859	did634	1
qid50866	did2456	1
qid50869	did2233	1
qid50877	did11481	1
qid50879	did33266	1
qid50880	did33267	1
qid50889	did1232	1
qid50904	did5329	1
qid50914	did33284	1
qid50915	did18516	1
qid50923	did33289	1
qid50931	did21770	1
qid50934	did33296	1
qid50936	did33297	1
qid50942	did33300	1
qid50961	did33310	1
qid50965	did7885	1
qid50969	did2280	1
qid50979	did6803	1
qid51019	did16137	1
qid51025	did2453	1
qid51043	did33346	1
qid51047	did5167	1
qid51070	did33358	1
qid51078	did926	1
qid51082	did33364	1
qid51089	did28283	1
qid51104	did14655	1
qid51123	did3400	1
qid51125	did33383	1
qid51129	did33387	1
qid51132	did33388	1
qid51169	did33409	1
qid51176	did33413	1
qid51188	did6746	1
qid51201	did33425	1
qid51213	did33433	1
qid51214	did33434	1
qid51216	did33436	1
qid51240	did6811	1
qid51243	did33451	1
qid51245	did33453	1
qid51250	did6393	1
qid51257	did4848	1
qid51262	did3584	1
qid51268	did5941	1
qid51271	did13846	1
qid51286	did33472	1
qid51305	did3988	1
qid51326	did2453	1
qid51331	did33491	1
qid51354	did16665	1
qid51361	did33507	1
qid51372	did9299	1
qid51377	did33515	1
qid51378	did15816	1
qid51393	did3082	1
qid51400	did5899	1
qid51403	did33525	1
qid51411	did18129	1
qid51419	did45	1
qid51420	did33532	1
qid51429	did2676	1
qid51441	did15331	1
qid51445	did33542	1
qid51468	did31552	1
qid51484	did7119	1
qid51485	did33561	1
qid51488	did8675	1
qid51511	did33572	1
qid51523	did33578	1
qid51536	did33585	1
qid51538	did33587	1
qid51555	did33597	1
qid51561	did33600	1
qid51587	did15744	1
qid51592	did33614	1
qid51595	did33616	1
qid51599	did14380	1
qid51611	did33626	1
qid51625	did26383	1
qid51628	did33632	1
qid51630	did33633	1
qid51632	did15126	1
qid51655	did18709	1
qid51657	did973	1
qid51658	did33645	1
qid51684	did11017	1
qid51691	did20540	1
qid51694	did7345	1
qid51697	did33656	1
qid51712	did33667	1
qid51729	did26654	1
qid51735	did15055	1
qid51745	did30992	1
qid51750	did14136	1
qid51775	did33688	1
qid51777	did21763	1
qid51784	did33694	1
qid51800	did27891	1
qid51818	did14194	1
qid51821	did6852	1
qid51823	did33705	1
qid51829	did30817	1
qid51834	did33710	1
qid51836	did30736	1
qid51849	did1942	1
qid51855	did2243	1
qid51881	did7918	1
qid51885	did33739	1
qid51887	did6328	1
qid51903	did17342	1
qid51905	did33743	1
qid51907	did33745	1
qid51915	did28801	1
qid51938	did12226	1
qid51948	did33764	1
qid51949	did9270	1
qid51953	did30801	1
qid51961	did33768	1
qid51962	did33769	1
qid51963	did23818	1
qid51991	did9237	1
qid51995	did3097	1
qid52039	did33804	1
qid52040	did33805	1
qid52042	did33807	1
qid52058	did22401	1
qid52061	did600	1
qid52066	did33820	1
qid52089	did7496	1
qid52090	did33829	1
qid52098	did33835	1
qid52108	did29005	1
qid52110	did33842	1
qid52124	did33849	1
qid52131	did33854	1
qid52135	did235	1
qid52151	did5846	1
qid52167	did33873	1
qid52178	did33881	1
qid52182	did13086	1
qid52189	did33886	1
qid52207	did7210	1
qid52224	did27847	1
qid52239	did33913	1
qid52254	did25165	1
qid52279	did9260	1
qid52296	did23553	1
qid52308	did26521	1
qid52312	did33945	1
qid52314	did1898	1
qid52322	did847	1
qid52327	did1752	1
qid52343	did8122	1
qid52344	did16500	1
qid52376	did33979	1
qid52384	did15381	1
qid52389	did78	1
qid52393	did33989	1
qid52408	did16385	1
qid52413	did16939	1
qid52425	did34009	1
qid52441	did34015	1
qid52446	did34019	1
qid52468	did34029	1
qid52482	did34038	1
qid52484	did28976	1
qid52489	did34041	1
qid52514	did2942	1
qid52516	did7191	1
qid52523	did34059	1
qid52531	did29578	1
qid52540	did20246	1
qid52547	did34071	1
qid52560	did992	1
qid52627	did34112	1
qid52630	did22972	1
qid52639	did19739	1
qid52647	did6194	1
qid52658	did3963	1
qid52667	did34132	1
qid52673	did34135	1
qid52684	did9885	1
qid52727	did34160	1
qid52728	did8278	1
qid52762	did22851	1
qid52774	did34183	1
qid52782	did7070	1
qid52796	did34194	1
qid52824	did34213	1
qid52845	did1963	1
qid52862	did2651	1
qid52871	did7379	1
qid52875	did34234	1
qid52884	did2959	1
qid52937	did19494	1
qid52941	did26718	1
qid52943	did34269	1
qid52972	did28019	1
qid52974	did14878	1
qid52989	did5064	1
qid52990	did27382	1
qid52998	did34289	1
qid53004	did26386	1
qid53012	did34299	1
qid53016	did13735	1
qid53023	did34304	1
qid53028	did34307	1
qid53030	did30740	1
qid53049	did1537	1
qid53057	did9660	1
qid53079	did34337	1
qid53102	did9834	1
qid53104	did3776	1
qid53107	did34352	1
qid53112	did34355	1
qid53135	did34363	1
qid53144	did34367	1
qid53149	did34369	1
qid53150	did943	1
qid53181	did34384	1
qid53189	did14844	1
qid53200	did2379	1
qid53201	did29124	1
qid53209	did34400	1
qid53212	did34402	1
qid53213	did10336	1
qid53229	did34406	1
qid53233	did6964	1
qid53239	did34413	1
qid53270	did34426	1
qid53286	did34433	1
qid53313	did12389	1
qid53330	did32512	1
qid53334	did34449	1
qid53342	did34453	1
qid53348	did7914	1
qid53372	did34466	1
qid53378	did22770	1
qid53379	did34471	1
qid53383	did34475	1
qid53386	did18195	1
qid53391	did34479	1
qid53393	did6375	1
qid53409	did477	1
qid53428	did13395	1
qid53432	did34504	1
qid53449	did34451	1
qid53475	did34517	1
qid53482	did17619	1
qid53483	did3269	1
qid53484	did34521	1
qid53488	did34524	1
qid53500	did34531	1
qid53536	did16457	1
qid53541	did34551	1
qid53543	did34553	1
qid53549	did34556	1
qid53555	did29828	1
qid53558	did21100	1
qid53565	did34564	1
qid53568	did6091	1
qid53615	did11926	1
qid53617	did34587	1
qid53628	did34594	1
qid53632	did34595	1
qid53643	did34600	1
qid53647	did24013	1
qid53650	did3477	1
qid53654	did16333	1
qid53688	did34624	1
qid53696	did34630	1
qid53702	did3863	1
qid53721	did28992	1
qid53738	did20343	1
qid53748	did34650	1
qid53753	did34652	1
qid53773	did10288	1
qid53779	did15226	1
qid53797	did34671	1
qid53818	did34685	1
qid53833	did34696	1
qid53841	did34702	1
qid53860	did34707	1
qid53863	did34709	1
qid53870	did34713	1
qid53879	did343	1
qid53885	did34721	1
qid53888	did16982	1
qid53901	did34729	1
qid53910	did3242	1
qid53914	did34736	1
qid53921	did34739	1
qid53935	did4496	1
qid53947	did354	1
qid53949	did34750	1
qid53953	did34752	1
qid53954	did34753	1
qid53961	did34757	1
qid53964	did34759	1
qid53966	did34761	1
qid53975	did22051	1
qid53994	did34775	1
qid54004	did573	1
qid54012	did11910	1
qid54015	did34787	1
qid54035	did34797	1
qid54039	did34799	1
qid54047	did34802	1
qid54062	did34809	1
qid54070	did34815	1
qid54085	did34822	1
qid54093	did34826	1
qid54095	did34827	1
qid54099	did34829	1
qid54100	did17543	1
qid54103	did34832	1
qid54112	did3785	1
qid54114	did34838	1
qid54126	did34846	1
qid54128	did3988	1
qid54138	did11680	1
qid54143	did34856	1
qid54163	did34865	1
qid54207	did34886	1
qid54213	did34889	1
qid54218	did34893	1
qid54227	did34898	1
qid54236	did29691	1
qid54246	did34908	1
qid54254	did15557	1
qid54256	did34913	1
qid54274	did3409	1
qid54296	did10381	1
qid54309	did34940	1
qid54312	did4484	1
qid54327	did18958	1
qid54335	did18416	1
qid54338	did3109	1
qid54368	did34973	1
qid54378	did4512	1
qid54398	did23932	1
qid54400	did3761	1
qid54414	did34990	1
qid54415	did29995	1
qid54426	did34993	1
qid54443	did2605	1
qid54457	did35005	1
qid54464	did35008	1
qid54465	did35009	1
qid54479	did35017	1
qid54482	did35019	1
qid54497	did3075	1
qid54527	did3747	1
qid54539	did33557	1
qid54545	did4769	1
qid54554	did23786	1
qid54559	did4188	1
qid54571	did35053	1
qid54574	did31580	1
qid54602	did35068	1
qid54608	did35072	1
qid54616	did13172	1
qid54636	did14849	1
qid54644	did35091	1
qid54652	did35096	1
qid54655	did30614	1
qid54665	did24035	1
qid54672	did20405	1
qid54674	did1544	1
qid54682	did35108	1
qid54705	did35120	1
qid54739	did12430	1
qid54759	did35145	1
qid54760	did35146	1
qid54768	did11561	1
qid54774	did22059	1
qid54777	did35152	1
qid54793	did1480	1
qid54801	did35164	1
qid54804	did35165	1
qid54806	did9340	1
qid54808	did35166	1
qid54823	did35174	1
qid54825	did4152	1
qid54836	did9088	1
qid54872	did18569	1
qid54877	did420	1
qid54880	did35204	1
qid54888	did35208	1
qid54928	did12425	1
qid54956	did35242	1
qid54969	did35248	1
qid54974	did10867	1
qid54983	did27170	1
qid54989	did35253	1
qid54996	did35257	1
qid54998	did35258	1
qid55006	did11737	1
qid55026	did35270	1
qid55040	did35278	1
qid55046	did35280	1
qid55049	did24048	1
qid55051	did35283	1
qid55076	did23798	1
qid55079	did1669	1
qid55081	did1530	1
qid55082	did75	1
qid55086	did13625	1
qid55103	did19096	1
qid55106	did35305	1
qid55123	did10218	1
qid55129	did15266	1
qid55147	did2985	1
qid55148	did35324	1
qid55158	did8754	1
qid55188	did35340	1
qid55193	did15707	1
qid55202	did35350	1
qid55204	did35351	1
qid55211	did35356	1
qid55219	did11748	1
qid55224	did35362	1
qid55230	did35366	1
qid55231	did35367	1
qid55239	did30446	1
qid55245	did18122	1
qid55255	did16628	1
qid55257	did35377	1
qid55261	did4100	1
qid55302	did35402	1
qid55311	did35405	1
qid55316	did35408	1
qid55322	did35412	1
qid55323	did15591	1
qid55335	did27904	1
qid55342	did35423	1
qid55382	did10514	1
qid55398	did569	1
qid55399	did7652	1
qid55401	did14994	1
qid55410	did35453	1
qid55437	did3823	1
qid55444	did35472	1
qid55445	did35473	1
qid55458	did28186	1
qid55476	did35484	1
qid55483	did35489	1
qid55486	did35491	1
qid55491	did26213	1
qid55497	did32269	1
qid55506	did21761	1
qid55515	did27170	1
qid55521	did35507	1
qid55549	did35520	1
qid55553	did7407	1
qid55555	did35523	1
qid55578	did740	1
qid55582	did35534	1
qid55584	did35535	1
qid55588	did35536	1
qid55602	did35544	1
qid55607	did35545	1
qid55631	did35559	1
qid55660	did10039	1
qid55685	did644	1
qid55687	did35583	1
qid55695	did14983	1
qid55696	did35587	1
qid55697	did8034	1
qid55698	did21438	1
qid55713	did7910	1
qid55718	did35599	1
qid55722	did11561	1
qid55730	did35605	1
qid55731	did35606	1
qid55734	did5057	1
qid55737	did35610	1
qid55746	did9766	1
qid55751	did35617	1
qid55752	did12684	1
qid55759	did900	1
qid55762	did35624	1
qid55786	did25844	1
qid55787	did3287	1
qid55800	did26404	1
qid55813	did35644	1
qid55823	did8373	1
qid55828	did22051	1
qid55863	did6050	1
qid55865	did35668	1
qid55881	did902	1
qid55892	did35687	1
qid55921	did35700	1
qid55926	did35702	1
qid55932	did35706	1
qid55941	did35710	1
qid55968	did7312	1
qid55972	did6737	1
qid55973	did35722	1
qid55979	did35725	1
qid55985	did35729	1
qid55987	did35731	1
qid55998	did35737	1
qid56004	did992	1
qid56006	did35742	1
qid56022	did13876	1
qid56023	did35754	1
qid56035	did16461	1
qid56042	did35763	1
qid56046	did3040	1
qid56071	did35775	1
qid56074	did18095	1
qid56091	did35779	1
qid56121	did35796	1
qid56124	did35798	1
qid56133	did35804	1
qid56147	did35812	1
qid56150	did35813	1
qid56158	did943	1
qid56161	did35817	1
qid56162	did35818	1
qid56189	did4672	1
qid56191	did35827	1
qid56199	did35483	1
qid56204	did34735	1
qid56207	did35831	1
qid56212	did22017	1
qid56214	did1412	1
qid56229	did35844	1
qid56234	did5471	1
qid56249	did4625	1
qid56251	did35854	1
qid56262	did35858	1
qid56270	did6076	1
qid56283	did6910	1
qid56288	did1721	1
qid56298	did34994	1
qid56312	did35883	1
qid56314	did30773	1
qid56328	did13043	1
qid56334	did35891	1
qid56340	did12945	1
qid56350	did1669	1
qid56366	did13571	1
qid56378	did35908	1
qid56386	did531	1
qid56396	did1151	1
qid56405	did35922	1
qid56406	did35923	1
qid56420	did35931	1
qid56429	did35936	1
qid56430	did859	1
qid56445	did35944	1
qid56459	did13096	1
qid56461	did11890	1
qid56463	did35951	1
qid56475	did35958	1
qid56477	did22665	1
qid56478	did35959	1
qid56485	did35962	1
qid56492	did35966	1
qid56503	did77	1
qid56508	did35973	1
qid56520	did35979	1
qid56527	did19348	1
qid56544	did35988	1
qid56556	did35995	1
qid56560	did35998	1
qid56576	did17047	1
qid56596	did36014	1
qid56600	did36016	1
qid56601	did3823	1
qid56618	did32514	1
qid56652	did36043	1
qid56663	did36051	1
qid56670	did36055	1
qid56685	did36061	1
qid56690	did36066	1
qid56718	did26629	1
qid56721	did36079	1
qid56738	did28048	1
qid56739	did36092	1
qid56742	did2432	1
qid56749	did36099	1
qid56756	did36102	1
qid56767	did20233	1
qid56770	did36106	1
qid56778	did5513	1
qid56789	did34484	1
qid56800	did15961	1
qid56823	did36130	1
qid56830	did16477	1
qid56835	did36134	1
qid56843	did21300	1
qid56863	did36148	1
qid56867	did36152	1
qid56877	did9106	1
qid56884	did17341	1
qid56906	did11553	1
qid56909	did36172	1
qid56930	did10521	1
qid56932	did2348	1
qid56943	did32598	1
qid56954	did617	1
qid56959	did36194	1
qid56964	did36197	1
qid56969	did32698	1
qid56973	did28741	1
qid56977	did22	1
qid56987	did8501	1
qid56988	did139	1
qid56993	did36209	1
qid57006	did3542	1
qid57009	did36216	1
qid57015	did7199	1
qid57016	did1651	1
qid57030	did7613	1
qid57031	did36225	1
qid57033	did36227	1
qid57037	did3573	1
qid57038	did36228	1
qid57041	did36230	1
qid57047	did36235	1
qid57048	did36236	1
qid57060	did36241	1
qid57066	did36246	1
qid57086	did4461	1
qid57089	did32513	1
qid57116	did10457	1
qid57121	did29909	1
qid57123	did36275	1
qid57128	did36279	1
qid57132	did36282	1
qid57137	did36285	1
qid57138	did36286	1
qid57139	did36287	1
qid57153	did36296	1
qid57157	did30034	1
qid57160	did36300	1
qid57172	did36305	1
qid57182	did4980	1
qid57183	did36310	1
qid57193	did16726	1
qid57202	did793	1
qid57219	did36326	1
qid57235	did24658	1
qid57238	did2850	1
qid57243	did36339	1
qid57259	did36348	1
qid57261	did36349	1
qid57262	did36350	1
qid57272	did13223	1
qid57307	did36371	1
qid57316	did36376	1
qid57322	did36378	1
qid57382	did5477	1
qid57383	did36415	1
qid57384	did36416	1
qid57391	did17262	1
qid57398	did32100	1
qid57403	did36422	1
qid57406	did1582	1
qid57423	did14355	1
qid57427	did2600	1
qid57436	did36438	1
qid57440	did5480	1
qid57443	did23344	1
qid57455	did9989	1
qid57457	did2028	1
qid57464	did36450	1
qid57467	did36452	1
qid57469	did36453	1
qid57478	did22770	1
qid57496	did36468	1
qid57503	did36472	1
qid57538	did36488	1
qid57542	did16800	1
qid57548	did9237	1
qid57554	did10141	1
qid57555	did23856	1
qid57562	did11710	1
qid57567	did36499	1
qid57568	did11718	1
qid57591	did8927	1
qid57593	did36511	1
qid57616	did13709	1
qid57617	did15063	1
qid57648	did24622	1
qid57657	did1430	1
qid57669	did36549	1
qid57673	did510	1
qid57705	did1163	1
qid57711	did14274	1
qid57717	did36576	1
qid57738	did2434	1
qid57741	did36588	1
qid57755	did36595	1
qid57770	did36604	1
qid57793	did3651	1
qid57795	did36619	1
qid57798	did36621	1
qid57818	did36630	1
qid57825	did23452	1
qid57834	did36638	1
qid57839	did26650	1
qid57851	did36647	1
qid57852	did36648	1
qid57860	did36653	1
qid57862	did814	1
qid57865	did18923	1
qid57867	did36656	1
qid57873	did36658	1
qid57878	did36662	1
qid57880	did36664	1
qid57881	did1142	1
qid57888	did16033	1
qid57895	did29726	1
qid57904	did36676	1
qid57933	did36687	1
qid57937	did36689	1
qid57944	did36692	1
qid57946	did36693	1
qid57951	did36696	1
qid57968	did36705	1
qid57973	did29006	1
qid57975	did36710	1
qid57987	did36719	1
qid57989	did34033	1
qid57998	did36725	1
qid58004	did36728	1
qid58011	did1422	1
qid58033	did13636	1
qid58044	did36752	1
qid58046	did24628	1
qid58047	did22424	1
qid58055	did36757	1
qid58073	did36768	1
qid58076	did19656	1
qid58082	did36771	1
qid58087	did36773	1
qid58095	did36779	1
qid58098	did6671	1
qid58123	did22855	1
qid58131	did11170	1
qid58133	did8184	1
qid58147	did36801	1
qid58156	did2110	1
qid58160	did36810	1
qid58170	did36815	1
qid58177	did1770	1
qid58179	did6929	1
qid58182	did10909	1
qid58187	did36822	1
qid58198	did36827	1
qid58227	did26615	1
qid58229	did4616	1
qid58241	did36846	1
qid58242	did7305	1
qid58243	did14546	1
qid58250	did5261	1
qid58271	did5328	1
qid58277	did36859	1
qid58290	did14355	1
qid58292	did6251	1
qid58298	did36867	1
qid58311	did36874	1
qid58314	did723	1
qid58321	did4256	1
qid58324	did2614	1
qid58334	did5734	1
qid58339	did36887	1
qid58366	did2039	1
qid58432	did36926	1
qid58437	did36927	1
qid58443	did5114	1
qid58445	did20882	1
qid58449	did36931	1
qid58453	did36934	1
qid58454	did10868	1
qid58477	did28906	1
qid58478	did36949	1
qid58501	did4663	1
qid58504	did36961	1
qid58523	did30100	1
qid58526	did36972	1
qid58545	did180	1
qid58548	did36978	1
qid58554	did14912	1
qid58567	did36986	1
qid58577	did36992	1
qid58585	did36997	1
qid58586	did36998	1
qid58590	did31254	1
qid58600	did36885	1
qid58622	did2651	1
qid58633	did9620	1
qid58636	did37019	1
qid58644	did1819	1
qid58657	did37024	1
qid58668	did4034	1
qid58669	did10270	1
qid58673	did37031	1
qid58674	did37032	1
qid58685	did36563	1
qid58692	did27228	1
qid58713	did3479	1
qid58715	did5652	1
qid58717	did36266	1
qid58719	did326	1
qid58722	did37046	1
qid58780	did37072	1
qid58792	did2429	1
qid58796	did37080	1
qid58802	did37082	1
qid58805	did420	1
qid58811	did1975	1
qid58814	did3847	1
qid58819	did21080	1
qid58845	did37098	1
qid58846	did1800	1
qid58866	did13091	1
qid58881	did27359	1
qid58889	did17650	1
qid58901	did37127	1
qid58905	did37130	1
qid58929	did3063	1
qid58937	did21747	1
qid58939	did26180	1
qid58946	did21104	1
qid58947	did37151	1
qid58951	did4245	1
qid58970	did37160	1
qid58984	did37166	1
qid59007	did37176	1
qid59008	did17628	1
qid59009	did37177	1
qid59016	did9801	1
qid59028	did8013	1
qid59047	did687	1
qid59048	did37196	1
qid59060	did244	1
qid59066	did2717	1
qid59097	did37215	1
qid59101	did20224	1
qid59103	did37218	1
qid59104	did37219	1
qid59115	did37225	1
qid59116	did3778	1
qid59131	did3896	1
qid59150	did14395	1
qid59156	did37244	1
qid59180	did37254	1
qid59184	did1781	1
qid59189	did2352	1
qid59197	did21870	1
qid59199	did37261	1
qid59206	did36659	1
qid59216	did37268	1
qid59218	did28584	1
qid59236	did24003	1
qid59258	did37282	1
qid59282	did6096	1
qid59283	did37294	1
qid59292	did3985	1
qid59307	did22306	1
qid59317	did37312	1
qid59338	did37322	1
qid59348	did30168	1
qid59362	did37337	1
qid59379	did37348	1
qid59381	did37350	1
qid59387	did5043	1
qid59389	did15164	1
qid59393	did37354	1
qid59414	did37367	1
qid59420	did37369	1
qid59421	did37370	1
qid59423	did27034	1
qid59426	did37371	1
qid59435	did37378	1
qid59468	did21529	1
qid59470	did37396	1
qid59487	did8533	1
qid59489	did13240	1
qid59524	did37422	1
qid59527	did30386	1
qid59528	did6333	1
qid59548	did32901	1
qid59557	did21330	1
qid59563	did37442	1
qid59573	did5786	1
qid59577	did3097	1
qid59578	did37449	1
qid59614	did12997	1
qid59621	did37469	1
qid59628	did2881	1
qid59632	did37476	1
qid59635	did37478	1
qid59638	did12633	1
qid59641	did9747	1
qid59651	did37487	1
qid59659	did11311	1
qid59663	did9434	1
qid59668	did27113	1
qid59680	did37498	1
qid59686	did24563	1
qid59717	did13990	1
qid59729	did37526	1
qid59744	did26877	1
qid59750	did7326	1
qid59760	did17314	1
qid59763	did29891	1
qid59764	did2406	1
qid59773	did21257	1
qid59779	did3842	1
qid59792	did37557	1
qid59793	did4802	1
qid59796	did37558	1
qid59814	did1645	1
qid59815	did16996	1
qid59826	did1497	1
qid59827	did12291	1
qid59833	did37574	1
qid59837	did37577	1
qid59840	did37578	1
qid59855	did11751	1
qid59863	did37591	1
qid59866	did1914	1
qid59875	did37593	1
qid59876	did22804	1
qid59882	did37597	1
qid59883	did37598	1
qid59891	did6096	1
qid59912	did37611	1
qid59927	did228	1
qid59942	did37624	1
qid59952	did37630	1
qid59958	did9455	1
qid59983	did10135	1
qid59989	did37647	1
qid59997	did21017	1
qid60018	did15947	1
qid60040	did37669	1
qid60049	did2804	1
qid60051	did37672	1
qid60053	did37673	1
qid60065	did37680	1
qid60067	did4773	1
qid60085	did37689	1
qid60095	did15733	1
qid60106	did37697	1
qid60122	did37706	1
qid60126	did37709	1
qid60143	did37715	1
qid60161	did1451	1
qid60166	did37724	1
qid60178	did3963	1
qid60197	did37735	1
qid60222	did37752	1
qid60223	did1182	1
qid60228	did13402	1
qid60232	did1638	1
qid60249	did37761	1
qid60257	did7151	1
qid60269	did37770	1
qid60276	did31510	1
qid60277	did37773	1
qid60279	did10077	1
qid60283	did37776	1
qid60295	did37783	1
qid60298	did8387	1
qid60309	did34125	1
qid60319	did37793	1
qid60335	did37803	1
qid60350	did37812	1
qid60356	did9817	1
qid60357	did37814	1
qid60359	did20944	1
qid60391	did17517	1
qid60401	did27418	1
qid60403	did18765	1
qid60427	did37844	1
qid60465	did23312	1
qid60472	did37872	1
qid60481	did37877	1
qid60490	did8103	1
qid60492	did12933	1
qid60499	did3185	1
qid60500	did6003	1
qid60517	did29561	1
qid60522	did37893	1
qid60529	did37898	1
qid60532	did37900	1
qid60571	did1489	1
qid60590	did14977	1
qid60599	did37927	1
qid60609	did25230	1
qid60632	did37944	1
qid60640	did37946	1
qid60660	did33290	1
qid60680	did37962	1
qid60696	did8793	1
qid60747	did820	1
qid60758	did38001	1
qid60774	did2431	1
qid60778	did8453	1
qid60805	did1451	1
qid60814	did30543	1
qid60825	did463	1
qid60855	did38047	1
qid60877	did30010	1
qid60897	did23454	1
qid60910	did38072	1
qid60958	did38098	1
qid60966	did38103	1
qid60982	did9244	1
qid60987	did954	1
qid60989	did38109	1
qid60991	did11881	1
qid60994	did38111	1
qid61003	did38116	1
qid61010	did32526	1
qid61017	did38121	1
qid61025	did38123	1
qid61033	did38126	1
qid61039	did38130	1
qid61061	did31521	1
qid61066	did14768	1
qid61070	did30344	1
qid61077	did37753	1
qid61088	did38146	1
qid61091	did2387	1
qid61100	did3021	1
qid61104	did14803	1
qid61111	did38156	1
qid61116	did38160	1
qid61162	did5138	1
qid61186	did6745	1
qid61195	did38193	1
qid61211	did560	1
qid61229	did38209	1
qid61232	did38211	1
qid61234	did38212	1
qid61293	did38246	1
qid61294	did9276	1
qid61303	did31103	1
qid61307	did38255	1
qid61311	did23039	1
qid61325	did11773	1
qid61329	did30900	1
qid61333	did38268	1
qid61341	did429	1
qid61346	did11105	1
qid61361	did13644	1
qid61366	did38283	1
qid61375	did38287	1
qid61381	did38291	1
qid61398	did38298	1
qid61399	did38299	1
qid61412	did4374	1
qid61435	did2308	1
qid61446	did22306	1
qid61448	did9936	1
qid61454	did12390	1
qid61456	did38327	1
qid61464	did1142	1
qid61478	did38335	1
qid61502	did11388	1
qid61520	did38353	1
qid61528	did1898	1
qid61535	did423	1
qid61539	did27803	1
qid61540	did38363	1
qid61553	did38371	1
qid61565	did3136	1
qid61566	did38376	1
qid61575	did12038	1
qid61583	did15826	1
qid61587	did38383	1
qid61590	did11170	1
qid61600	did38389	1
qid61605	did38392	1
qid61615	did38398	1
qid61622	did38401	1
qid61625	did24987	1
qid61640	did38409	1
qid61650	did38414	1
qid61656	did24516	1
qid61673	did10975	1
qid61676	did35427	1
qid61680	did3976	1
qid61694	did38431	1
qid61726	did38447	1
qid61756	did3105	1
qid61764	did5169	1
qid61809	did1	1
qid61810	did18572	1
qid61811	did24563	1
qid61832	did25080	1
qid61833	did14440	1
qid61838	did33554	1
qid61847	did38493	1
qid61884	did38510	1
qid61888	did38514	1
qid61891	did38515	1
qid61897	did38517	1
qid61918	did36444	1
qid61919	did38530	1
qid61926	did9786	1
qid61933	did8775	1
qid61945	did38543	1
qid61952	did38547	1
qid61954	did19714	1
qid61958	did38548	1
qid61969	did38554	1
qid61982	did33285	1
qid61984	did38561	1
qid61992	did38567	1
qid62010	did26569	1
qid62016	did38578	1
qid62020	did1088	1
qid62023	did17977	1
qid62029	did38586	1
qid62034	did11390	1
qid62043	did13615	1
qid62048	did38595	1
qid62049	did2323	1
qid62103	did38614	1
qid62111	did38617	1
qid62139	did33463	1
qid62146	did287	1
qid62153	did38632	1
qid62164	did17515	1
qid62175	did14651	1
qid62180	did38640	1
qid62188	did393	1
qid62197	did7102	1
qid62208	did25204	1
qid62212	did38656	1
qid62235	did30862	1
qid62240	did38663	1
qid62246	did35064	1
qid62247	did38666	1
qid62253	did5353	1
qid62255	did17278	1
qid62262	did6963	1
qid62263	did22724	1
qid62282	did1962	1
qid62306	did7406	1
qid62321	did38694	1
qid62324	did38695	1
qid62346	did38703	1
qid62351	did6825	1
qid62359	did634	1
qid62368	did32034	1
qid62369	did29515	1
qid62375	did13079	1
qid62378	did16542	1
qid62382	did38718	1
qid62387	did29821	1
qid62397	did4142	1
qid62419	did38729	1
qid62420	did26046	1
qid62434	did38738	1
qid62461	did38750	1
qid62478	did38760	1
qid62490	did440	1
qid62496	did38766	1
qid62505	did38771	1
qid62512	did38776	1
qid62513	did38777	1
qid62518	did38779	1
qid62524	did38782	1
qid62545	did38794	1
qid62555	did38800	1
qid62561	did38802	1
qid62563	did38804	1
qid62567	did35146	1
qid62575	did16529	1
qid62580	did38812	1
qid62582	did2746	1
qid62606	did20277	1
qid62639	did13272	1
qid62643	did13379	1
qid62647	did38840	1
qid62693	did38864	1
qid62700	did38868	1
qid62723	did38877	1
qid62733	did38669	1
qid62734	did11147	1
qid62741	did24369	1
qid62746	did19600	1
qid62767	did2005	1
qid62785	did26065	1
qid62791	did38910	1
qid62814	did29504	1
qid62819	did9116	1
qid62841	did5211	1
qid62864	did38941	1
qid62930	did26671	1
qid62964	did38990	1
qid62967	did15767	1
qid62984	did38998	1
qid62985	did38999	1
qid62991	did39003	1
qid63002	did39008	1
qid63010	did39010	1
qid63016	did10394	1
qid63020	did38277	1
qid63031	did1921	1
qid63032	did39018	1
qid63045	did39023	1
qid63047	did39024	1
qid63048	did39025	1
qid63056	did516	1
qid63068	did24851	1
qid63084	did33573	1
qid63089	did39046	1
qid63098	did39052	1
qid63101	did39053	1
qid63106	did23741	1
qid63113	did39061	1
qid63135	did893	1
qid63138	did20637	1
qid63158	did4281	1
qid63163	did39080	1
qid63169	did33794	1
qid63197	did13727	1
qid63201	did39104	1
qid63215	did39112	1
qid63218	did21310	1
qid63219	did24779	1
qid63223	did39114	1
qid63231	did39118	1
qid63234	did28191	1
qid63252	did39128	1
qid63256	did39130	1
qid63260	did17270	1
qid63268	did5790	1
qid63309	did39153	1
qid63322	did30306	1
qid63330	did9576	1
qid63336	did10615	1
qid63338	did29521	1
qid63342	did39164	1
qid63345	did39165	1
qid63350	did32581	1
qid63353	did22837	1
qid63357	did9987	1
qid63364	did39173	1
qid63376	did15982	1
qid63430	did39196	1
qid63452	did7539	1
qid63456	did39209	1
qid63473	did39214	1
qid63488	did1726	1
qid63489	did6204	1
qid63490	did39221	1
qid63492	did39222	1
qid63496	did33320	1
qid63507	did39230	1
qid63513	did20884	1
qid63524	did39236	1
qid63525	did13036	1
qid63532	did39241	1
qid63538	did39245	1
qid63541	did39246	1
qid63562	did30443	1
qid63581	did26855	1
qid63590	did39267	1
qid63606	did39273	1
qid63613	did39278	1
qid63622	did39284	1
qid63626	did39288	1
qid63669	did32271	1
qid63682	did25566	1
qid63694	did39313	1
qid63710	did39321	1
qid63711	did39322	1
qid63714	did34295	1
qid63741	did19672	1
qid63761	did39339	1
qid63764	did39340	1
qid63771	did39342	1
qid63784	did39348	1
qid63789	did32985	1
qid63790	did32960	1
qid63791	did8453	1
qid63793	did39350	1
qid63797	did39353	1
qid63799	did39355	1
qid63821	did39367	1
qid63822	did39368	1
qid63823	did18732	1
qid63831	did5953	1
qid63836	did39375	1
qid63838	did39376	1
qid63848	did39381	1
qid63860	did31076	1
qid63863	did39386	1
qid63864	did39387	1
qid63873	did39393	1
qid63875	did13692	1
qid63880	did39396	1
qid63884	did39398	1
qid63897	did39400	1
qid63899	did39402	1
qid63900	did8975	1
qid63909	did39406	1
qid63916	did5599	1
qid63925	did1142	1
qid63928	did39415	1
qid63941	did30690	1
qid63949	did39420	1
qid63955	did3542	1
qid63958	did39423	1
qid63983	did39435	1
qid64001	did39444	1
qid64020	did39456	1
qid64025	did2813	1
qid64026	did39459	1
qid64031	did39463	1
qid64037	did39466	1
qid64038	did14068	1
qid64043	did14767	1
qid64044	did27055	1
qid64064	did39477	1
qid64092	did39488	1
qid64093	did39489	1
qid64097	did39490	1
qid64098	did20028	1
qid64101	did1615	1
qid64121	did39504	1
qid64144	did17265	1
qid64149	did15096	1
qid64152	did28810	1
qid64162	did7988	1
qid64186	did33152	1
qid64195	did39535	1
qid64205	did39539	1
qid64208	did418	1
qid64210	did4643	1
qid64214	did1010	1
qid64230	did39550	1
qid64240	did2328	1
qid64241	did38126	1
qid64256	did39563	1
qid64261	did15468	1
qid64298	did39583	1
qid64330	did10086	1
qid64333	did3576	1
qid64367	did39612	1
qid64401	did4075	1
qid64442	did20661	1
qid64460	did39647	1
qid64469	did39653	1
qid64471	did38209	1
qid64472	did9967	1
qid64478	did39658	1
qid64484	did39660	1
qid64494	did9422	1
qid64498	did1039	1
qid64517	did39677	1
qid64525	did39680	1
qid64533	did2678	1
qid64536	did39683	1
qid64564	did4399	1
qid64566	did21560	1
qid64573	did36964	1
qid64576	did1785	1
qid64603	did21223	1
qid64616	did21402	1
qid64627	did39722	1
qid64631	did8925	1
qid64642	did39728	1
qid64662	did6207	1
qid64665	did23585	1
qid64669	did39735	1
qid64675	did7417	1
qid64684	did34730	1
qid64688	did11784	1
qid64694	did39746	1
qid64745	did9443	1
qid64762	did39773	1
qid64765	did39774	1
qid64775	did39778	1
qid64780	did19755	1
qid64798	did7313	1
qid64801	did1142	1
qid64805	did1718	1
qid64810	did17800	1
qid64829	did30707	1
qid64858	did20344	1
qid64881	did39826	1
qid64885	did39827	1
qid64891	did39830	1
qid64892	did5324	1
qid64915	did39840	1
qid64940	did29613	1
qid64955	did39863	1
qid64958	did39865	1
qid64975	did281	1
qid65031	did39898	1
qid65034	did39901	1
qid65039	did39902	1
qid65058	did20964	1
qid65065	did39918	1
qid65086	did39923	1
qid65103	did37023	1
qid65105	did974	1
qid65107	did31177	1
qid65113	did19749	1
qid65118	did39935	1
qid65119	did9907	1
qid65120	did39936	1
qid65121	did39937	1
qid65123	did39938	1
qid65127	did39941	1
qid65129	did2663	1
qid65147	did20616	1
qid65150	did551	1
qid65152	did5902	1
qid65159	did39954	1
qid65164	did39956	1
qid65183	did22540	1
qid65191	did39969	1
qid65202	did39977	1
qid65205	did39978	1
qid65219	did14711	1
qid65222	did37790	1
qid65238	did36501	1
qid65241	did5336	1
qid65246	did5514	1
qid65248	did39999	1
qid65254	did33428	1
qid65255	did40001	1
qid65267	did14172	1
qid65278	did36639	1
qid65279	did355	1
qid65284	did40014	1
qid65286	did36772	1
qid65301	did1489	1
qid65308	did40026	1
qid65319	did33071	1
qid65326	did18610	1
qid65335	did17273	1
qid65336	did40040	1
qid65380	did40055	1
qid65386	did7365	1
qid65403	did2247	1
qid65416	did23952	1
qid65420	did2416	1
qid65422	did40069	1
qid65424	did40071	1
qid65427	did973	1
qid65428	did17	1
qid65434	did34088	1
qid65437	did27464	1
qid65442	did40076	1
qid65451	did40083	1
qid65456	did40087	1
qid65467	did19507	1
qid65469	did40092	1
qid65471	did40093	1
qid65473	did40094	1
qid65478	did40096	1
qid65527	did40121	1
qid65547	did40131	1
qid65549	did6061	1
qid65557	did35167	1
qid65573	did6096	1
qid65587	did40148	1
qid65594	did33808	1
qid65610	did40158	1
qid65612	did9698	1
qid65613	did8165	1
qid65633	did29578	1
qid65647	did7678	1
qid65666	did40179	1
qid65680	did16538	1
qid65681	did40184	1
qid65682	did36659	1
qid65690	did13526	1
qid65691	did40187	1
qid65705	did40197	1
qid65708	did563	1
qid65714	did2308	1
qid65715	did36145	1
qid65725	did10511	1
qid65728	did40207	1
qid65739	did4774	1
qid65755	did40217	1
qid65763	did27910	1
qid65766	did20674	1
qid65779	did40226	1
qid65787	did14710	1
qid65835	did14118	1
qid65843	did1537	1
qid65847	did40253	1
qid65854	did40257	1
qid65867	did1898	1
qid65873	did40266	1
qid65898	did40277	1
qid65901	did5877	1
qid65917	did40287	1
qid65920	did703	1
qid65922	did3047	1
qid65932	did39474	1
qid65938	did40294	1
qid65944	did31220	1
qid65946	did3776	1
qid65959	did29751	1
qid65997	did3565	1
qid66004	did40323	1
qid66006	did2666	1
qid66009	did40325	1
qid66040	did24248	1
qid66041	did40340	1
qid66042	did15354	1
qid66045	did30880	1
qid66063	did806	1
qid66086	did40356	1
qid66099	did2131	1
qid66105	did374	1
qid66108	did7068	1
qid66110	did26863	1
qid66137	did40371	1
qid66153	did40379	1
qid66167	did40385	1
qid66168	did40335	1
qid66184	did40390	1
qid66186	did16082	1
qid66202	did40395	1
qid66207	did31883	1
qid66209	did34015	1
qid66240	did92	1
qid66267	did40429	1
qid66277	did39772	1
qid66283	did620	1
qid66290	did40436	1
qid66294	did40438	1
qid66317	did1264	1
qid66327	did40459	1
qid66358	did40473	1
qid66360	did20160	1
qid66373	did4883	1
qid66386	did40483	1
qid66389	did14684	1
qid66395	did40490	1
qid66398	did18242	1
qid66404	did12389	1
qid66438	did27642	1
qid66441	did32275	1
qid66460	did40516	1
qid66470	did234	1
qid66484	did16719	1
qid66488	did40525	1
qid66502	did11143	1
qid66512	did6362	1
qid66543	did6720	1
qid66561	did40553	1
qid66580	did32707	1
qid66596	did36949	1
qid66598	did2611	1
qid66626	did21923	1
qid66633	did6731	1
qid66646	did14505	1
qid66648	did27823	1
qid66650	did32349	1
qid66654	did9006	1
qid66662	did11912	1
qid66686	did21333	1
qid66703	did40619	1
qid66705	did2283	1
qid66714	did11035	1
qid66723	did40625	1
qid66731	did36444	1
qid66732	did23	1
qid66745	did20268	1
qid66755	did22905	1
qid66763	did40645	1
qid66764	did40646	1
qid66797	did23326	1
qid66801	did27892	1
qid66834	did40677	1
qid66844	did21535	1
qid66890	did7338	1
qid66909	did40705	1
qid66936	did28022	1
qid66940	did9415	1
qid66956	did10219	1
qid66958	did2925	1
qid66971	did40730	1
qid66972	did16523	1
qid66992	did40740	1
qid67049	did40770	1
qid67076	did40781	1
qid67088	did35734	1
qid67125	did40804	1
qid67129	did9106	1
qid67135	did40808	1
qid67139	did27584	1
qid67154	did2149	1
qid67161	did40821	1
qid67174	did40827	1
qid67194	did40834	1
qid67231	did4437	1
qid67233	did15078	1
qid67234	did13497	1
qid67241	did40848	1
qid67249	did40853	1
qid67255	did20995	1
qid67285	did40870	1
qid67291	did6798	1
qid67297	did40876	1
qid67309	did40881	1
qid67338	did40896	1
qid67385	did40917	1
qid67405	did40927	1
qid67408	did28674	1
qid67411	did40930	1
qid67415	did32108	1
qid67417	did40932	1
qid67471	did27038	1
qid67482	did16385	1
qid67489	did40970	1
qid67507	did40978	1
qid67511	did34902	1
qid67521	did3	1
qid67529	did7889	1
qid67530	did40985	1
qid67545	did23826	1
qid67548	did40992	1
qid67549	did5246	1
qid67558	did40999	1
qid67563	did407	1
qid67566	did41001	1
qid67567	did41002	1
qid67585	did17508	1
qid67587	did41012	1
qid67592	did3586	1
qid67598	did10640	1
qid67636	did9411	1
qid67641	did26093	1
qid67648	did16052	1
qid67652	did41042	1
qid67657	did41045	1
qid67671	did3593	1
qid67674	did5160	1
qid67681	did37620	1
qid67682	did41055	1
qid67738	did41081	1
qid67739	did9419	1
qid67747	did41083	1
qid67754	did41088	1
qid67756	did24282	1
qid67765	did41093	1
qid67766	did41094	1
qid67794	did4971	1
qid67816	did1658	1
qid67838	did41126	1
qid67840	did2699	1
qid67847	did36827	1
qid67850	did41129	1
qid67870	did31849	1
qid67874	did1806	1
qid67881	did37170	1
qid67883	did11318	1
qid67887	did41146	1
qid67894	did15658	1
qid67926	did20220	1
qid67935	did18176	1
qid67936	did41168	1
qid67940	did1987	1
qid67943	did306	1
qid67950	did1541	1
qid67953	did1933	1
qid67960	did14762	1
qid67962	did41177	1
qid68009	did41205	1
qid68022	did41212	1
qid68040	did20519	1
qid68052	did9255	1
qid68062	did8710	1
qid68069	did41228	1
qid68098	did41244	1
qid68102	did41245	1
qid68109	did569	1
qid68136	did35506	1
qid68145	did41264	1
qid68152	did41269	1
qid68171	did26207	1
qid68172	did5889	1
qid68176	did31850	1
qid68202	did531	1
qid68207	did2429	1
qid68215	did41293	1
qid68217	did13029	1
qid68222	did41296	1
qid68223	did41297	1
qid68226	did41299	1
qid68229	did6856	1
qid68236	did39259	1
qid68249	did144	1
qid68252	did41310	1
qid68255	did41311	1
qid68261	did41314	1
qid68264	did41316	1
qid68265	did833	1
qid68269	did14966	1
qid68275	did11477	1
qid68285	did10180	1
qid68311	did41330	1
qid68315	did41333	1
qid68320	did9635	1
qid68338	did11922	1
qid68352	did856	1
qid68353	did13280	1
qid68354	did41354	1
qid68372	did596	1
qid68373	did14079	1
qid68395	did13325	1
qid68400	did2433	1
qid68416	did36451	1
qid68419	did41386	1
qid68422	did6383	1
qid68432	did41392	1
qid68439	did41396	1
qid68450	did37165	1
qid68456	did41406	1
qid68457	did17679	1
qid68459	did41408	1
qid68470	did8903	1
qid68474	did4376	1
qid68485	did22092	1
qid68497	did2328	1
qid68499	did41423	1
qid68510	did4420	1
qid68517	did23039	1
qid68525	did6613	1
qid68568	did41455	1
qid68571	did2895	1
qid68594	did41463	1
qid68617	did25957	1
qid68636	did1080	1
qid68646	did8867	1
qid68650	did14491	1
qid68663	did41491	1
qid68674	did2888	1
qid68685	did4316	1
qid68709	did1269	1
qid68717	did943	1
qid68722	did41511	1
qid68725	did41513	1
qid68738	did3428	1
qid68739	did41517	1
qid68771	did5169	1
qid68806	did9619	1
qid68814	did38677	1
qid68836	did368	1
qid68855	did41573	1
qid68858	did27472	1
qid68878	did34081	1
qid68897	did41588	1
qid68903	did41591	1
qid68911	did41596	1
qid68931	did20074	1
qid68950	did18336	1
qid68961	did41611	1
qid68983	did41620	1
qid68986	did37440	1
qid68997	did26152	1
qid69009	did37435	1
qid69010	did41635	1
qid69022	did41640	1
qid69027	did15375	1
qid69039	did22956	1
qid69046	did41654	1
qid69057	did41659	1
qid69084	did41673	1
qid69100	did12002	1
qid69120	did19870	1
qid69124	did41691	1
qid69129	did41694	1
qid69142	did14469	1
qid69145	did30857	1
qid69148	did41700	1
qid69155	did41703	1
qid69163	did36404	1
qid69164	did9004	1
qid69188	did41719	1
qid69191	did41722	1
qid69193	did41724	1
qid69198	did6564	1
qid69209	did2253	1
qid69242	did1660	1
qid69254	did569	1
qid69263	did15960	1
qid69274	did29059	1
qid69280	did41758	1
qid69282	did16169	1
qid69283	did41760	1
qid69338	did41781	1
qid69352	did41700	1
qid69353	did36755	1
qid69355	did8420	1
qid69362	did41791	1
qid69372	did7897	1
qid69379	did41800	1
qid69384	did894	1
qid69404	did18429	1
qid69406	did7350	1
qid69415	did41819	1
qid69421	did41820	1
qid69423	did41821	1
qid69460	did41837	1
qid69464	did41839	1
qid69467	did41840	1
qid69476	did21043	1
qid69477	did5429	1
qid69495	did41848	1
qid69509	did29795	1
qid69511	did37464	1
qid69512	did41855	1
qid69518	did22357	1
qid69528	did1176	1
qid69531	did12100	1
qid69548	did41868	1
qid69554	did6043	1
qid69582	did41882	1
qid69592	did41891	1
qid69606	did41896	1
qid69616	did23038	1
qid69618	did39773	1
qid69623	did41902	1
qid69669	did19916	1
qid69673	did2670	1
qid69676	did22133	1
qid69688	did41934	1
qid69704	did41941	1
qid69717	did41947	1
qid69754	did25242	1
qid69762	did28380	1
qid69769	did41974	1
qid69771	did18840	1
qid69781	did41980	1
qid69788	did41985	1
qid69807	did41994	1
qid69808	did41995	1
qid69810	did41997	1
qid69820	did42005	1
qid69834	did9067	1
qid69837	did42013	1
qid69840	did42015	1
qid69851	did42022	1
qid69863	did31648	1
qid69910	did42048	1
qid69935	did27225	1
qid69951	did42066	1
qid69960	did22138	1
qid69992	did24760	1
qid70015	did42094	1
qid70022	did1864	1
qid70026	did42097	1
qid70038	did42104	1
qid70043	did1993	1
qid70047	did42109	1
qid70076	did13790	1
qid70090	did14117	1
qid70097	did35631	1
qid70098	did9335	1
qid70111	did17359	1
qid70120	did37700	1
qid70134	did42139	1
qid70147	did257	1
qid70151	did42146	1
qid70152	did42147	1
qid70183	did42160	1
qid70187	did42161	1
qid70236	did42186	1
qid70238	did1364	1
qid70240	did42189	1
qid70247	did1743	1
qid70274	did30862	1
qid70281	did9532	1
qid70283	did14640	1
qid70301	did42219	1
qid70302	did23392	1
qid70318	did42224	1
qid70342	did42232	1
qid70343	did42233	1
qid70354	did42235	1
qid70357	did13187	1
qid70360	did1905	1
qid70367	did6513	1
qid70382	did23421	1
qid70384	did1288	1
qid70388	did11014	1
qid70403	did42254	1
qid70404	did2718	1
qid70410	did14236	1
qid70412	did42257	1
qid70436	did42266	1
qid70449	did21736	1
qid70463	did8785	1
qid70472	did25693	1
qid70474	did5661	1
qid70482	did42287	1
qid70513	did42303	1
qid70515	did42305	1
qid70516	did849	1
qid70517	did16568	1
qid70527	did28528	1
qid70530	did42311	1
qid70534	did2718	1
qid70560	did42322	1
qid70561	did42323	1
qid70568	did6445	1
qid70572	did42327	1
qid70582	did42333	1
qid70583	did36279	1
qid70585	did4850	1
qid70586	did42335	1
qid70591	did12534	1
qid70595	did31651	1
qid70609	did15913	1
qid70621	did42352	1
qid70622	did18769	1
qid70625	did41508	1
qid70636	did5181	1
qid70667	did42373	1
qid70669	did172	1
qid70672	did1709	1
qid70676	did42375	1
qid70698	did261	1
qid70712	did16037	1
qid70727	did41698	1
qid70732	did9265	1
qid70764	did42414	1
qid70778	did32647	1
qid70796	did24904	1
qid70798	did7990	1
qid70812	did17166	1
qid70832	did42443	1
qid70840	did3124	1
qid70858	did19195	1
qid70861	did42453	1
qid70866	did228	1
qid70895	did5902	1
qid70909	did42470	1
qid70929	did26207	1
qid70937	did3082	1
qid70938	did15226	1
qid70969	did22076	1
qid70983	did42505	1
qid70993	did42511	1
qid71000	did42515	1
qid71001	did42516	1
qid71004	did18488	1
qid71008	did4865	1
qid71009	did2440	1
qid71011	did2110	1
qid71025	did42525	1
qid71050	did16479	1
qid71066	did42546	1
qid71083	did42554	1
qid71089	did28108	1
qid71102	did2003	1
qid71107	did42564	1
qid71108	did42565	1
qid71114	did1148	1
qid71118	did42567	1
qid71119	did36935	1
qid71123	did42569	1
qid71130	did42572	1
qid71132	did42574	1
qid71138	did29265	1
qid71164	did42589	1
qid71172	did8135	1
qid71173	did656	1
qid71185	did52	1
qid71195	did11101	1
qid71201	did42608	1
qid71207	did42612	1
qid71237	did19025	1
qid71241	did228	1
qid71262	did12450	1
qid71276	did12733	1
qid71288	did1074	1
qid71293	did9415	1
qid71308	did8899	1
qid71310	did7365	1
qid71323	did3905	1
qid71335	did23651	1
qid71339	did18440	1
qid71350	did6553	1
qid71374	did8816	1
qid71376	did10540	1
qid71389	did698	1
qid71394	did7716	1
qid71397	did42678	1
qid71459	did6944	1
qid71472	did4188	1
qid71480	did21310	1
qid71507	did3278	1
qid71524	did42729	1
qid71527	did8807	1
qid71528	did10506	1
qid71531	did8730	1
qid71532	did42731	1
qid71537	did36794	1
qid71558	did2761	1
qid71561	did5468	1
qid71562	did25365	1
qid71563	did24150	1
qid71610	did21407	1
qid71651	did18601	1
qid71654	did42071	1
qid71655	did42774	1
qid71656	did814	1
qid71667	did22364	1
qid71672	did2691	1
qid71675	did3776	1
qid71677	did42784	1
qid71693	did42790	1
qid71694	did4144	1
qid71697	did42791	1
qid71701	did13709	1
qid71715	did1537	1
qid71723	did2378	1
qid71739	did1894	1
qid71741	did6985	1
qid71743	did42805	1
qid71749	did16385	1
qid71765	did42818	1
qid71783	did1469	1
qid71790	did42827	1
qid71791	did42828	1
qid71824	did42839	1
qid71837	did436	1
qid71840	did42848	1
qid71842	did42850	1
qid71852	did42852	1
qid71863	did7713	1
qid71869	did42858	1
qid71874	did42861	1
qid71891	did582	1
qid71928	did4874	1
qid71931	did42886	1
qid71940	did5374	1
qid71941	did42892	1
qid71965	did42900	1
qid71973	did21291	1
qid72010	did19794	1
qid72018	did38568	1
qid72026	did33545	1
qid72027	did22188	1
qid72053	did42936	1
qid72059	did42938	1
qid72067	did42942	1
qid72070	did7530	1
qid72074	did6287	1
qid72082	did42945	1
qid72097	did42954	1
qid72100	did7867	1
qid72107	did42959	1
qid72123	did42966	1
qid72131	did14364	1
qid72166	did20930	1
qid72193	did190	1
qid72194	did9314	1
qid72215	did43008	1
qid72227	did8305	1
qid72228	did14043	1
qid72229	did42308	1
qid72230	did43015	1
qid72262	did43027	1
qid72278	did21323	1
qid72279	did43036	1
qid72281	did13843	1
qid72301	did43045	1
qid72311	did43049	1
qid72313	did10551	1
qid72330	did6013	1
qid72335	did43061	1
qid72341	did43064	1
qid72346	did31924	1
qid72360	did12217	1
qid72375	did43077	1
qid72394	did43084	1
qid72400	did40543	1
qid72414	did43094	1
qid72428	did38990	1
qid72432	did43102	1
qid72435	did2331	1
qid72440	did43108	1
qid72446	did3483	1
qid72456	did43113	1
qid72468	did9198	1
qid72469	did9721	1
qid72480	did34889	1
qid72481	did573	1
qid72487	did43127	1
qid72513	did40397	1
qid72542	did43154	1
qid72548	did43158	1
qid72563	did43164	1
qid72564	did15677	1
qid72567	did43167	1
qid72577	did43172	1
qid72578	did43173	1
qid72590	did992	1
qid72607	did17099	1
qid72611	did43189	1
qid72616	did43192	1
qid72618	did20325	1
qid72645	did43200	1
qid72655	did43204	1
qid72664	did900	1
qid72676	did14299	1
qid72684	did35403	1
qid72692	did1667	1
qid72702	did36274	1
qid72718	did43223	1
qid72736	did19247	1
qid72750	did43233	1
qid72754	did43235	1
qid72782	did43244	1
qid72787	did43247	1
qid72819	did43255	1
qid72824	did43257	1
qid72843	did12733	1
qid72852	did24022	1
qid72856	did257	1
qid72942	did1424	1
qid72947	did43308	1
qid72954	did16509	1
qid72973	did3758	1
qid73002	did23543	1
qid73013	did24285	1
qid73018	did6466	1
qid73026	did42959	1
qid73031	did43343	1
qid73033	did43344	1
qid73039	did43347	1
qid73044	did848	1
qid73064	did43357	1
qid73073	did43363	1
qid73128	did20028	1
qid73135	did43394	1
qid73166	did43408	1
qid73179	did43413	1
qid73219	did43428	1
qid73221	did7185	1
qid73228	did3084	1
qid73232	did10474	1
qid73235	did43434	1
qid73237	did8906	1
qid73243	did1770	1
qid73252	did3110	1
qid73279	did40933	1
qid73281	did12291	1
qid73302	did43461	1
qid73303	did43462	1
qid73311	did38483	1
qid73319	did2669	1
qid73340	did1889	1
qid73349	did8283	1
qid73352	did33022	1
qid73355	did43483	1
qid73374	did43491	1
qid73384	did43494	1
qid73389	did38779	1
qid73410	did43505	1
qid73416	did190	1
qid73422	did43509	1
qid73423	did19762	1
qid73427	did43510	1
qid73429	did31699	1
qid73462	did16053	1
qid73475	did43531	1
qid73480	did19865	1
qid73496	did43542	1
qid73520	did6044	1
qid73556	did16358	1
qid73559	did15985	1
qid73572	did43578	1
qid73599	did43588	1
qid73611	did15110	1
qid73618	did310	1
qid73619	did27257	1
qid73629	did43600	1
qid73642	did43603	1
qid73663	did43609	1
qid73666	did1672	1
qid73675	did43613	1
qid73696	did43623	1
qid73698	did2753	1
qid73706	did9112	1
qid73725	did28714	1
qid73733	did28183	1
qid73739	did43637	1
qid73745	did11665	1
qid73746	did12196	1
qid73749	did14136	1
qid73759	did43642	1
qid73782	did11337	1
qid73791	did7413	1
qid73792	did43655	1
qid73794	did43656	1
qid73795	did34969	1
qid73797	did43657	1
qid73831	did28839	1
qid73833	did10141	1
qid73844	did9615	1
qid73849	did43675	1
qid73857	did43680	1
qid73858	did4504	1
qid73860	did43681	1
qid73868	did43682	1
qid73875	did10879	1
qid73890	did43690	1
qid73901	did1746	1
qid73903	did43695	1
qid73907	did1987	1
qid73932	did35816	1
qid73945	did43715	1
qid73958	did1493	1
qid73959	did43720	1
qid73991	did28853	1
qid74033	did43757	1
qid74041	did43761	1
qid74042	did1524	1
qid74045	did43763	1
qid74049	did26460	1
qid74050	did43765	1
qid74060	did11101	1
qid74062	did43772	1
qid74074	did43779	1
qid74104	did6038	1
qid74108	did43799	1
qid74118	did42860	1
qid74134	did43806	1
qid74156	did43818	1
qid74162	did43822	1
qid74167	did1077	1
qid74171	did43825	1
qid74177	did43827	1
qid74179	did43829	1
qid74180	did43830	1
qid74200	did21311	1
qid74228	did20097	1
qid74240	did9428	1
qid74246	did39861	1
qid74249	did16113	1
qid74250	did1820	1
qid74260	did25903	1
qid74270	did1820	1
qid74278	did17543	1
qid74286	did43873	1
qid74299	did27070	1
qid74300	did43877	1
qid74320	did43887	1
qid74321	did43888	1
qid74328	did19632	1
qid74351	did4542	1
qid74364	did564	1
qid74368	did436	1
qid74383	did2382	1
qid74396	did64	1
qid74399	did4282	1
qid74420	did43924	1
qid74438	did13075	1
qid74441	did3745	1
qid74472	did43948	1
qid74478	did2432	1
qid74483	did8993	1
qid74517	did9425	1
qid74519	did39035	1
qid74528	did16477	1
qid74532	did22143	1
qid74548	did21400	1
qid74551	did4691	1
qid74552	did12107	1
qid74570	did31693	1
qid74584	did43986	1
qid74646	did44013	1
qid74650	did13569	1
qid74656	did11934	1
qid74666	did44022	1
qid74676	did9139	1
qid74679	did44027	1
qid74686	did44029	1
qid74702	did4686	1
qid74709	did13846	1
qid74718	did14307	1
qid74723	did44042	1
qid74730	did44047	1
qid74733	did10783	1
qid74740	did44052	1
qid74741	did10855	1
qid74745	did2017	1
qid74780	did44066	1
qid74781	did6729	1
qid74782	did2407	1
qid74793	did44072	1
qid74808	did1751	1
qid74812	did44083	1
qid74817	did27472	1
qid74823	did355	1
qid74829	did42307	1
qid74834	did6976	1
qid74848	did44096	1
qid74849	did5155	1
qid74867	did44106	1
qid74870	did7822	1
qid74876	did44110	1
qid74883	did14519	1
qid74892	did44114	1
qid74893	did44115	1
qid74907	did44119	1
qid74913	did8025	1
qid74925	did31238	1
qid74938	did38440	1
qid74960	did25640	1
qid74971	did5366	1
qid74979	did29864	1
qid74980	did44151	1
qid74994	did3960	1
qid75014	did6694	1
qid75015	did44168	1
qid75019	did21100	1
qid75043	did2327	1
qid75044	did44179	1
qid75046	did44180	1
qid75057	did44186	1
qid75059	did4668	1
qid75068	did44190	1
qid75080	did634	1
qid75087	did15028	1
qid75090	did1842	1
qid75123	did1564	1
qid75171	did4287	1
qid75191	did16824	1
qid75200	did45	1
qid75211	did44251	1
qid75217	did44253	1
qid75226	did11250	1
qid75229	did44258	1
qid75232	did32282	1
qid75239	did34566	1
qid75242	did23475	1
qid75248	did44268	1
qid75250	did43834	1
qid75260	did647	1
qid75276	did14646	1
qid75283	did44283	1
qid75288	did16385	1
qid75294	did20653	1
qid75307	did10759	1
qid75316	did34310	1
qid75319	did44295	1
qid75345	did34834	1
qid75348	did8515	1
qid75374	did44316	1
qid75376	did44318	1
qid75386	did44322	1
qid75391	did12209	1
qid75392	did5867	1
qid75406	did44327	1
qid75421	did34336	1
qid75423	did1469	1
qid75445	did44345	1
qid75447	did44346	1
qid75455	did44350	1
qid75458	did44351	1
qid75463	did44354	1
qid75475	did928	1
qid75494	did5677	1
qid75504	did205	1
qid75517	did13791	1
qid75520	did6113	1
qid75521	did4504	1
qid75524	did44377	1
qid75526	did44379	1
qid75536	did44384	1
qid75538	did15653	1
qid75545	did44385	1
qid75547	did29160	1
qid75551	did34212	1
qid75562	did12727	1
qid75577	did30939	1
qid75591	did44401	1
qid75610	did39713	1
qid75615	did38402	1
qid75628	did44307	1
qid75645	did44418	1
qid75651	did44421	1
qid75658	did12172	1
qid75671	did42832	1
qid75673	did9821	1
qid75698	did3977	1
qid75702	did44445	1
qid75719	did44452	1
qid75720	did44453	1
qid75727	did44458	1
qid75737	did30301	1
qid75740	did26254	1
qid75745	did30055	1
qid75774	did44477	1
qid75787	did6137	1
qid75818	did7882	1
qid75824	did42806	1
qid75839	did44506	1
qid75841	did4379	1
qid75845	did42591	1
qid75850	did44512	1
qid75852	did23273	1
qid75877	did44520	1
qid75880	did6288	1
qid75882	did14626	1
qid75890	did2355	1
qid75897	did44529	1
qid75903	did21762	1
qid75908	did44535	1
qid75909	did44536	1
qid75915	did2122	1
qid75923	did2465	1
qid75942	did1119	1
qid75958	did12930	1
qid75961	did41048	1
qid75977	did28587	1
qid75993	did44570	1
qid76013	did44579	1
qid76016	did44581	1
qid76017	did12778	1
qid76033	did34850	1
qid76054	did33709	1
qid76069	did5514	1
qid76096	did44611	1
qid76097	did7191	1
qid76119	did1857	1
qid76120	did36383	1
qid76121	did2328	1
qid76142	did44632	1
qid76155	did44639	1
qid76157	did44640	1
qid76182	did148	1
qid76190	did32415	1
qid76246	did44682	1
qid76255	did44684	1
qid76260	did9373	1
qid76267	did43221	1
qid76280	did19003	1
qid76291	did44698	1
qid76294	did44700	1
qid76314	did45	1
qid76316	did15848	1
qid76327	did44716	1
qid76328	did44717	1
qid76331	did44719	1
qid76334	did460	1
qid76335	did5929	1
qid76345	did1626	1
qid76347	did44726	1
qid76351	did4981	1
qid76363	did14790	1
qid76379	did44739	1
qid76386	did22863	1
qid76390	did4164	1
qid76392	did13325	1
qid76394	did14565	1
qid76417	did44758	1
qid76423	did13402	1
qid76426	did44762	1
qid76430	did14730	1
qid76431	did19312	1
qid76501	did1943	1
qid76528	did26021	1
qid76547	did5816	1
qid76548	did5285	1
qid76574	did38333	1
qid76585	did44827	1
qid76598	did6081	1
qid76607	did992	1
qid76632	did44843	1
qid76646	did21468	1
qid76656	did3210	1
qid76659	did44854	1
qid76667	did44859	1
qid76679	did44861	1
qid76684	did16739	1
qid76692	did17840	1
qid76693	did44867	1
qid76699	did44869	1
qid76700	did13066	1
qid76702	did44871	1
qid76712	did44876	1
qid76721	did44879	1
qid76725	did44881	1
qid76747	did44895	1
qid76771	did44903	1
qid76777	did32233	1
qid76785	did16904	1
qid76819	did7068	1
qid76842	did472	1
qid76849	did44938	1
qid76853	did44941	1
qid76856	did4774	1
qid76867	did5297	1
qid76872	did6493	1
qid76877	did11736	1
qid76889	did44954	1
qid76893	did7104	1
qid76897	did44957	1
qid76907	did37710	1
qid76915	did44965	1
qid76927	did44971	1
qid76939	did44977	1
qid76947	did44980	1
qid76950	did53	1
qid76960	did6774	1
qid76967	did41844	1
qid76995	did45006	1
qid76997	did23771	1
qid77005	did9467	1
qid77011	did3896	1
qid77012	did27812	1
qid77013	did45014	1
qid77015	did19692	1
qid77019	did995	1
qid77022	did45018	1
qid77024	did40491	1
qid77058	did24702	1
qid77064	did45038	1
qid77068	did45040	1
qid77100	did1888	1
qid77115	did7600	1
qid77129	did45064	1
qid77144	did45071	1
qid77152	did45076	1
qid77154	did19071	1
qid77157	did20726	1
qid77160	did8932	1
qid77163	did4308	1
qid77180	did45090	1
qid77181	did45091	1
qid77185	did4395	1
qid77199	did12804	1
qid77238	did45114	1
qid77253	did24625	1
qid77268	did11065	1
qid77274	did36812	1
qid77293	did13977	1
qid77295	did25308	1
qid77315	did19976	1
qid77319	did24346	1
qid77338	did3587	1
qid77354	did20769	1
qid77362	did21475	1
qid77375	did901	1
qid77379	did13005	1
qid77380	did45161	1
qid77381	did1253	1
qid77382	did45162	1
qid77397	did45165	1
qid77421	did45176	1
qid77456	did18488	1
qid77461	did5308	1
qid77466	did45195	1
qid77471	did4445	1
qid77477	did12315	1
qid77481	did45199	1
qid77496	did26477	1
qid77497	did33606	1
qid77502	did45209	1
qid77504	did45211	1
qid77517	did19468	1
qid77530	did45222	1
qid77538	did34633	1
qid77541	did1343	1
qid77542	did16735	1
qid77548	did26330	1
qid77549	did38260	1
qid77584	did45244	1
qid77585	did7836	1
qid77589	did18879	1
qid77609	did45249	1
qid77632	did45256	1
qid77648	did45266	1
qid77651	did22589	1
qid77662	did45270	1
qid77664	did5854	1
qid77685	did1887	1
qid77686	did35786	1
qid77690	did19187	1
qid77700	did13663	1
qid77709	did45293	1
qid77729	did45307	1
qid77742	did45313	1
qid77745	did25534	1
qid77751	did45315	1
qid77755	did24192	1
qid77764	did21497	1
qid77780	did33466	1
qid77802	did2505	1
qid77807	did22554	1
qid77815	did45336	1
qid77821	did17584	1
qid77834	did45341	1
qid77838	did8520	1
qid77852	did43069	1
qid77859	did45349	1
qid77863	did16912	1
qid77878	did45357	1
qid77879	did36207	1
qid77892	did463	1
qid77911	did41451	1
qid77927	did12425	1
qid77957	did6617	1
qid77968	did45398	1
qid77975	did38941	1
qid77991	did1704	1
qid78009	did45416	1
qid78014	did45421	1
qid78016	did25110	1
qid78047	did45438	1
qid78071	did45447	1
qid78076	did45449	1
qid78101	did45458	1
qid78103	did45460	1
qid78108	did45462	1
qid78115	did4774	1
qid78146	did10864	1
qid78158	did45478	1
qid78200	did34667	1
qid78219	did26636	1
qid78226	did45506	1
qid78260	did7884	1
qid78287	did847	1
qid78294	did3472	1
qid78296	did23192	1
qid78326	did45548	1
qid78332	did24523	1
qid78364	did45561	1
qid78368	did45563	1
qid78383	did45571	1
qid78392	did6362	1
qid78393	did14293	1
qid78394	did18219	1
qid78395	did45573	1
qid78401	did8349	1
qid78407	did45577	1
qid78429	did37705	1
qid78434	did11912	1
qid78451	did22356	1
qid78475	did26500	1
qid78479	did45599	1
qid78483	did35297	1
qid78533	did24833	1
qid78561	did37230	1
qid78568	did3650	1
qid78587	did10698	1
qid78597	did2004	1
qid78607	did10012	1
qid78610	did6866	1
qid78615	did11355	1
qid78631	did23537	1
qid78633	did45644	1
qid78652	did45653	1
qid78654	did45654	1
qid78658	did9976	1
qid78666	did28314	1
qid78667	did17367	1
qid78669	did45662	1
qid78681	did7110	1
qid78700	did45181	1
qid78707	did45674	1
qid78710	did37805	1
qid78713	did37902	1
qid78753	did45696	1
qid78762	did4034	1
qid78771	did5057	1
qid78773	did12927	1
qid78814	did17923	1
qid78820	did10180	1
qid78829	did14634	1
qid78835	did24198	1
qid78838	did24142	1
qid78852	did26951	1
qid78867	did25034	1
qid78872	did38937	1
qid78873	did45738	1
qid78884	did45740	1
qid78903	did45750	1
qid78906	did40394	1
qid78910	did34078	1
qid78916	did12385	1
qid78920	did85	1
qid78925	did2160	1
qid78942	did25817	1
qid78955	did7549	1
qid78967	did2942	1
qid78981	did102	1
qid78984	did45780	1
qid79002	did45789	1
qid79009	did45794	1
qid79011	did45795	1
qid79024	did45800	1
qid79054	did6513	1
qid79060	did45818	1
qid79076	did9919	1
qid79085	did22859	1
qid79088	did928	1
qid79096	did11170	1
qid79097	did45831	1
qid79101	did45833	1
qid79109	did12731	1
qid79116	did11632	1
qid79126	did45840	1
qid79129	did7301	1
qid79139	did4361	1
qid79148	did45848	1
qid79155	did8785	1
qid79169	did43101	1
qid79171	did7947	1
qid79177	did2362	1
qid79187	did45156	1
qid79198	did45866	1
qid79224	did45879	1
qid79228	did45883	1
qid79231	did8952	1
qid79251	did45894	1
qid79255	did4308	1
qid79261	did45898	1
qid79272	did45904	1
qid79303	did7276	1
qid79304	did45916	1
qid79326	did2182	1
qid79329	did33851	1
qid79353	did38183	1
qid79354	did34281	1
qid79357	did8772	1
qid79367	did45944	1
qid79380	did6597	1
qid79381	did29689	1
qid79385	did28839	1
qid79388	did45952	1
qid79393	did45954	1
qid79402	did45956	1
qid79406	did5020	1
qid79425	did2039	1
qid79427	did45967	1
qid79432	did45969	1
qid79437	did45971	1
qid79445	did21884	1
qid79459	did1439	1
qid79465	did45246	1
qid79478	did45988	1
qid79487	did24028	1
qid79493	did29380	1
qid79545	did15395	1
qid79561	did46024	1
qid79581	did46034	1
qid79597	did9202	1
qid79604	did46041	1
qid79611	did10879	1
qid79619	did34032	1
qid79632	did46053	1
qid79635	did46055	1
qid79640	did46057	1
qid79645	did429	1
qid79650	did46065	1
qid79665	did10058	1
qid79701	did46089	1
qid79709	did46092	1
qid79714	did46094	1
qid79729	did46097	1
qid79733	did46099	1
qid79746	did18406	1
qid79749	did46107	1
qid79766	did46114	1
qid79775	did22641	1
qid79785	did46120	1
qid79786	did10935	1
qid79810	did22176	1
qid79857	did129	1
qid79862	did631	1
qid79879	did35004	1
qid79883	did474	1
qid79894	did46162	1
qid79895	did978	1
qid79896	did24409	1
qid79903	did46165	1
qid79922	did46172	1
qid79942	did46181	1
qid79948	did20459	1
qid79950	did36112	1
qid79951	did1889	1
qid79960	did46187	1
qid79966	did46188	1
qid80022	did46217	1
qid80040	did2593	1
qid80071	did46239	1
qid80080	did46241	1
qid80081	did11250	1
qid80089	did1908	1
qid80099	did46244	1
qid80101	did46246	1
qid80102	did46247	1
qid80103	did13441	1
qid80109	did22710	1
qid80113	did46250	1
qid80118	did46252	1
qid80125	did23121	1
qid80142	did46261	1
qid80146	did46265	1
qid80152	did46268	1
qid80157	did44273	1
qid80161	did41340	1
qid80176	did30726	1
qid80212	did39249	1
qid80222	did14194	1
qid80223	did646	1
qid80232	did46300	1
qid80235	did5841	1
qid80272	did46315	1
qid80273	did46316	1
qid80277	did46318	1
qid80279	did44144	1
qid80316	did46334	1
qid80329	did36119	1
qid80352	did16379	1
qid80356	did27000	1
qid80367	did26276	1
qid80380	did24234	1
qid80381	did11400	1
qid80411	did17498	1
qid80425	did24857	1
qid80429	did46375	1
qid80437	did17026	1
qid80444	did46381	1
qid80453	did46386	1
qid80460	did20343	1
qid80487	did46401	1
qid80521	did46423	1
qid80533	did46432	1
qid80540	did46433	1
qid80541	did46434	1
qid80555	did19113	1
qid80559	did8503	1
qid80563	did46439	1
qid80569	did46445	1
qid80574	did40595	1
qid80600	did46457	1
qid80602	did46459	1
qid80604	did11717	1
qid80613	did29486	1
qid80626	did46468	1
qid80628	did46469	1
qid80629	did22477	1
qid80632	did46471	1
qid80633	did46472	1
qid80658	did46485	1
qid80684	did46494	1
qid80694	did1481	1
qid80707	did18673	1
qid80737	did25911	1
qid80745	did1367	1
qid80767	did1672	1
qid80768	did45180	1
qid80772	did46520	1
qid80785	did46527	1
qid80819	did2313	1
qid80834	did1894	1
qid80837	did46546	1
qid80846	did46551	1
qid80853	did46556	1
qid80856	did46557	1
qid80920	did46584	1
qid80930	did631	1
qid80932	did39243	1
qid80961	did32914	1
qid80973	did46603	1
qid80974	did46604	1
qid80976	did5136	1
qid80982	did310	1
qid80984	did30780	1
qid80985	did2355	1
qid80988	did46612	1
qid80996	did46616	1
qid81011	did46624	1
qid81018	did3502	1
qid81021	did46627	1
qid81027	did46630	1
qid81033	did44942	1
qid81034	did20484	1
qid81047	did46639	1
qid81063	did46644	1
qid81131	did16189	1
qid81134	did859	1
qid81146	did2002	1
qid81149	did46679	1
qid81162	did46684	1
qid81167	did24332	1
qid81171	did17733	1
qid81174	did40184	1
qid81181	did8592	1
qid81182	did4731	1
qid81183	did5928	1
qid81188	did46693	1
qid81194	did46697	1
qid81225	did6520	1
qid81246	did46716	1
qid81248	did1099	1
qid81280	did7998	1
qid81282	did708	1
qid81283	did46737	1
qid81291	did9244	1
qid81311	did46748	1
qid81335	did36409	1
qid81339	did1512	1
qid81354	did46761	1
qid81380	did5816	1
qid81395	did32570	1
qid81409	did10411	1
qid81418	did46787	1
qid81426	did27746	1
qid81429	did36949	1
qid81430	did46793	1
qid81447	did44648	1
qid81467	did774	1
qid81472	did2027	1
qid81480	did19092	1
qid81483	did1622	1
qid81513	did46827	1
qid81527	did46832	1
qid81533	did1890	1
qid81547	did46838	1
qid81550	did46840	1
qid81554	did8974	1
qid81555	did46843	1
qid81567	did4158	1
qid81576	did46852	1
qid81590	did11384	1
qid81617	did46866	1
qid81618	did385	1
qid81620	did46868	1
qid81632	did46873	1
qid81643	did9894	1
qid81661	did25386	1
qid81712	did20484	1
qid81716	did46900	1
qid81743	did46909	1
qid81749	did26653	1
qid81750	did8639	1
qid81753	did46914	1
qid81767	did41785	1
qid81782	did3360	1
qid81787	did46928	1
qid81788	did4970	1
qid81791	did7354	1
qid81795	did46931	1
qid81797	did30993	1
qid81803	did3517	1
qid81815	did2939	1
qid81817	did19308	1
qid81826	did26661	1
qid81829	did46943	1
qid81841	did46949	1
qid81844	did46951	1
qid81851	did509	1
qid81853	did20717	1
qid81871	did33649	1
qid81903	did46969	1
qid81914	did35863	1
qid81917	did46974	1
qid81923	did46977	1
qid81938	did46982	1
qid81944	did22025	1
qid81951	did1176	1
qid81964	did554	1
qid81977	did11131	1
qid81989	did6944	1
qid81992	did47005	1
qid82027	did7782	1
qid82043	did47023	1
qid82057	did3574	1
qid82062	did47033	1
qid82068	did7200	1
qid82073	did4350	1
qid82097	did44553	1
qid82098	did16566	1
qid82105	did32235	1
qid82125	did47058	1
qid82130	did5528	1
qid82133	did47062	1
qid82135	did7562	1
qid82138	did47066	1
qid82177	did17150	1
qid82180	did4861	1
qid82192	did6513	1
qid82193	did5522	1
qid82204	did12596	1
qid82221	did4866	1
qid82222	did47103	1
qid82230	did47105	1
qid82231	did47106	1
qid82234	did15728	1
qid82242	did1583	1
qid82264	did1181	1
qid82279	did29135	1
qid82290	did18086	1
qid82291	did38146	1
qid82298	did25167	1
qid82333	did18427	1
qid82341	did6190	1
qid82347	did8756	1
qid82348	did12727	1
qid82361	did5678	1
qid82362	did47160	1
qid82386	did47170	1
qid82403	did2224	1
qid82435	did11046	1
qid82457	did47196	1
qid82474	did47205	1
qid82487	did15730	1
qid82494	did47214	1
qid82495	did47215	1
qid82496	did14814	1
qid82501	did24877	1
qid82506	did47218	1
qid82511	did42781	1
qid82515	did42842	1
qid82525	did8231	1
qid82532	did47230	1
qid82537	did26260	1
qid82545	did47237	1
qid82546	did9754	1
qid82555	did47242	1
qid82556	did10312	1
qid82560	did16566	1
qid82583	did707	1
qid82586	did47256	1
qid82594	did47259	1
qid82597	did7472	1
qid82601	did783	1
qid82631	did32937	1
qid82633	did15974	1
qid82639	did38935	1
qid82645	did6603	1
qid82650	did6166	1
qid82668	did47288	1
qid82706	did5462	1
qid82715	did20774	1
qid82716	did47308	1
qid82717	did47309	1
qid82731	did47318	1
qid82741	did40210	1
qid82743	did47325	1
qid82750	did24560	1
qid82751	did22984	1
qid82766	did47333	1
qid82767	did47334	1
qid82768	did47335	1
qid82769	did8135	1
qid82771	did18622	1
qid82772	did27756	1
qid82780	did47339	1
qid82785	did47341	1
qid82793	did37767	1
qid82813	did27357	1
qid82814	did47350	1
qid82816	did14825	1
qid82825	did47355	1
qid82826	did16471	1
qid82827	did47356	1
qid82867	did5375	1
qid82917	did13257	1
qid82919	did5559	1
qid82922	did936	1
qid82924	did47396	1
qid82952	did47402	1
qid82963	did200	1
qid82971	did29979	1
qid82973	did47412	1
qid83002	did47423	1
qid83029	did28418	1
qid83046	did25334	1
qid83052	did28199	1
qid83063	did47448	1
qid83068	did29493	1
qid83069	did19090	1
qid83075	did3576	1
qid83078	did47452	1
qid83083	did39403	1
qid83114	did44825	1
qid83115	did47165	1
qid83117	did428	1
qid83143	did47480	1
qid83157	did47487	1
qid83166	did47491	1
qid83169	did12088	1
qid83175	did47493	1
qid83185	did47498	1
qid83186	did9880	1
qid83192	did8193	1
qid83194	did47501	1
qid83205	did47507	1
qid83211	did7161	1
qid83213	did15120	1
qid83214	did47511	1
qid83220	did47513	1
qid83251	did16217	1
qid83253	did47525	1
qid83270	did5484	1
qid83278	did4350	1
qid83310	did23364	1
qid83349	did47553	1
qid83352	did1281	1
qid83354	did47555	1
qid83357	did47556	1
qid83363	did47559	1
qid83388	did4025	1
qid83392	did47572	1
qid83402	did26619	1
qid83409	did5437	1
qid83415	did15724	1
qid83416	did47585	1
qid83425	did47589	1
qid83429	did47590	1
qid83431	did26641	1
qid83433	did47591	1
qid83439	did47594	1
qid83440	did8159	1
qid83441	did32710	1
qid83445	did47595	1
qid83464	did47606	1
qid83478	did10519	1
qid83488	did12272	1
qid83513	did16882	1
qid83525	did47631	1
qid83534	did47633	1
qid83539	did47635	1
qid83553	did47643	1
qid83571	did25756	1
qid83577	did47652	1
qid83614	did47668	1
qid83616	did7029	1
qid83620	did7121	1
qid83624	did47228	1
qid83631	did47674	1
qid83637	did11510	1
qid83645	did32904	1
qid83685	did569	1
qid83688	did47695	1
qid83702	did47706	1
qid83725	did47711	1
qid83730	did10917	1
qid83731	did47714	1
qid83746	did33210	1
qid83761	did47722	1
qid83762	did28134	1
qid83783	did40603	1
qid83785	did36025	1
qid83811	did47742	1
qid83830	did47749	1
qid83839	did23039	1
qid83841	did24793	1
qid83848	did23604	1
qid83866	did47762	1
qid83872	did1010	1
qid83889	did385	1
qid83898	did47773	1
qid83925	did12388	1
qid83926	did47784	1
qid83933	did1678	1
qid83937	did2613	1
qid83951	did8453	1
qid83953	did47793	1
qid83966	did4117	1
qid83981	did28805	1
qid83987	did47804	1
qid83988	did3010	1
qid83995	did2387	1
qid84001	did47809	1
qid84012	did47817	1
qid84013	did21107	1
qid84015	did10761	1
qid84025	did47823	1
qid84035	did11797	1
qid84049	did47831	1
qid84057	did47834	1
qid84062	did15249	1
qid84077	did1031	1
qid84083	did47846	1
qid84136	did36458	1
qid84182	did23209	1
qid84200	did47885	1
qid84203	did22503	1
qid84243	did47905	1
qid84250	did2800	1
qid84258	did47909	1
qid84266	did46337	1
qid84267	did16879	1
qid84272	did6843	1
qid84295	did33540	1
qid84305	did19265	1
qid84319	did47936	1
qid84323	did6944	1
qid84324	did29469	1
qid84334	did9224	1
qid84348	did8589	1
qid84350	did47948	1
qid84357	did47950	1
qid84376	did47958	1
qid84384	did17314	1
qid84397	did31693	1
qid84407	did47969	1
qid84410	did18923	1
qid84425	did14440	1
qid84436	did47977	1
qid84440	did6995	1
qid84449	did47983	1
qid84474	did11934	1
qid84478	did47997	1
qid84480	did25402	1
qid84515	did12997	1
qid84526	did48012	1
qid84528	did48013	1
qid84531	did48015	1
qid84538	did18095	1
qid84543	did48018	1
qid84544	did3385	1
qid84556	did48024	1
qid84567	did48028	1
qid84592	did17278	1
qid84593	did26502	1
qid84594	did48038	1
qid84598	did41927	1
qid84599	did48040	1
qid84603	did555	1
qid84628	did48051	1
qid84637	did48058	1
qid84657	did30166	1
qid84660	did15433	1
qid84680	did36482	1
qid84699	did32616	1
qid84706	did48084	1
qid84716	did25597	1
qid84727	did11235	1
qid84728	did21719	1
qid84734	did48095	1
qid84738	did48097	1
qid84758	did14900	1
qid84759	did12722	1
qid84766	did32212	1
qid84783	did11647	1
qid84788	did48113	1
qid84823	did27464	1
qid84837	did13709	1
qid84867	did48143	1
qid84880	did22672	1
qid84886	did6785	1
qid84892	did30968	1
qid84898	did48153	1
qid84914	did29412	1
qid84928	did48163	1
qid84931	did14619	1
qid84932	did48166	1
qid84955	did15813	1
qid84963	did2276	1
qid84973	did34121	1
qid84979	did15300	1
qid85011	did4176	1
qid85014	did32050	1
qid85024	did18659	1
qid85038	did37273	1
qid85076	did48219	1
qid85081	did48222	1
qid85096	did48230	1
qid85098	did6147	1
qid85100	did23443	1
qid85108	did10514	1
qid85111	did12024	1
qid85114	did355	1
qid85120	did4772	1
qid85130	did24797	1
qid85152	did4545	1
qid85159	did15354	1
qid85172	did48254	1
qid85177	did8033	1
qid85196	did23410	1
qid85199	did24659	1
qid85201	did3812	1
qid85205	did21515	1
qid85235	did47175	1
qid85253	did30262	1
qid85260	did48292	1
qid85266	did48295	1
qid85289	did7440	1
qid85290	did1678	1
qid85293	did8405	1
qid85301	did48306	1
qid85302	did48307	1
qid85304	did48309	1
qid85317	did48313	1
qid85318	did22605	1
qid85328	did5915	1
qid85331	did48317	1
qid85334	did9193	1
qid85360	did940	1
qid85374	did48334	1
qid85375	did41548	1
qid85381	did27930	1
qid85384	did36458	1
qid85387	did8372	1
qid85388	did367	1
qid85397	did36956	1
qid85410	did48346	1
qid85413	did48347	1
qid85415	did11778	1
qid85417	did940	1
qid85418	did48348	1
qid85428	did29631	1
qid85437	did48357	1
qid85441	did48359	1
qid85457	did48367	1
qid85458	did17367	1
qid85468	did48372	1
qid85477	did48378	1
qid85491	did16198	1
qid85503	did48393	1
qid85506	did19265	1
qid85515	did48396	1
qid85516	did48397	1
qid85539	did45260	1
qid85542	did13007	1
qid85550	did48414	1
qid85557	did5332	1
qid85560	did20185	1
qid85575	did26660	1
qid85582	did34998	1
qid85627	did46424	1
qid85635	did14966	1
qid85648	did48445	1
qid85658	did9390	1
qid85670	did48456	1
qid85681	did48463	1
qid85698	did48470	1
qid85702	did1087	1
qid85705	did48473	1
qid85711	did48476	1
qid85742	did2812	1
qid85743	did48489	1
qid85747	did20882	1
qid85754	did16893	1
qid85766	did841	1
qid85783	did48506	1
qid85785	did4991	1
qid85795	did28981	1
qid85803	did48513	1
qid85804	did13275	1
qid85810	did48515	1
qid85818	did12036	1
qid85826	did48521	1
qid85835	did3542	1
qid85853	did43013	1
qid85857	did4390	1
qid85859	did48530	1
qid85869	did48534	1
qid85872	did48535	1
qid85890	did37240	1
qid85894	did48542	1
qid85903	did48548	1
qid85928	did48561	1
qid85931	did48563	1
qid85933	did48565	1
qid85934	did48566	1
qid85942	did2004	1
qid85948	did4537	1
qid85950	did17262	1
qid85952	did4866	1
qid85960	did48573	1
qid85975	did48576	1
qid85983	did48581	1
qid85988	did33088	1
qid85989	did48584	1
qid85990	did48585	1
qid85992	did2149	1
qid86000	did48587	1
qid86007	did48591	1
qid86009	did48592	1
qid86036	did1485	1
qid86041	did48602	1
qid86043	did18502	1
qid86049	did40284	1
qid86062	did21657	1
qid86071	did48611	1
qid86075	did6091	1
qid86078	did3097	1
qid86080	did10457	1
qid86083	did47026	1
qid86110	did13434	1
qid86132	did2537	1
qid86145	did41764	1
qid86178	did48651	1
qid86182	did48654	1
qid86190	did971	1
qid86194	did48658	1
qid86229	did19981	1
qid86239	did48677	1
qid86240	did1703	1
qid86254	did48682	1
qid86256	did48684	1
qid86257	did20260	1
qid86258	did42822	1
qid86293	did48697	1
qid86346	did8493	1
qid86365	did48728	1
qid86367	did21008	1
qid86372	did48731	1
qid86374	did48732	1
qid86382	did13898	1
qid86386	did2090	1
qid86392	did48738	1
qid86420	did25958	1
qid86423	did48750	1
qid86441	did2228	1
qid86449	did563	1
qid86454	did48758	1
qid86462	did12023	1
qid86463	did48760	1
qid86481	did48767	1
qid86482	did18030	1
qid86494	did18596	1
qid86510	did48778	1
qid86535	did47260	1
qid86537	did631	1
qid86558	did48804	1
qid86565	did10890	1
qid86568	did6036	1
qid86582	did28529	1
qid86589	did148	1
qid86595	did1909	1
qid86596	did48816	1
qid86598	did36947	1
qid86602	did48818	1
qid86626	did48827	1
qid86627	did48828	1
qid86635	did26409	1
qid86639	did48830	1
qid86642	did9903	1
qid86647	did7895	1
qid86652	did48835	1
qid86671	did3128	1
qid86674	did34853	1
qid86711	did48850	1
qid86718	did14423	1
qid86759	did4484	1
qid86773	did13107	1
qid86776	did19846	1
qid86783	did37665	1
qid86791	did48880	1
qid86792	did48881	1
qid86801	did3823	1
qid86806	did48887	1
qid86813	did48891	1
qid86814	did48892	1
qid86839	did48896	1
qid86842	did7517	1
qid86843	did48898	1
qid86847	did48901	1
qid86861	did32111	1
qid86863	did7004	1
qid86873	did14546	1
qid86874	did48917	1
qid86885	did925	1
qid86900	did28466	1
qid86919	did531	1
qid86922	did48934	1
qid86926	did48935	1
qid87000	did48960	1
qid87010	did48964	1
qid87019	did12920	1
qid87047	did17660	1
qid87049	did36477	1
qid87068	did9456	1
qid87069	did48982	1
qid87071	did48983	1
qid87089	did48992	1
qid87103	did39593	1
qid87107	did48998	1
qid87110	did3219	1
qid87118	did47721	1
qid87120	did2858	1
qid87121	did49003	1
qid87126	did6841	1
qid87130	did43300	1
qid87131	did49007	1
qid87132	did49008	1
qid87133	did11692	1
qid87134	did49009	1
qid87196	did43475	1
qid87200	did49028	1
qid87201	did23909	1
qid87209	did12423	1
qid87213	did49034	1
qid87216	did49036	1
qid87231	did49039	1
qid87247	did49045	1
qid87261	did19665	1
qid87274	did10715	1
qid87284	did49057	1
qid87287	did7420	1
qid87294	did49062	1
qid87318	did580	1
qid87319	did3112	1
qid87347	did49081	1
qid87359	did32753	1
qid87368	did49089	1
qid87374	did49095	1
qid87380	did49097	1
qid87392	did13223	1
qid87401	did12384	1
qid87405	did49110	1
qid87408	did16798	1
qid87431	did49120	1
qid87434	did49121	1
qid87449	did49128	1
qid87451	did41670	1
qid87452	did49129	1
qid87455	did11901	1
qid87473	did48801	1
qid87481	did49138	1
qid87490	did45462	1
qid87491	did14617	1
qid87514	did32383	1
qid87516	did18333	1
qid87519	did4709	1
qid87547	did49155	1
qid87549	did49157	1
qid87559	did49162	1
qid87567	did4238	1
qid87591	did1174	1
qid87604	did16797	1
qid87610	did21549	1
qid87634	did11871	1
qid87643	did49193	1
qid87645	did8340	1
qid87695	did33813	1
qid87718	did49219	1
qid87723	did22957	1
qid87731	did49225	1
qid87740	did4989	1
qid87745	did2086	1
qid87749	did49228	1
qid87759	did49231	1
qid87781	did49241	1
qid87789	did27584	1
qid87805	did48393	1
qid87820	did49258	1
qid87835	did1467	1
qid87877	did22468	1
qid87886	did1898	1
qid87888	did49286	1
qid87892	did49289	1
qid87901	did5057	1
qid87936	did601	1
qid87955	did10064	1
qid87970	did24833	1
qid87992	did49329	1
qid87997	did34033	1
qid88003	did22064	1
qid88006	did22641	1
qid88011	did40334	1
qid88019	did49338	1
qid88023	did31538	1
qid88033	did21855	1
qid88036	did49343	1
qid88038	did1088	1
qid88046	did49348	1
qid88056	did1576	1
qid88065	did42312	1
qid88066	did49356	1
qid88080	did49362	1
qid88082	did49364	1
qid88087	did24004	1
qid88100	did49375	1
qid88145	did49398	1
qid88164	did49405	1
qid88168	did49408	1
qid88172	did49410	1
qid88185	did1399	1
qid88203	did2749	1
qid88206	did49422	1
qid88217	did2298	1
qid88222	did13000	1
qid88229	did14617	1
qid88232	did49428	1
qid88239	did49429	1
qid88245	did3398	1
qid88247	did13209	1
qid88248	did49433	1
qid88260	did9320	1
qid88273	did49443	1
qid88279	did49444	1
qid88308	did49456	1
qid88332	did49466	1
qid88338	did49469	1
qid88345	did7632	1
qid88365	did45666	1
qid88371	did49481	1
qid88381	did47876	1
qid88383	did29716	1
qid88390	did49490	1
qid88397	did2942	1
qid88468	did1077	1
qid88485	did8282	1
qid88488	did7199	1
qid88506	did23329	1
qid88511	did49535	1
qid88513	did6152	1
qid88526	did49002	1
qid88537	did43288	1
qid88543	did2506	1
qid88549	did6506	1
qid88552	did48378	1
qid88555	did49548	1
qid88557	did49550	1
qid88558	did2337	1
qid88593	did29837	1
qid88598	did23999	1
qid88604	did35185	1
qid88610	did49569	1
qid88645	did22348	1
qid88655	did49587	1
qid88660	did24685	1
qid88661	did11355	1
qid88693	did49597	1
qid88701	did36860	1
qid88716	did18320	1
qid88739	did49611	1
qid88748	did3848	1
qid88751	did49616	1
qid88769	did47806	1
qid88780	did49628	1
qid88787	did17024	1
qid88799	did5000	1
qid88816	did19238	1
qid88818	did2673	1
qid88833	did24312	1
qid88835	did49646	1
qid88839	did3669	1
qid88852	did3164	1
qid88871	did49654	1
qid88874	did8606	1
qid88883	did49660	1
qid88899	did3988	1
qid88909	did49669	1
qid88915	did49671	1
qid88931	did49678	1
qid88953	did9020	1
qid88958	did47939	1
qid88980	did47484	1
qid88984	did18297	1
qid88995	did49697	1
qid88997	did17554	1
qid89013	did8464	1
qid89018	did49705	1
qid89019	did22489	1
qid89060	did18653	1
qid89061	did15297	1
qid89085	did31424	1
qid89097	did977	1
qid89107	did2120	1
qid89118	did44464	1
qid89123	did706	1
qid89128	did8787	1
qid89138	did19723	1
qid89147	did49753	1
qid89151	did49754	1
qid89163	did21423	1
qid89167	did4351	1
qid89169	did42194	1
qid89175	did49765	1
qid89178	did42129	1
qid89181	did5328	1
qid89186	did21587	1
qid89193	did21661	1
qid89211	did28314	1
qid89218	did49781	1
qid89221	did8067	1
qid89227	did1809	1
qid89231	did25105	1
qid89240	did1781	1
qid89261	did9149	1
qid89262	did13077	1
qid89263	did3790	1
qid89267	did14180	1
qid89269	did49801	1
qid89280	did6657	1
qid89289	did49810	1
qid89298	did23288	1
qid89302	did10841	1
qid89307	did3030	1
qid89327	did6968	1
qid89339	did49827	1
qid89356	did49837	1
qid89389	did16761	1
qid89395	did49850	1
qid89405	did1908	1
qid89419	did4829	1
qid89421	did6203	1
qid89424	did49860	1
qid89452	did2920	1
qid89454	did49871	1
qid89490	did49886	1
qid89492	did49887	1
qid89494	did49889	1
qid89510	did49897	1
qid89515	did57	1
qid89519	did17624	1
qid89567	did3477	1
qid89576	did4161	1
qid89580	did49923	1
qid89595	did49926	1
qid89601	did1171	1
qid89602	did49927	1
qid89607	did26265	1
qid89608	did4545	1
qid89622	did29380	1
qid89625	did5941	1
qid89626	did49937	1
qid89632	did1120	1
qid89640	did18247	1
qid89648	did5604	1
qid89657	did46466	1
qid89658	did49950	1
qid89667	did49955	1
qid89703	did44690	1
qid89705	did6941	1
qid89715	did22909	1
qid89741	did49977	1
qid89753	did9817	1
qid89757	did49982	1
qid89779	did49994	1
qid89827	did35243	1
qid89836	did14502	1
qid89840	did34081	1
qid89842	did50011	1
qid89862	did50021	1
qid89872	did18390	1
qid89877	did38326	1
qid89882	did10685	1
qid89883	did50024	1
qid89894	did50026	1
qid89895	did7034	1
qid89910	did1888	1
qid89914	did50033	1
qid89916	did615	1
qid89917	did593	1
qid89925	did26295	1
qid89935	did50040	1
qid89942	did7313	1
qid89969	did50053	1
qid89971	did28840	1
qid89972	did50054	1
qid89975	did50055	1
qid89982	did590	1
qid89986	did50059	1
qid90002	did49231	1
qid90030	did28784	1
qid90049	did10336	1
qid90051	did12510	1
qid90052	did50081	1
qid90060	did10934	1
qid90077	did46450	1
qid90085	did25234	1
qid90106	did50103	1
qid90116	did50108	1
qid90123	did21252	1
qid90131	did14491	1
qid90132	did32642	1
qid90133	did50113	1
qid90134	did30846	1
qid90139	did18653	1
qid90141	did6660	1
qid90145	did50117	1
qid90146	did38853	1
qid90153	did43308	1
qid90162	did4886	1
qid90172	did1305	1
qid90181	did50129	1
qid90204	did50138	1
qid90219	did50144	1
qid90224	did3669	1
qid90228	did3389	1
qid90242	did3282	1
qid90277	did16831	1
qid90289	did32656	1
qid90300	did1433	1
qid90310	did43533	1
qid90328	did44352	1
qid90339	did50189	1
qid90343	did50191	1
qid90345	did5550	1
qid90348	did50193	1
qid90352	did34177	1
qid90355	did50197	1
qid90357	did50199	1
qid90359	did41797	1
qid90361	did10752	1
qid90370	did50204	1
qid90372	did42517	1
qid90379	did50208	1
qid90394	did50215	1
qid90395	did33770	1
qid90399	did6312	1
qid90443	did26145	1
qid90450	did50235	1
qid90472	did50243	1
qid90540	did50271	1
qid90552	did4855	1
qid90559	did22109	1
qid90569	did50278	1
qid90579	did50281	1
qid90600	did50289	1
qid90628	did11186	1
qid90639	did7338	1
qid90643	did46289	1
qid90654	did50307	1
qid90658	did50310	1
qid90660	did770	1
qid90683	did50318	1
qid90697	did7136	1
qid90706	did50329	1
qid90733	did35082	1
qid90736	did10394	1
qid90745	did20530	1
qid90747	did1497	1
qid90776	did264	1
qid90778	did50354	1
qid90785	did50358	1
qid90788	did50360	1
qid90789	did989	1
qid90805	did19058	1
qid90811	did24150	1
qid90817	did50366	1
qid90821	did16699	1
qid90832	did50372	1
qid90833	did50373	1
qid90834	did5835	1
qid90841	did15063	1
qid90845	did6894	1
qid90851	did50381	1
qid90871	did47783	1
qid90883	did50397	1
qid90892	did33932	1
qid90902	did8071	1
qid90910	did50411	1
qid90917	did44245	1
qid90940	did12425	1
qid90944	did12835	1
qid90963	did50433	1
qid90968	did50436	1
qid90971	did21253	1
qid90984	did11920	1
qid90987	did8816	1
qid91011	did50445	1
qid91028	did43702	1
qid91055	did13401	1
qid91115	did50488	1
qid91122	did1809	1
qid91140	did50497	1
qid91149	did26317	1
qid91158	did20631	1
qid91211	did23241	1
qid91227	did21289	1
qid91228	did40876	1
qid91243	did14607	1
qid91246	did17327	1
qid91249	did8287	1
qid91252	did21109	1
qid91255	did50537	1
qid91259	did7219	1
qid91261	did7761	1
qid91269	did50542	1
qid91277	did33260	1
qid91285	did40845	1
qid91299	did50553	1
qid91313	did50560	1
qid91322	did18103	1
qid91330	did29052	1
qid91341	did40279	1
qid91363	did50576	1
qid91379	did38937	1
qid91383	did50584	1
qid91406	did8579	1
qid91417	did1752	1
qid91429	did50604	1
qid91433	did29756	1
qid91435	did3497	1
qid91439	did4046	1
qid91460	did10442	1
qid91464	did2973	1
qid91466	did15996	1
qid91471	did7478	1
qid91477	did3315	1
qid91492	did50629	1
qid91498	did21341	1
qid91509	did23775	1
qid91523	did42	1
qid91527	did10857	1
qid91542	did50647	1
qid91545	did19338	1
qid91580	did50665	1
qid91592	did6132	1
qid91599	did18300	1
qid91607	did47806	1
qid91622	did24772	1
qid91635	did33455	1
qid91660	did9883	1
qid91662	did50694	1
qid91663	did50695	1
qid91679	did24434	1
qid91686	did50705	1
qid91692	did50708	1
qid91705	did9063	1
qid91710	did22837	1
qid91717	did19063	1
qid91737	did45149	1
qid91741	did50729	1
qid91747	did1974	1
qid91781	did50744	1
qid91810	did50756	1
qid91815	did3713	1
qid91847	did50766	1
qid91852	did29053	1
qid91853	did50768	1
qid91855	did50769	1
qid91863	did50774	1
qid91874	did15077	1
qid91875	did50778	1
qid91879	did46104	1
qid91891	did36139	1
qid91897	did50788	1
qid91903	did29709	1
qid91904	did50792	1
qid91909	did2346	1
qid91914	did20315	1
qid91922	did23610	1
qid91926	did40674	1
qid91934	did50800	1
qid91935	did50801	1
qid91968	did50810	1
qid91975	did50814	1
qid91982	did26265	1
qid91986	did3307	1
qid91995	did448	1
qid91999	did50824	1
qid92002	did50827	1
qid92037	did10334	1
qid92047	did10442	1
qid92071	did50865	1
qid92077	did11246	1
qid92110	did50881	1
qid92116	did11289	1
qid92118	did10016	1
qid92124	did5508	1
qid92140	did35839	1
qid92152	did32550	1
qid92157	did50893	1
qid92164	did9434	1
qid92175	did42313	1
qid92214	did50917	1
qid92233	did50925	1
qid92234	did27429	1
qid92243	did27186	1
qid92245	did50929	1
qid92259	did44657	1
qid92262	did50936	1
qid92265	did50938	1
qid92266	did50939	1
qid92282	did50948	1
qid92287	did6730	1
qid92288	did1821	1
qid92290	did405	1
qid92295	did50953	1
qid92304	did50957	1
qid92305	did50958	1
qid92344	did5687	1
qid92349	did21076	1
qid92354	did15775	1
qid92370	did30076	1
qid92377	did28220	1
qid92398	did615	1
qid92418	did41445	1
qid92420	did50997	1
qid92441	did9475	1
qid92465	did48493	1
qid92489	did13546	1
qid92518	did51040	1
qid92523	did2316	1
qid92565	did33	1
qid92567	did9197	1
qid92584	did12384	1
qid92586	did30559	1
qid92609	did2177	1
qid92612	did13598	1
qid92614	did51078	1
qid92622	did42517	1
qid92630	did51089	1
qid92656	did51100	1
qid92663	did21248	1
qid92678	did51110	1
qid92706	did12526	1
qid92711	did4205	1
qid92712	did6692	1
qid92719	did12927	1
qid92726	did51125	1
qid92741	did31902	1
qid92742	did47215	1
qid92747	did3713	1
qid92761	did51136	1
qid92766	did51138	1
qid92783	did7672	1
qid92799	did9127	1
qid92815	did51162	1
qid92830	did51170	1
qid92833	did2543	1
qid92835	did26960	1
qid92839	did51172	1
qid92855	did2664	1
qid92856	did51174	1
qid92867	did36979	1
qid92868	did51180	1
qid92894	did38979	1
qid92923	did10466	1
qid92931	did51202	1
qid92958	did26388	1
qid92960	did35203	1
qid92980	did5050	1
qid92983	did12384	1
qid92989	did6378	1
qid92993	did1176	1
qid92997	did310	1
qid93041	did702	1
qid93050	did51235	1
qid93056	did29618	1
qid93075	did37767	1
qid93081	did51249	1
qid93090	did51251	1
qid93101	did6190	1
qid93123	did51261	1
qid93128	did51264	1
qid93132	did7891	1
qid93133	did51266	1
qid93142	did27802	1
qid93145	did10831	1
qid93146	did14207	1
qid93153	did51274	1
qid93157	did150	1
qid93165	did58	1
qid93175	did51285	1
qid93177	did51286	1
qid93199	did2346	1
qid93206	did26726	1
qid93212	did51300	1
qid93216	did12445	1
qid93218	did31466	1
qid93223	did10002	1
qid93233	did13415	1
qid93244	did31328	1
qid93252	did1428	1
qid93265	did2456	1
qid93270	did5126	1
qid93290	did51324	1
qid93295	did45171	1
qid93305	did13745	1
qid93308	did37482	1
qid93311	did3847	1
qid93320	did51335	1
qid93351	did51346	1
qid93353	did4967	1
qid93371	did12967	1
qid93375	did21625	1
qid93391	did2549	1
qid93393	did9537	1
qid93395	did1958	1
qid93407	did7070	1
qid93413	did38588	1
qid93429	did13881	1
qid93440	did51377	1
qid93446	did2348	1
qid93460	did51384	1
qid93461	did51385	1
qid93472	did18728	1
qid93483	did2564	1
qid93487	did51395	1
qid93496	did51399	1
qid93497	did42160	1
qid93506	did51403	1
qid93527	did36503	1
qid93538	did11594	1
qid93542	did51422	1
qid93544	did17689	1
qid93570	did51432	1
qid93572	did28454	1
qid93583	did2571	1
qid93623	did51449	1
qid93625	did28479	1
qid93627	did9938	1
qid93630	did51451	1
qid93637	did4998	1
qid93670	did51466	1
qid93676	did11851	1
qid93692	did51473	1
qid93705	did51479	1
qid93710	did51483	1
qid93718	did18255	1
qid93725	did2839	1
qid93730	did51493	1
qid93754	did9677	1
qid93756	did51500	1
qid93766	did51502	1
qid93771	did4657	1
qid93773	did51507	1
qid93774	did18116	1
qid93784	did51511	1
qid93798	did51516	1
qid93800	did51517	1
qid93808	did51520	1
qid93830	did37572	1
qid93833	did16497	1
qid93836	did28213	1
qid93839	did7688	1
qid93879	did51545	1
qid93916	did46539	1
qid93924	did556	1
qid93959	did5796	1
qid93973	did8884	1
qid93976	did28672	1
qid93984	did3164	1
qid93998	did51589	1
qid94006	did51592	1
qid94007	did12835	1
qid94009	did4315	1
qid94011	did51593	1
qid94017	did15913	1
qid94033	did5882	1
qid94034	did1130	1
qid94079	did45146	1
qid94080	did51618	1
qid94089	did51621	1
qid94092	did46668	1
qid94094	did51623	1
qid94105	did5768	1
qid94108	did51629	1
qid94109	did24596	1
qid94126	did29749	1
qid94131	did32024	1
qid94140	did51641	1
qid94143	did13203	1
qid94147	did51643	1
qid94148	did51644	1
qid94171	did27224	1
qid94186	did48263	1
qid94206	did51667	1
qid94209	did39310	1
qid94220	did16720	1
qid94230	did8380	1
qid94251	did39749	1
qid94267	did51695	1
qid94279	did14657	1
qid94284	did9544	1
qid94296	did4059	1
qid94303	did9742	1
qid94305	did51709	1
qid94311	did51710	1
qid94316	did8932	1
qid94331	did50251	1
qid94332	did1212	1
qid94341	did2407	1
qid94349	did42955	1
qid94358	did27097	1
qid94374	did24271	1
qid94416	did33004	1
qid94419	did51746	1
qid94427	did8791	1
qid94439	did18241	1
qid94441	did6936	1
qid94449	did44599	1
qid94466	did16958	1
qid94484	did6599	1
qid94487	did167	1
qid94491	did51772	1
qid94496	did1530	1
qid94497	did12100	1
qid94503	did7302	1
qid94515	did51782	1
qid94528	did698	1
qid94529	did42656	1
qid94531	did51787	1
qid94537	did51790	1
qid94543	did28160	1
qid94550	did51794	1
qid94552	did35496	1
qid94570	did51800	1
qid94602	did50074	1
qid94619	did9963	1
qid94624	did1987	1
qid94625	did1142	1
qid94635	did51825	1
qid94657	did51834	1
qid94661	did51837	1
qid94676	did4325	1
qid94682	did51846	1
qid94684	did51847	1
qid94687	did35513	1
qid94703	did51859	1
qid94705	did10378	1
qid94720	did12151	1
qid94730	did4286	1
qid94770	did51885	1
qid94779	did51887	1
qid94787	did15801	1
qid94792	did5060	1
qid94807	did4959	1
qid94814	did31809	1
qid94834	did1412	1
qid94844	did3277	1
qid94854	did51910	1
qid94865	did51916	1
qid94875	did16996	1
qid94904	did51934	1
qid94907	did51935	1
qid94926	did41189	1
qid94932	did51944	1
qid94934	did6506	1
qid94943	did51949	1
qid94945	did1751	1
qid94972	did43915	1
qid94990	did51970	1
qid95005	did18319	1
qid95006	did49009	1
qid95030	did13340	1
qid95039	did7108	1
qid95042	did51985	1
qid95050	did1290	1
qid95056	did51989	1
qid95063	did10427	1
qid95081	did18677	1
qid95102	did52005	1
qid95106	did2983	1
qid95119	did52011	1
qid95129	did7467	1
qid95134	did10629	1
qid95150	did6378	1
qid95160	did21471	1
qid95189	did52042	1
qid95190	did7090	1
qid95201	did446	1
qid95203	did52046	1
qid95215	did52052	1
qid95220	did32631	1
qid95234	did52057	1
qid95243	did37747	1
qid95252	did26524	1
qid95259	did5353	1
qid95283	did52072	1
qid95288	did41703	1
qid95292	did24228	1
qid95301	did48301	1
qid95315	did33378	1
qid95322	did31809	1
qid95342	did52090	1
qid95351	did19024	1
qid95361	did52098	1
qid95364	did41400	1
qid95368	did2546	1
qid95373	did18388	1
qid95380	did14596	1
qid95381	did21300	1
qid95396	did22493	1
qid95417	did13848	1
qid95423	did5445	1
qid95439	did52125	1
qid95446	did11341	1
qid95458	did20329	1
qid95459	did285	1
qid95465	did2144	1
qid95494	did16627	1
qid95513	did1142	1
qid95529	did5883	1
qid95535	did52159	1
qid95545	did7090	1
qid95552	did52163	1
qid95555	did6243	1
qid95557	did14698	1
qid95558	did52165	1
qid95562	did52166	1
qid95563	did4703	1
qid95567	did52170	1
qid95571	did46131	1
qid95578	did43950	1
qid95582	did52175	1
qid95593	did10760	1
qid95601	did13984	1
qid95608	did21674	1
qid95612	did52184	1
qid95614	did1253	1
qid95618	did9841	1
qid95631	did26021	1
qid95632	did5759	1
qid95642	did7218	1
qid95643	did3218	1
qid95647	did52191	1
qid95653	did842	1
qid95671	did580	1
qid95676	did52202	1
qid95699	did3181	1
qid95700	did30965	1
qid95710	did52215	1
qid95715	did37452	1
qid95719	did20647	1
qid95722	did16452	1
qid95738	did52224	1
qid95739	did5160	1
qid95740	did2040	1
qid95763	did52232	1
qid95774	did7638	1
qid95803	did52248	1
qid95808	did2084	1
qid95811	did52252	1
qid95832	did48157	1
qid95862	did12868	1
qid95864	did7321	1
qid95883	did51719	1
qid95905	did15316	1
qid95917	did10638	1
qid95931	did52294	1
qid95936	did52297	1
qid95948	did37145	1
qid95955	did4830	1
qid95958	did52307	1
qid95962	did5312	1
qid95976	did900	1
qid95977	did11081	1
qid95985	did52318	1
qid95992	did52322	1
qid96005	did534	1
qid96008	did19692	1
qid96014	did5122	1
qid96020	did37983	1
qid96033	did52335	1
qid96041	did52341	1
qid96046	did14209	1
qid96051	did841	1
qid96081	did8975	1
qid96093	did13277	1
qid96097	did52364	1
qid96108	did52369	1
qid96110	did11615	1
qid96129	did10043	1
qid96134	did29064	1
qid96144	did33880	1
qid96148	did42094	1
qid96158	did5859	1
qid96164	did732	1
qid96171	did2549	1
qid96178	did52389	1
qid96190	did4288	1
qid96194	did52395	1
qid96201	did1879	1
qid96202	did281	1
qid96207	did52401	1
qid96226	did4871	1
qid96230	did1077	1
qid96244	did35403	1
qid96265	did190	1
qid96266	did12347	1
qid96275	did16769	1
qid96278	did10422	1
qid96279	did15478	1
qid96299	did554	1
qid96334	did21652	1
qid96349	did52449	1
qid96364	did52454	1
qid96372	did52459	1
qid96373	did35555	1
qid96384	did39523	1
qid96387	did2387	1
qid96400	did52469	1
qid96401	did52470	1
qid96409	did52474	1
qid96432	did52486	1
qid96437	did33285	1
qid96438	did37910	1
qid96453	did10982	1
qid96467	did52503	1
qid96469	did52504	1
qid96474	did52506	1
qid96475	did26924	1
qid96512	did7387	1
qid96513	did52522	1
qid96539	did52531	1
qid96560	did41804	1
qid96573	did52551	1
qid96604	did21338	1
qid96621	did25566	1
qid96622	did2892	1
qid96630	did52576	1
qid96631	did4643	1
qid96650	did16955	1
qid96654	did23929	1
qid96657	did52585	1
qid96704	did5816	1
qid96728	did27575	1
qid96772	did7923	1
qid96774	did42480	1
qid96776	did33400	1
qid96817	did3256	1
qid96819	did52642	1
qid96826	did52644	1
qid96827	did19894	1
qid96857	did52652	1
qid96862	did52655	1
qid96867	did4163	1
qid96869	did6473	1
qid96882	did52665	1
qid96887	did52670	1
qid96905	did52677	1
qid96913	did52678	1
qid96920	did52681	1
qid96937	did52685	1
qid96954	did52693	1
qid96977	did11813	1
qid96980	did29555	1
qid97063	did52022	1
qid97064	did52729	1
qid97068	did6290	1
qid97073	did6442	1
qid97075	did50517	1
qid97084	did32232	1
qid97086	did13061	1
qid97094	did6039	1
qid97101	did52743	1
qid97102	did1020	1
qid97104	did8045	1
qid97109	did2298	1
qid97110	did42244	1
qid97121	did10411	1
qid97136	did52753	1
qid97163	did52761	1
qid97179	did5899	1
qid97182	did9795	1
qid97189	did14764	1
qid97203	did52775	1
qid97212	did1889	1
qid97229	did43437	1
qid97233	did44276	1
qid97234	did52787	1
qid97256	did52796	1
qid97266	did37787	1
qid97276	did13788	1
qid97282	did52807	1
qid97293	did52810	1
qid97298	did10715	1
qid97313	did52816	1
qid97322	did18326	1
qid97338	did52826	1
qid97346	did2561	1
qid97348	did52832	1
qid97359	did44973	1
qid97363	did38232	1
qid97367	did52838	1
qid97377	did3896	1
qid97389	did52846	1
qid97403	did11101	1
qid97406	did32086	1
qid97413	did52852	1
qid97415	did52853	1
qid97432	did11675	1
qid97438	did15751	1
qid97450	did5050	1
qid97465	did38023	1
qid97485	did117	1
qid97494	did52883	1
qid97514	did27410	1
qid97518	did13265	1
qid97557	did52912	1
qid97558	did472	1
qid97559	did52913	1
qid97564	did32639	1
qid97572	did3542	1
qid97577	did18760	1
qid97579	did38441	1
qid97583	did40643	1
qid97596	did16348	1
qid97610	did37471	1
qid97617	did20225	1
qid97635	did47301	1
qid97659	did52947	1
qid97667	did29614	1
qid97690	did2161	1
qid97704	did30717	1
qid97714	did52964	1
qid97721	did24923	1
qid97755	did52980	1
qid97756	did5687	1
qid97762	did17502	1
qid97773	did52984	1
qid97777	did15915	1
qid97798	did398	1
qid97825	did25652	1
qid97826	did20018	1
qid97840	did53008	1
qid97848	did4119	1
qid97851	did5836	1
qid97857	did51602	1
qid97866	did27269	1
qid97867	did47255	1
qid97881	did7888	1
qid97896	did9502	1
qid97921	did21938	1
qid97923	did53037	1
qid97960	did3323	1
qid97978	did41837	1
qid97981	did53057	1
qid97984	did53059	1
qid97985	did53060	1
qid98007	did12344	1
qid98014	did26648	1
qid98018	did53072	1
qid98034	did1879	1
qid98036	did2981	1
qid98045	did53084	1
qid98056	did2075	1
qid98087	did11924	1
qid98092	did53099	1
qid98102	did20606	1
qid98125	did3608	1
qid98132	did15906	1
qid98166	did53123	1
qid98189	did53137	1
qid98200	did19822	1
qid98225	did53152	1
qid98234	did13311	1
qid98246	did53160	1
qid98251	did53162	1
qid98253	did1816	1
qid98260	did4060	1
qid98273	did36255	1
qid98310	did53182	1
qid98318	did53187	1
qid98324	did53191	1
qid98330	did53194	1
qid98347	did4792	1
qid98384	did26042	1
qid98386	did53215	1
qid98412	did9938	1
qid98432	did24490	1
qid98443	did51375	1
qid98454	did53238	1
qid98473	did53248	1
qid98474	did20825	1
qid98489	did31721	1
qid98496	did53258	1
qid98498	did53259	1
qid98510	did22009	1
qid98522	did30187	1
qid98533	did53266	1
qid98542	did35098	1
qid98561	did53277	1
qid98569	did53281	1
qid98583	did53285	1
qid98591	did39353	1
qid98593	did53287	1
qid98601	did11623	1
qid98609	did40016	1
qid98612	did53293	1
qid98613	did7136	1
qid98615	did8067	1
qid98632	did53301	1
qid98669	did53319	1
qid98697	did53333	1
qid98701	did53335	1
qid98729	did5850	1
qid98731	did53343	1
qid98737	did53346	1
qid98738	did53347	1
qid98745	did39391	1
qid98759	did4649	1
qid98773	did53361	1
qid98808	did40781	1
qid98842	did53391	1
qid98880	did10431	1
qid98907	did53410	1
qid98929	did5286	1
qid98949	did9896	1
qid98960	did2406	1
qid98970	did8779	1
qid99005	did8590	1
qid99012	did5321	1
qid99014	did53447	1
qid99034	did1530	1
qid99043	did39263	1
qid99061	did53465	1
qid99070	did51936	1
qid99076	did19321	1
qid99089	did38224	1
qid99093	did53474	1
qid99099	did53476	1
qid99100	did53477	1
qid99110	did13828	1
qid99127	did15551	1
qid99129	did9149	1
qid99150	did53498	1
qid99151	did24271	1
qid99152	did13663	1
qid99166	did40963	1
qid99170	did53506	1
qid99173	did2708	1
qid99174	did9119	1
qid99189	did2643	1
qid99240	did798	1
qid99243	did15066	1
qid99244	did23246	1
qid99246	did3166	1
qid99256	did47182	1
qid99262	did53530	1
qid99268	did53533	1
qid99269	did11984	1
qid99270	did53534	1
qid99277	did21062	1
qid99282	did53539	1
qid99285	did20161	1
qid99296	did798	1
qid99316	did18788	1
qid99331	did53558	1
qid99334	did9038	1
qid99340	did13368	1
qid99367	did53574	1
qid99372	did53576	1
qid99399	did53584	1
qid99411	did53586	1
qid99414	did53587	1
qid99421	did4980	1
qid99422	did53591	1
qid99424	did53592	1
qid99434	did33071	1
qid99436	did22528	1
qid99439	did4668	1
qid99447	did53601	1
qid99450	did19749	1
qid99458	did45533	1
qid99468	did53607	1
qid99473	did17049	1
qid99491	did53612	1
qid99499	did24053	1
qid99513	did11239	1
qid99521	did53623	1
qid99528	did53627	1
qid99552	did2257	1
qid99571	did22978	1
qid99573	did49135	1
qid99584	did4629	1
qid99593	did2894	1
qid99616	did21238	1
qid99639	did18888	1
qid99654	did53666	1
qid99659	did37568	1
qid99669	did21510	1
qid99674	did53674	1
qid99676	did53675	1
qid99682	did53676	1
qid99721	did53694	1
qid99749	did10621	1
qid99754	did43006	1
qid99784	did1021	1
qid99786	did53717	1
qid99787	did53718	1
qid99793	did2926	1
qid99823	did47236	1
qid99852	did7072	1
qid99864	did27669	1
qid99878	did151	1
qid99889	did53752	1
qid99901	did53755	1
qid99909	did53759	1
qid99912	did36348	1
qid99917	did30843	1
qid99922	did53760	1
qid99939	did8442	1
qid99947	did4001	1
qid99953	did32271	1
qid99959	did53770	1
qid99967	did40490	1
qid99972	did10411	1
qid100002	did35383	1
qid100003	did53487	1
qid100007	did19552	1
qid100020	did234	1
qid100043	did1771	1
qid100047	did46985	1
qid100054	did53805	1
qid100064	did53809	1
qid100069	did20660	1
qid100072	did157	1
qid100073	did6830	1
qid100075	did14681	1
qid100079	did39535	1
qid100091	did53820	1
qid100092	did53821	1
qid100111	did7781	1
qid100119	did2981	1
qid100123	did28045	1
qid100128	did53835	1
qid100129	did53836	1
qid100131	did52087	1
qid100135	did6749	1
qid100138	did13847	1
qid100195	did17697	1
qid100213	did53867	1
qid100215	did47484	1
qid100221	did53869	1
qid100230	did2410	1
qid100250	did53880	1
qid100253	did53881	1
qid100266	did53888	1
qid100270	did13893	1
qid100273	did4490	1
qid100293	did33036	1
qid100305	did53898	1
qid100322	did53903	1
qid100336	did13024	1
qid100341	did53908	1
qid100369	did53919	1
qid100398	did13252	1
qid100401	did797	1
qid100408	did46972	1
qid100410	did21461	1
qid100415	did16127	1
qid100434	did53940	1
qid100437	did11614	1
qid100453	did4886	1
qid100454	did38338	1
qid100488	did9841	1
qid100495	did40116	1
qid100496	did35506	1
qid100501	did37845	1
qid100518	did24369	1
qid100535	did35390	1
qid100537	did3423	1
qid100547	did53977	1
qid100549	did53978	1
qid100559	did53982	1
qid100562	did21851	1
qid100571	did53986	1
qid100598	did8071	1
qid100622	did26873	1
qid100624	did54004	1
qid100630	did6097	1
qid100659	did12983	1
qid100660	did46728	1
qid100669	did33698	1
qid100690	did54025	1
qid100706	did6452	1
qid100710	did47643	1
qid100755	did10130	1
qid100766	did31690	1
qid100771	did28683	1
qid100821	did2286	1
qid100850	did54076	1
qid100856	did2755	1
qid100863	did18663	1
qid100878	did1735	1
qid100897	did45007	1
qid100902	did54094	1
qid100927	did38058	1
qid100930	did34682	1
qid100932	did14016	1
qid100957	did8071	1
qid100958	did50750	1
qid100974	did54125	1
qid100984	did9379	1
qid100991	did54131	1
qid101000	did24325	1
qid101007	did1240	1
qid101016	did24299	1
qid101022	did9407	1
qid101046	did11234	1
qid101050	did54155	1
qid101074	did1111	1
qid101089	did54171	1
qid101092	did54173	1
qid101101	did8911	1
qid101111	did54181	1
qid101117	did1848	1
qid101164	did54203	1
qid101174	did1541	1
qid101191	did42010	1
qid101197	did54214	1
qid101222	did52273	1
qid101225	did25604	1
qid101231	did54225	1
qid101233	did5167	1
qid101235	did12656	1
qid101250	did47293	1
qid101285	did5368	1
qid101287	did54241	1
qid101301	did54250	1
qid101303	did54251	1
qid101310	did7720	1
qid101330	did54262	1
qid101337	did15400	1
qid101346	did54267	1
qid101355	did26230	1
qid101356	did43668	1
qid101369	did4919	1
qid101389	did17044	1
qid101428	did54293	1
qid101446	did21479	1
qid101447	did2994	1
qid101457	did4645	1
qid101460	did54306	1
qid101471	did287	1
qid101478	did54313	1
qid101504	did880	1
qid101507	did3585	1
qid101530	did38797	1
qid101539	did35712	1
qid101542	did49594	1
qid101549	did54340	1
qid101575	did16009	1
qid101630	did2027	1
qid101637	did4106	1
qid101645	did847	1
qid101654	did8886	1
qid101670	did7653	1
qid101672	did54383	1
qid101692	did2286	1
qid101695	did54391	1
qid101696	did47757	1
qid101714	did54397	1
qid101717	did54400	1
qid101720	did54401	1
qid101746	did42981	1
qid101762	did54416	1
qid101763	did4691	1
qid101764	did54417	1
qid101769	did54420	1
qid101781	did5590	1
qid101800	did2874	1
qid101802	did21062	1
qid101803	did3601	1
qid101815	did54431	1
qid101824	did15529	1
qid101831	did30882	1
qid101835	did54438	1
qid101854	did1898	1
qid101858	did4124	1
qid101899	did54464	1
qid101912	did11453	1
qid101926	did4258	1
qid101934	did54472	1
qid101939	did4887	1
qid101944	did2132	1
qid102019	did180	1
qid102029	did122	1
qid102048	did8368	1
qid102054	did54519	1
qid102057	did1794	1
qid102063	did54520	1
qid102068	did50992	1
qid102073	did54524	1
qid102075	did54525	1
qid102092	did54535	1
qid102099	did54540	1
qid102103	did54542	1
qid102104	did54543	1
qid102106	did5416	1
qid102111	did54545	1
qid102117	did54547	1
qid102124	did12747	1
qid102149	did17549	1
qid102166	did54564	1
qid102190	did25807	1
qid102195	did54572	1
qid102202	did27323	1
qid102206	did4441	1
qid102213	did374	1
qid102215	did54577	1
qid102227	did25048	1
qid102278	did54607	1
qid102285	did42	1
qid102292	did54614	1
qid102324	did591	1
qid102331	did17614	1
qid102336	did8649	1
qid102362	did8387	1
qid102369	did54641	1
qid102404	did1341	1
qid102407	did54657	1
qid102411	did53746	1
qid102426	did4734	1
qid102427	did54667	1
qid102436	did54670	1
qid102445	did54672	1
qid102447	did54673	1
qid102451	did11535	1
qid102453	did12935	1
qid102466	did1974	1
qid102492	did9821	1
qid102537	did54701	1
qid102538	did15853	1
qid102548	did42254	1
qid102553	did54707	1
qid102564	did8611	1
qid102569	did54712	1
qid102580	did29794	1
qid102588	did4152	1
qid102589	did30008	1
qid102600	did54724	1
qid102605	did53417	1
qid102607	did12957	1
qid102617	did36697	1
qid102624	did54731	1
qid102626	did12644	1
qid102647	did668	1
qid102653	did1709	1
qid102668	did54745	1
qid102715	did54765	1
qid102730	did9512	1
qid102736	did54773	1
qid102747	did2874	1
qid102750	did8453	1
qid102753	did54780	1
qid102786	did13939	1
qid102799	did31736	1
qid102806	did54800	1
qid102815	did54804	1
qid102845	did54816	1
qid102865	did1678	1
qid102880	did54829	1
qid102922	did54479	1
qid102928	did54842	1
qid102942	did54846	1
qid102948	did54848	1
qid102958	did2301	1
qid102968	did10296	1
qid102969	did54678	1
qid102971	did22282	1
qid102972	did6613	1
qid103010	did38203	1
qid103016	did1898	1
qid103021	did54870	1
qid103022	did54871	1
qid103054	did9184	1
qid103059	did54884	1
qid103062	did4754	1
qid103078	did54890	1
qid103079	did4614	1
qid103088	did54896	1
qid103092	did54899	1
qid103095	did54900	1
qid103103	did36981	1
qid103127	did39135	1
qid103148	did54913	1
qid103151	did12168	1
qid103155	did54914	1
qid103190	did14864	1
qid103200	did2551	1
qid103202	did10706	1
qid103208	did4521	1
qid103210	did8927	1
qid103222	did3214	1
qid103238	did54942	1
qid103253	did29251	1
qid103255	did319	1
qid103260	did54948	1
qid103276	did54955	1
qid103290	did54961	1
qid103311	did8772	1
qid103314	did54974	1
qid103319	did4568	1
qid103322	did5695	1
qid103336	did21210	1
qid103348	did54985	1
qid103362	did12423	1
qid103369	did32668	1
qid103371	did2028	1
qid103380	did28196	1
qid103384	did37221	1
qid103385	did6122	1
qid103391	did54998	1
qid103395	did55001	1
qid103401	did27344	1
qid103416	did19779	1
qid103417	did31	1
qid103419	did38259	1
qid103426	did12510	1
qid103442	did55018	1
qid103454	did29731	1
qid103458	did35839	1
qid103468	did992	1
qid103485	did55035	1
qid103488	did6328	1
qid103509	did55043	1
qid103510	did55044	1
qid103519	did55048	1
qid103520	did31695	1
qid103525	did23530	1
qid103528	did16475	1
qid103542	did55056	1
qid103567	did14006	1
qid103569	did10442	1
qid103571	did26677	1
qid103579	did17918	1
qid103580	did13898	1
qid103583	did23745	1
qid103586	did55073	1
qid103616	did6523	1
qid103620	did4769	1
qid103624	did3355	1
qid103626	did47171	1
qid103631	did53590	1
qid103661	did55091	1
qid103671	did55095	1
qid103684	did12591	1
qid103693	did28459	1
qid103702	did18281	1
qid103705	did5990	1
qid103706	did55105	1
qid103714	did55108	1
qid103715	did17757	1
qid103721	did2546	1
qid103722	did55111	1
qid103727	did55114	1
qid103738	did55119	1
qid103756	did55127	1
qid103763	did28604	1
qid103801	did5666	1
qid103803	did55148	1
qid103805	did29320	1
qid103812	did10281	1
qid103820	did55151	1
qid103833	did55155	1
qid103838	did55159	1
qid103842	did55160	1
qid103844	did49982	1
qid103854	did55167	1
qid103855	did51078	1
qid103866	did55172	1
qid103867	did1735	1
qid103868	did17373	1
qid103870	did2473	1
qid103887	did48956	1
qid103894	did55181	1
qid103897	did55183	1
qid103919	did55194	1
qid103959	did8453	1
qid103961	did55211	1
qid103964	did10426	1
qid103980	did3404	1
qid104004	did55227	1
qid104005	did3428	1
qid104010	did21752	1
qid104015	did2228	1
qid104030	did27288	1
qid104034	did19213	1
qid104037	did28909	1
qid104045	did55239	1
qid104046	did4767	1
qid104050	did7738	1
qid104072	did55249	1
qid104081	did55255	1
qid104100	did44288	1
qid104101	did55261	1
qid104103	did55263	1
qid104113	did18247	1
qid104121	did55268	1
qid104122	did55269	1
qid104126	did55272	1
qid104132	did55275	1
qid104142	did39547	1
qid104153	did16500	1
qid104154	did6798	1
qid104170	did55290	1
qid104199	did55302	1
qid104200	did49063	1
qid104205	did55305	1
qid104210	did15025	1
qid104227	did1660	1
qid104228	did38545	1
qid104237	did55319	1
qid104238	did1352	1
qid104242	did55321	1
qid104247	did3847	1
qid104253	did10659	1
qid104259	did23526	1
qid104260	did7025	1
qid104262	did55329	1
qid104263	did4051	1
qid104271	did55332	1
qid104343	did7891	1
qid104345	did13813	1
qid104373	did40231	1
qid104388	did17099	1
qid104396	did15711	1
qid104401	did55376	1
qid104413	did9957	1
qid104415	did44348	1
qid104423	did32237	1
qid104449	did24563	1
qid104451	did6899	1
qid104455	did15078	1
qid104456	did3393	1
qid104470	did7218	1
qid104505	did7728	1
qid104510	did55410	1
qid104517	did55412	1
qid104535	did25204	1
qid104546	did6162	1
qid104569	did11308	1
qid104579	did55431	1
qid104586	did53130	1
qid104617	did55442	1
qid104634	did55450	1
qid104640	did4017	1
qid104667	did2864	1
qid104672	did24742	1
qid104683	did23179	1
qid104690	did55467	1
qid104709	did55477	1
qid104711	did2763	1
qid104715	did17579	1
qid104721	did44329	1
qid104748	did55487	1
qid104787	did55503	1
qid104795	did5271	1
qid104798	did719	1
qid104805	did4378	1
qid104822	did19603	1
qid104823	did21165	1
qid104852	did2016	1
qid104857	did27272	1
qid104871	did55537	1
qid104886	did55541	1
qid104918	did16967	1
qid104966	did55568	1
qid104973	did55570	1
qid104978	did33622	1
qid104987	did28168	1
qid105020	did55581	1
qid105021	did4711	1
qid105026	did24847	1
qid105042	did20180	1
qid105063	did3404	1
qid105085	did55607	1
qid105100	did2518	1
qid105102	did39814	1
qid105132	did55626	1
qid105134	did38022	1
qid105138	did55627	1
qid105149	did26991	1
qid105182	did3270	1
qid105211	did12078	1
qid105212	did55646	1
qid105217	did5816	1
qid105221	did14180	1
qid105228	did45171	1
qid105232	did18601	1
qid105233	did55650	1
qid105239	did55654	1
qid105292	did55667	1
qid105323	did8598	1
qid105335	did55684	1
qid105338	did2584	1
qid105353	did55691	1
qid105385	did10204	1
qid105392	did55706	1
qid105394	did18596	1
qid105397	did55707	1
qid105414	did1360	1
qid105426	did3960	1
qid105452	did22181	1
qid105458	did1087	1
qid105476	did55732	1
qid105504	did8339	1
qid105520	did55749	1
qid105532	did55755	1
qid105541	did16975	1
qid105549	did55762	1
qid105572	did26661	1
qid105576	did13677	1
qid105580	did22009	1
qid105594	did11340	1
qid105604	did4802	1
qid105611	did55785	1
qid105627	did55791	1
qid105635	did593	1
qid105663	did55808	1
qid105678	did6675	1
qid105693	did55817	1
qid105698	did1487	1
qid105706	did55820	1
qid105717	did20049	1
qid105720	did55824	1
qid105726	did55827	1
qid105733	did21762	1
qid105763	did55842	1
qid105766	did55843	1
qid105781	did55851	1
qid105789	did55853	1
qid105792	did615	1
qid105812	did51768	1
qid105818	did6038	1
qid105828	did55868	1
qid105838	did175	1
qid105860	did55880	1
qid105875	did55885	1
qid105885	did21469	1
qid105897	did41700	1
qid105899	did13748	1
qid105902	did23316	1
qid105905	did45194	1
qid105906	did55896	1
qid105911	did11480	1
qid105912	did54146	1
qid105922	did12328	1
qid105932	did4838	1
qid105938	did3566	1
qid105947	did18269	1
qid105963	did43595	1
qid105971	did30085	1
qid105986	did55917	1
qid105987	did41736	1
qid106021	did55930	1
qid106023	did55931	1
qid106025	did2004	1
qid106037	did55938	1
qid106050	did25352	1
qid106054	did55944	1
qid106061	did55947	1
qid106069	did1062	1
qid106092	did6657	1
qid106095	did6882	1
qid106096	did29445	1
qid106104	did2461	1
qid106108	did37618	1
qid106131	did55975	1
qid106132	did55976	1
qid106155	did35580	1
qid106156	did18346	1
qid106164	did20080	1
qid106169	did9821	1
qid106178	did2948	1
qid106181	did55992	1
qid106188	did4007	1
qid106204	did32502	1
qid106207	did56004	1
qid106219	did16609	1
qid106229	did13145	1
qid106231	did37428	1
qid106235	did3291	1
qid106252	did5508	1
qid106257	did56023	1
qid106258	did24146	1
qid106259	did1648	1
qid106282	did1216	1
qid106284	did6720	1
qid106297	did27134	1
qid106299	did1987	1
qid106301	did13901	1
qid106324	did23903	1
qid106344	did55653	1
qid106346	did56048	1
qid106365	did5264	1
qid106366	did21888	1
qid106389	did33286	1
qid106393	did34621	1
qid106403	did15349	1
qid106424	did20223	1
qid106448	did14061	1
qid106459	did8253	1
qid106463	did19105	1
qid106468	did42194	1
qid106478	did24611	1
qid106481	did52926	1
qid106482	did21474	1
qid106486	did31897	1
qid106491	did5591	1
qid106493	did56092	1
qid106494	did5297	1
qid106505	did22894	1
qid106507	did34928	1
qid106520	did13237	1
qid106525	did798	1
qid106527	did13386	1
qid106529	did35218	1
qid106539	did56103	1
qid106557	did56107	1
qid106558	did56108	1
qid106570	did28647	1
qid106622	did27954	1
qid106627	did56128	1
qid106632	did10243	1
qid106642	did24098	1
qid106648	did56137	1
qid106667	did56146	1
qid106669	did20268	1
qid106682	did20833	1
qid106694	did56156	1
qid106703	did22485	1
qid106705	did36269	1
qid106707	did37616	1
qid106747	did40294	1
qid106749	did3047	1
qid106765	did56177	1
qid106768	did56178	1
qid106770	did9783	1
qid106773	did56181	1
qid106775	did36194	1
qid106777	did12825	1
qid106784	did13783	1
qid106797	did10342	1
qid106803	did33943	1
qid106804	did56197	1
qid106813	did47492	1
qid106815	did16839	1
qid106848	did8785	1
qid106857	did56214	1
qid106862	did2005	1
qid106887	did4293	1
qid106895	did601	1
qid106896	did56230	1
qid106898	did56232	1
qid106899	did56233	1
qid106900	did56234	1
qid106910	did56238	1
qid106919	did648	1
qid106921	did56242	1
qid106926	did11562	1
qid106945	did56250	1
qid106952	did56255	1
qid106970	did56263	1
qid106981	did52303	1
qid106985	did41529	1
qid106996	did425	1
qid107020	did26874	1
qid107037	did4067	1
qid107040	did40420	1
qid107042	did56291	1
qid107054	did18964	1
qid107061	did56299	1
qid107072	did41376	1
qid107081	did56305	1
qid107091	did5797	1
qid107101	did56313	1
qid107107	did25498	1
qid107108	did56316	1
qid107110	did1062	1
qid107113	did56318	1
qid107129	did51252	1
qid107136	did12617	1
qid107152	did56334	1
qid107155	did20881	1
qid107160	did56338	1
qid107168	did19404	1
qid107180	did23334	1
qid107190	did12773	1
qid107207	did744	1
qid107218	did56354	1
qid107254	did56368	1
qid107255	did2707	1
qid107271	did56373	1
qid107274	did634	1
qid107293	did56382	1
qid107307	did20090	1
qid107332	did32576	1
qid107334	did56396	1
qid107348	did56401	1
qid107357	did56404	1
qid107365	did29640	1
qid107389	did2881	1
qid107394	did56421	1
qid107402	did1487	1
qid107405	did5520	1
qid107407	did56426	1
qid107411	did56429	1
qid107434	did22539	1
qid107441	did4759	1
qid107445	did56442	1
qid107465	did56449	1
qid107469	did56450	1
qid107475	did56451	1
qid107476	did56452	1
qid107497	did3393	1
qid107503	did56462	1
qid107514	did859	1
qid107519	did29629	1
qid107534	did1127	1
qid107537	did56469	1
qid107549	did56471	1
qid107557	did6224	1
qid107562	did479	1
qid107564	did56477	1
qid107572	did20600	1
qid107581	did35740	1
qid107587	did48135	1
qid107614	did1780	1
qid107615	did53630	1
qid107628	did10773	1
qid107655	did1099	1
qid107656	did43576	1
qid107662	did30237	1
qid107691	did9901	1
qid107701	did42270	1
qid107724	did5057	1
qid107725	did2506	1
qid107730	did13462	1
qid107750	did2027	1
qid107762	did56541	1
qid107763	did56542	1
qid107766	did13786	1
qid107769	did9821	1
qid107784	did44276	1
qid107793	did56552	1
qid107801	did37591	1
qid107815	did56557	1
qid107862	did56569	1
qid107882	did23268	1
qid107887	did601	1
qid107900	did5509	1
qid107902	did56581	1
qid107930	did26174	1
qid107931	did25522	1
qid107944	did56594	1
qid107954	did56600	1
qid107958	did56602	1
qid107959	did5176	1
qid107983	did7014	1
qid107986	did56612	1
qid107995	did56618	1
qid107996	did56619	1
qid108013	did56623	1
qid108018	did36560	1
qid108030	did6681	1
qid108040	did2389	1
qid108043	did4137	1
qid108053	did56635	1
qid108061	did56638	1
qid108062	did54149	1
qid108063	did11152	1
qid108069	did15861	1
qid108078	did6378	1
qid108080	did11648	1
qid108082	did22596	1
qid108084	did4015	1
qid108096	did56648	1
qid108100	did3883	1
qid108128	did67	1
qid108140	did56662	1
qid108143	did56663	1
qid108144	did407	1
qid108158	did56668	1
qid108164	did21878	1
qid108174	did56673	1
qid108176	did2184	1
qid108181	did2811	1
qid108182	did19715	1
qid108184	did56675	1
qid108196	did56682	1
qid108211	did56687	1
qid108217	did3489	1
qid108223	did15676	1
qid108225	did1174	1
qid108235	did56695	1
qid108238	did56697	1
qid108252	did28220	1
qid108255	did19845	1
qid108267	did56706	1
qid108269	did34322	1
qid108291	did56718	1
qid108294	did2053	1
qid108314	did56729	1
qid108322	did56732	1
qid108323	did56733	1
qid108332	did56737	1
qid108363	did2432	1
qid108376	did11718	1
qid108378	did56755	1
qid108381	did56756	1
qid108388	did56760	1
qid108390	did52182	1
qid108391	did56761	1
qid108393	did916	1
qid108403	did56766	1
qid108409	did39694	1
qid108422	did56771	1
qid108431	did1	1
qid108444	did56783	1
qid108460	did9754	1
qid108462	did33648	1
qid108469	did56791	1
qid108490	did56804	1
qid108492	did26477	1
qid108540	did56818	1
qid108565	did6155	1
qid108577	did9579	1
qid108613	did960	1
qid108631	did56845	1
qid108635	did7760	1
qid108636	did1669	1
qid108647	did22760	1
qid108650	did56851	1
qid108651	did36186	1
qid108654	did25584	1
qid108655	did43547	1
qid108659	did19632	1
qid108674	did56858	1
qid108681	did23339	1
qid108714	did56879	1
qid108717	did3599	1
qid108721	did56883	1
qid108726	did56884	1
qid108727	did29770	1
qid108728	did31423	1
qid108729	did56885	1
qid108751	did56894	1
qid108754	did21315	1
qid108770	did14231	1
qid108803	did56918	1
qid108840	did3638	1
qid108859	did50936	1
qid108878	did56945	1
qid108889	did6052	1
qid108897	did1022	1
qid108898	did14591	1
qid108916	did56962	1
qid108937	did8243	1
qid108940	did36834	1
qid108951	did4078	1
qid108970	did20919	1
qid108978	did56985	1
qid108984	did16228	1
qid108985	did18762	1
qid108991	did1322	1
qid108992	did12463	1
qid108998	did32100	1
qid109014	did56999	1
qid109029	did9772	1
qid109037	did57005	1
qid109042	did27583	1
qid109046	did11795	1
qid109056	did57009	1
qid109065	did57011	1
qid109067	did24309	1
qid109081	did1266	1
qid109083	did22506	1
qid109108	did715	1
qid109124	did1385	1
qid109148	did57039	1
qid109167	did57047	1
qid109176	did57049	1
qid109181	did3113	1
qid109208	did57061	1
qid109225	did8685	1
qid109242	did15468	1
qid109279	did57083	1
qid109288	did46606	1
qid109305	did57087	1
qid109308	did57089	1
qid109313	did57090	1
qid109316	did26281	1
qid109327	did31766	1
qid109329	did18319	1
qid109337	did9787	1
qid109368	did30328	1
qid109386	did21054	1
qid109404	did57115	1
qid109414	did57119	1
qid109416	did21080	1
qid109428	did38429	1
qid109449	did57130	1
qid109452	did958	1
qid109494	did7232	1
qid109502	did57143	1
qid109505	did12112	1
qid109512	did1433	1
qid109520	did14260	1
qid109526	did57150	1
qid109532	did38343	1
qid109551	did57155	1
qid109571	did12292	1
qid109576	did40074	1
qid109577	did3664	1
qid109584	did57169	1
qid109600	did3325	1
qid109602	did7165	1
qid109625	did6930	1
qid109633	did57187	1
qid109657	did57194	1
qid109666	did44736	1
qid109670	did57196	1
qid109673	did7789	1
qid109677	did57199	1
qid109683	did57202	1
qid109684	did12162	1
qid109687	did57203	1
qid109688	did3988	1
qid109701	did57207	1
qid109704	did1678	1
qid109707	did57209	1
qid109715	did57213	1
qid109720	did5616	1
qid109736	did6127	1
qid109737	did15611	1
qid109749	did1264	1
qid109767	did28682	1
qid109778	did25958	1
qid109791	did8063	1
qid109798	did38651	1
qid109808	did25693	1
qid109815	did57246	1
qid109822	did33387	1
qid109823	did57249	1
qid109834	did3282	1
qid109840	did43731	1
qid109880	did992	1
qid109888	did57273	1
qid109889	did3159	1
qid109924	did57291	1
qid109926	did57293	1
qid109935	did51262	1
qid109957	did938	1
qid109962	did1785	1
qid109963	did57307	1
qid109967	did57310	1
qid109968	did712	1
qid109985	did54300	1
qid110018	did30426	1
qid110027	did37899	1
qid110030	did57328	1
qid110031	did57329	1
qid110042	did6279	1
qid110048	did57337	1
qid110059	did27843	1
qid110062	did607	1
qid110078	did57349	1
qid110082	did4000	1
qid110091	did4009	1
qid110096	did14422	1
qid110105	did12803	1
qid110106	did57364	1
qid110109	did57366	1
qid110112	did8852	1
qid110136	did11027	1
qid110163	did57380	1
qid110169	did14823	1
qid110215	did893	1
qid110219	did57403	1
qid110251	did20719	1
qid110257	did160	1
qid110258	did15801	1
qid110270	did57417	1
qid110277	did11341	1
qid110285	did20116	1
qid110296	did57430	1
qid110297	did11483	1
qid110307	did7033	1
qid110309	did14288	1
qid110315	did20719	1
qid110340	did11302	1
qid110355	did21402	1
qid110359	did57451	1
qid110364	did52117	1
qid110374	did57458	1
qid110386	did57465	1
qid110393	did57470	1
qid110406	did57475	1
qid110415	did3671	1
qid110416	did57482	1
qid110420	did17659	1
qid110428	did57485	1
qid110430	did57486	1
qid110432	did57488	1
qid110440	did765	1
qid110450	did35952	1
qid110469	did2110	1
qid110471	did2578	1
qid110501	did36966	1
qid110520	did57518	1
qid110522	did7332	1
qid110528	did13585	1
qid110559	did18260	1
qid110572	did57541	1
qid110587	did30847	1
qid110589	did2079	1
qid110593	did41906	1
qid110598	did52475	1
qid110604	did57553	1
qid110615	did57555	1
qid110621	did57558	1
qid110635	did6530	1
qid110642	did10693	1
qid110671	did5974	1
qid110691	did54993	1
qid110696	did57588	1
qid110709	did57593	1
qid110716	did42314	1
qid110718	did40496	1
qid110724	did19788	1
qid110742	did57601	1
qid110747	did21801	1
qid110759	did57605	1
qid110760	did57606	1
qid110773	did57612	1
qid110778	did15439	1
qid110782	did47708	1
qid110791	did57615	1
qid110809	did28606	1
qid110825	did57626	1
qid110842	did815	1
qid110853	did29340	1
qid110869	did57639	1
qid110903	did25156	1
qid110921	did5287	1
qid110928	did57657	1
qid110953	did1820	1
qid110957	did6294	1
qid110959	did47757	1
qid110964	did37	1
qid110966	did33019	1
qid110967	did43532	1
qid110985	did7178	1
qid110987	did57678	1
qid111001	did30833	1
qid111004	did57684	1
qid111014	did57688	1
qid111043	did9394	1
qid111057	did13835	1
qid111069	did43609	1
qid111088	did57706	1
qid111097	did25161	1
qid111099	did14632	1
qid111115	did13641	1
qid111130	did21535	1
qid111131	did1640	1
qid111145	did57719	1
qid111147	did15689	1
qid111154	did57723	1
qid111162	did57725	1
qid111179	did16431	1
qid111183	did26960	1
qid111202	did954	1
qid111203	did57741	1
qid111212	did57743	1
qid111219	did7048	1
qid111220	did50369	1
qid111248	did24995	1
qid111266	did57757	1
qid111274	did16804	1
qid111276	did57760	1
qid111313	did50551	1
qid111332	did7443	1
qid111336	did57779	1
qid111346	did9089	1
qid111357	did57789	1
qid111362	did57791	1
qid111381	did57801	1
qid111386	did26661	1
qid111390	did24610	1
qid111395	did8973	1
qid111396	did27340	1
qid111397	did8248	1
qid111398	did26306	1
qid111411	did21457	1
qid111413	did22256	1
qid111415	did14786	1
qid111436	did9425	1
qid111450	did57815	1
qid111463	did38603	1
qid111473	did11102	1
qid111477	did3300	1
qid111487	did57828	1
qid111491	did57831	1
qid111496	did4007	1
qid111499	did26124	1
qid111513	did57838	1
qid111515	did37631	1
qid111520	did23052	1
qid111536	did57844	1
qid111539	did46746	1
qid111541	did57846	1
qid111547	did57850	1
qid111558	did31970	1
qid111563	did5479	1
qid111564	did57859	1
qid111573	did57862	1
qid111581	did57864	1
qid111583	did57866	1
qid111628	did13087	1
qid111632	did57882	1
qid111633	did57883	1
qid111640	did57887	1
qid111652	did57889	1
qid111674	did24320	1
qid111683	did22087	1
qid111707	did55528	1
qid111709	did20389	1
qid111715	did20768	1
qid111726	did17911	1
qid111757	did57921	1
qid111762	did29739	1
qid111765	did57925	1
qid111796	did57937	1
qid111820	did1524	1
qid111822	did2680	1
qid111829	did10487	1
qid111832	did8193	1
qid111838	did9470	1
qid111839	did57950	1
qid111853	did57956	1
qid111866	did2585	1
qid111879	did57965	1
qid111885	did36935	1
qid111901	did43738	1
qid111904	did28238	1
qid111913	did57977	1
qid111924	did9394	1
qid111926	did30418	1
qid111941	did57985	1
qid111946	did45510	1
qid111960	did57992	1
qid111962	did2498	1
qid111965	did17212	1
qid111976	did4461	1
qid111986	did17712	1
qid111987	did1920	1
qid111988	did19189	1
qid111993	did10394	1
qid112001	did58008	1
qid112002	did58009	1
qid112006	did16333	1
qid112014	did58015	1
qid112019	did58017	1
qid112026	did3587	1
qid112045	did10959	1
qid112047	did15646	1
qid112061	did58033	1
qid112080	did57574	1
qid112083	did58039	1
qid112095	did21031	1
qid112103	did20243	1
qid112105	did58044	1
qid112113	did58045	1
qid112122	did806	1
qid112125	did54712	1
qid112127	did49921	1
qid112152	did9707	1
qid112154	did23586	1
qid112189	did10585	1
qid112207	did35715	1
qid112234	did5733	1
qid112242	did1746	1
qid112249	did58088	1
qid112256	did11027	1
qid112274	did2713	1
qid112275	did58095	1
qid112330	did55884	1
qid112348	did58119	1
qid112351	did44858	1
qid112363	did819	1
qid112417	did47550	1
qid112426	did36180	1
qid112431	did10913	1
qid112442	did14395	1
qid112456	did58156	1
qid112464	did120	1
qid112474	did27676	1
qid112482	did25972	1
qid112484	did25564	1
qid112489	did37711	1
qid112493	did22753	1
qid112497	did37868	1
qid112514	did1576	1
qid112530	did24902	1
qid112537	did33208	1
qid112556	did58188	1
qid112567	did58195	1
qid112599	did58207	1
qid112603	did58209	1
qid112629	did57785	1
qid112636	did12330	1
qid112659	did23187	1
qid112676	did58226	1
qid112680	did75	1
qid112703	did58238	1
qid112748	did12098	1
qid112751	did58254	1
qid112755	did58256	1
qid112759	did46600	1
qid112773	did58265	1
qid112778	did57749	1
qid112780	did9034	1
qid112800	did7048	1
qid112810	did58273	1
qid112824	did1611	1
qid112832	did19570	1
qid112833	did34125	1
qid112838	did57258	1
qid112842	did4774	1
qid112849	did58284	1
qid112852	did10270	1
qid112874	did2912	1
qid112875	did14025	1
qid112879	did58300	1
qid112893	did58306	1
qid112896	did58308	1
qid112902	did23594	1
qid112921	did5559	1
qid112927	did58319	1
qid112939	did3208	1
qid112941	did7004	1
qid112944	did58324	1
qid112945	did37155	1
qid112966	did58333	1
qid112970	did6506	1
qid112978	did12672	1
qid112979	did31549	1
qid113003	did58345	1
qid113030	did389	1
qid113034	did4286	1
qid113035	did32199	1
qid113042	did58353	1
qid113048	did4018	1
qid113051	did44969	1
qid113064	did58359	1
qid113075	did1804	1
qid113086	did851	1
qid113105	did58375	1
qid113125	did58382	1
qid113141	did2086	1
qid113150	did23200	1
qid113165	did44624	1
qid113166	did18253	1
qid113171	did30968	1
qid113176	did58401	1
qid113188	did3547	1
qid113204	did58411	1
qid113240	did58424	1
qid113246	did58427	1
qid113254	did58430	1
qid113261	did31585	1
qid113263	did47088	1
qid113269	did58433	1
qid113292	did37388	1
qid113312	did58450	1
qid113320	did58454	1
qid113326	did58459	1
qid113344	did43247	1
qid113355	did58470	1
qid113377	did9424	1
qid113387	did44515	1
qid113389	did9262	1
qid113406	did4324	1
qid113409	did8258	1
qid113411	did8832	1
qid113416	did58488	1
qid113420	did58490	1
qid113424	did33786	1
qid113427	did4293	1
qid113437	did58495	1
qid113451	did58503	1
qid113455	did58505	1
qid113478	did6893	1
qid113486	did9133	1
qid113491	did58515	1
qid113500	did23733	1
qid113503	did58517	1
qid113508	did3460	1
qid113511	did58521	1
qid113527	did58528	1
qid113530	did58530	1
qid113576	did58547	1
qid113580	did54410	1
qid113594	did806	1
qid113602	did1142	1
qid113604	did58557	1
qid113611	did27515	1
qid113623	did51341	1
qid113638	did58573	1
qid113642	did12459	1
qid113655	did10514	1
qid113673	did13529	1
qid113675	did148	1
qid113698	did58591	1
qid113699	did51148	1
qid113708	did2018	1
qid113712	did58596	1
qid113735	did18522	1
qid113737	did58605	1
qid113745	did573	1
qid113753	did58607	1
qid113767	did58612	1
qid113772	did58614	1
qid113825	did2847	1
qid113831	did12002	1
qid113833	did58634	1
qid113843	did9837	1
qid113856	did58643	1
qid113860	did58645	1
qid113871	did2032	1
qid113890	did51572	1
qid113903	did58658	1
qid113914	did11212	1
qid113935	did58665	1
qid113938	did39105	1
qid113954	did40751	1
qid113958	did58673	1
qid113981	did23606	1
qid113984	did22600	1
qid113985	did4075	1
qid113995	did3484	1
qid114001	did58685	1
qid114004	did13807	1
qid114006	did41763	1
qid114009	did3321	1
qid114011	did21017	1
qid114033	did2200	1
qid114049	did6684	1
qid114056	did58704	1
qid114064	did14643	1
qid114070	did26521	1
qid114071	did29578	1
qid114074	did6793	1
qid114078	did25483	1
qid114081	did43761	1
qid114110	did58722	1
qid114117	did150	1
qid114119	did6635	1
qid114131	did7359	1
qid114133	did5364	1
qid114147	did58739	1
qid114213	did356	1
qid114220	did58757	1
qid114268	did26797	1
qid114305	did15765	1
qid114306	did45763	1
qid114310	did37982	1
qid114315	did23063	1
qid114321	did19214	1
qid114356	did6493	1
qid114357	did58793	1
qid114375	did58800	1
qid114386	did26134	1
qid114387	did23723	1
qid114396	did58807	1
qid114402	did58809	1
qid114417	did8922	1
qid114441	did9985	1
qid114476	did42450	1
qid114478	did16530	1
qid114504	did4484	1
qid114505	did31842	1
qid114513	did58842	1
qid114532	did58847	1
qid114534	did54915	1
qid114547	did8453	1
qid114551	did36032	1
qid114552	did58853	1
qid114577	did8039	1
qid114587	did47378	1
qid114594	did56705	1
qid114599	did58872	1
qid114617	did4030	1
qid114643	did58890	1
qid114647	did58189	1
qid114655	did58896	1
qid114663	did4382	1
qid114675	did58901	1
qid114684	did24928	1
qid114690	did58908	1
qid114692	did3351	1
qid114702	did10264	1
qid114705	did4054	1
qid114707	did58912	1
qid114710	did2691	1
qid114717	did1104	1
qid114722	did58918	1
qid114725	did58921	1
qid114731	did58924	1
qid114737	did58926	1
qid114748	did16904	1
qid114779	did58937	1
qid114781	did7619	1
qid114784	did6843	1
qid114795	did2197	1
qid114799	did584	1
qid114803	did6662	1
qid114831	did12167	1
qid114869	did58964	1
qid114885	did12727	1
qid114901	did43028	1
qid114907	did4883	1
qid114915	did556	1
qid114937	did58992	1
qid114976	did59007	1
qid114981	did59008	1
qid114990	did59012	1
qid115000	did55311	1
qid115006	did1629	1
qid115032	did59025	1
qid115051	did59033	1
qid115064	did11807	1
qid115069	did40269	1
qid115076	did5681	1
qid115093	did36446	1
qid115099	did3557	1
qid115102	did55999	1
qid115103	did55775	1
qid115105	did59050	1
qid115111	did35368	1
qid115138	did8788	1
qid115141	did59060	1
qid115142	did59061	1
qid115154	did26543	1
qid115164	did57315	1
qid115176	did21160	1
qid115186	did6729	1
qid115191	did21826	1
qid115192	did13237	1
qid115209	did45655	1
qid115216	did41810	1
qid115229	did18446	1
qid115250	did59091	1
qid115263	did1613	1
qid115280	did1453	1
qid115290	did59101	1
qid115296	did59103	1
qid115299	did59105	1
qid115300	did20479	1
qid115319	did7561	1
qid115342	did59118	1
qid115346	did59119	1
qid115350	did9615	1
qid115365	did5561	1
qid115386	did43608	1
qid115392	did6020	1
qid115400	did7085	1
qid115404	did9422	1
qid115416	did355	1
qid115426	did59145	1
qid115449	did22637	1
qid115470	did8867	1
qid115475	did3652	1
qid115482	did59164	1
qid115500	did59170	1
qid115502	did59171	1
qid115535	did3621	1
qid115551	did7980	1
qid115553	did59187	1
qid115561	did11743	1
qid115573	did59193	1
qid115574	did14566	1
qid115584	did952	1
qid115589	did48221	1
qid115590	did59200	1
qid115634	did28866	1
qid115648	did59220	1
qid115654	did20252	1
qid115665	did21208	1
qid115686	did12564	1
qid115691	did59238	1
qid115733	did3338	1
qid115741	did1980	1
qid115744	did59257	1
qid115751	did59259	1
qid115753	did59260	1
qid115772	did43792	1
qid115777	did2110	1
qid115793	did50953	1
qid115795	did579	1
qid115813	did59277	1
qid115827	did39468	1
qid115833	did5756	1
qid115843	did5643	1
qid115896	did59311	1
qid115907	did15848	1
qid115934	did8195	1
qid115937	did59325	1
qid115948	did44448	1
qid115949	did1177	1
qid115962	did3931	1
qid115970	did59335	1
qid115987	did59339	1
qid115998	did59341	1
qid116012	did59348	1
qid116029	did13257	1
qid116055	did24772	1
qid116057	did9994	1
qid116061	did59363	1
qid116063	did22730	1
qid116064	did27978	1
qid116067	did20696	1
qid116071	did9240	1
qid116085	did8254	1
qid116086	did30306	1
qid116088	did40647	1
qid116092	did15028	1
qid116093	did31510	1
qid116105	did7686	1
qid116118	did36383	1
qid116125	did18956	1
qid116160	did59391	1
qid116165	did21725	1
qid116169	did2005	1
qid116185	did59401	1
qid116195	did59407	1
qid116203	did6190	1
qid116204	did343	1
qid116213	did59415	1
qid116219	did59417	1
qid116232	did1785	1
qid116235	did26527	1
qid116240	did190	1
qid116241	did50031	1
qid116246	did9821	1
qid116250	did59425	1
qid116279	did1385	1
qid116280	did368	1
qid116285	did59434	1
qid116286	did59435	1
qid116294	did43359	1
qid116296	did54017	1
qid116305	did4351	1
qid116315	did3063	1
qid116323	did1473	1
qid116341	did59451	1
qid116360	did59460	1
qid116364	did14189	1
qid116374	did9926	1
qid116409	did59472	1
qid116429	did32587	1
qid116431	did3918	1
qid116445	did59478	1
qid116457	did59483	1
qid116501	did59496	1
qid116503	did9463	1
qid116529	did59507	1
qid116544	did59515	1
qid116546	did15648	1
qid116564	did39175	1
qid116574	did2661	1
qid116602	did28392	1
qid116607	did2678	1
qid116612	did25124	1
qid116614	did23942	1
qid116617	did59535	1
qid116623	did17925	1
qid116624	did59538	1
qid116631	did59541	1
qid116641	did5098	1
qid116653	did59545	1
qid116655	did13431	1
qid116658	did34829	1
qid116661	did59547	1
qid116693	did39927	1
qid116698	did34124	1
qid116717	did57994	1
qid116739	did19322	1
qid116749	did45478	1
qid116779	did59579	1
qid116780	did92	1
qid116784	did54794	1
qid116785	did8723	1
qid116796	did59587	1
qid116807	did6701	1
qid116810	did59592	1
qid116857	did10772	1
qid116858	did44037	1
qid116883	did5953	1
qid116888	did18149	1
qid116894	did28683	1
qid116900	did531	1
qid116901	did17384	1
qid116931	did59632	1
qid116932	did385	1
qid116947	did59642	1
qid116954	did59644	1
qid116969	did3587	1
qid116976	did11011	1
qid116990	did42901	1
qid116997	did59656	1
qid117006	did8165	1
qid117015	did8559	1
qid117033	did59665	1
qid117045	did12302	1
qid117052	did59670	1
qid117061	did35584	1
qid117076	did59677	1
qid117087	did27995	1
qid117091	did10735	1
qid117095	did59683	1
qid117106	did305	1
qid117118	did16398	1
qid117122	did1640	1
qid117124	did42835	1
qid117145	did3163	1
qid117157	did23397	1
qid117164	did59707	1
qid117180	did14107	1
qid117198	did7557	1
qid117200	did59722	1
qid117213	did37849	1
qid117233	did11751	1
qid117248	did35695	1
qid117253	did18298	1
qid117261	did59741	1
qid117278	did32676	1
qid117299	did29471	1
qid117314	did59760	1
qid117318	did8120	1
qid117322	did52117	1
qid117339	did4954	1
qid117342	did59768	1
qid117354	did3013	1
qid117355	did2718	1
qid117365	did2038	1
qid117386	did33923	1
qid117409	did13231	1
qid117419	did35403	1
qid117426	did39840	1
qid117436	did59795	1
qid117451	did59800	1
qid117457	did4519	1
qid117462	did4437	1
qid117485	did59812	1
qid117504	did59818	1
qid117505	did59819	1
qid117538	did55821	1
qid117555	did59836	1
qid117567	did59841	1
qid117582	did12864	1
qid117592	did8429	1
qid117633	did6464	1
qid117648	did59873	1
qid117660	did36437	1
qid117676	did59886	1
qid117680	did32211	1
qid117708	did59898	1
qid117712	did16170	1
qid117728	did10224	1
qid117750	did19569	1
qid117751	did59911	1
qid117754	did59913	1
qid117756	did59914	1
qid117757	did52256	1
qid117758	did4037	1
qid117767	did18358	1
qid117782	did59920	1
qid117784	did59921	1
qid117810	did20478	1
qid117817	did6351	1
qid117839	did30639	1
qid117840	did59935	1
qid117870	did18440	1
qid117875	did29822	1
qid117880	did11481	1
qid117884	did21201	1
qid117916	did1253	1
qid117928	did59967	1
qid117929	did434	1
qid117930	did4754	1
qid117935	did14464	1
qid117937	did59969	1
qid117956	did26354	1
qid117969	did59977	1
qid117982	did59983	1
qid117983	did59984	1
qid117986	did59985	1
qid117989	did59986	1
qid117990	did59987	1
qid117991	did4634	1
qid118011	did59997	1
qid118024	did48107	1
qid118044	did4506	1
qid118069	did60010	1
qid118076	did5297	1
qid118088	did10222	1
qid118096	did1467	1
qid118097	did24645	1
qid118116	did18680	1
qid118127	did48203	1
qid118153	did17150	1
qid118163	did14338	1
qid118170	did1484	1
qid118172	did20838	1
qid118182	did12658	1
qid118184	did16155	1
qid118186	did60051	1
qid118196	did60055	1
qid118218	did14829	1
qid118240	did60068	1
qid118277	did53108	1
qid118303	did60087	1
qid118309	did28393	1
qid118317	did44579	1
qid118337	did4471	1
qid118344	did60100	1
qid118350	did25596	1
qid118365	did11423	1
qid118374	did60111	1
qid118379	did60114	1
qid118397	did13060	1
qid118400	did26510	1
qid118404	did29082	1
qid118406	did60123	1
qid118419	did48237	1
qid118422	did60131	1
qid118426	did60133	1
qid118461	did8706	1
qid118468	did25540	1
qid118476	did13197	1
qid118483	did38404	1
qid118487	did44954	1
qid118488	did6328	1
qid118491	did6348	1
qid118499	did60154	1
qid118507	did21440	1
qid118510	did33767	1
qid118520	did27903	1
qid118538	did3117	1
qid118564	did60178	1
qid118577	did19693	1
qid118579	did40711	1
qid118621	did60199	1
qid118625	did10966	1
qid118627	did2004	1
qid118652	did44294	1
qid118672	did60212	1
qid118685	did9841	1
qid118712	did40912	1
qid118728	did5271	1
qid118796	did1678	1
qid118806	did60255	1
qid118820	did14136	1
qid118840	did60272	1
qid118847	did60275	1
qid118853	did8027	1
qid118875	did375	1
qid118881	did60287	1
qid118882	did15680	1
qid118886	did12196	1
qid118907	did2432	1
qid118911	did7572	1
qid118928	did29308	1
qid118933	did1644	1
qid118934	did902	1
qid118946	did12998	1
qid118953	did6207	1
qid118956	did1958	1
qid118957	did60308	1
qid118964	did60309	1
qid118965	did4544	1
qid118970	did9373	1
qid118976	did3651	1
qid118991	did44692	1
qid118995	did3338	1
qid119008	did2214	1
qid119012	did17339	1
qid119015	did60316	1
qid119025	did6215	1
qid119031	did19426	1
qid119035	did9685	1
qid119061	did5867	1
qid119062	did38105	1
qid119095	did60340	1
qid119100	did26648	1
qid119112	did32190	1
qid119155	did24203	1
qid119157	did6610	1
qid119167	did60364	1
qid119175	did1092	1
qid119187	did17862	1
qid119188	did24219	1
qid119191	did59003	1
qid119197	did56922	1
qid119199	did3035	1
qid119213	did1382	1
qid119216	did60377	1
qid119217	did60378	1
qid119227	did48173	1
qid119229	did9055	1
qid119234	did19702	1
qid119242	did31217	1
qid119246	did24456	1
qid119247	did60386	1
qid119253	did49216	1
qid119274	did20443	1
qid119277	did60396	1
qid119283	did60397	1
qid119295	did28607	1
qid119324	did60414	1
qid119326	did60416	1
qid119329	did60418	1
qid119332	did3863	1
qid119338	did60422	1
qid119341	did60424	1
qid119358	did60431	1
qid119367	did47767	1
qid119375	did60439	1
qid119387	did115	1
qid119393	did20534	1
qid119420	did10900	1
qid119438	did60465	1
qid119439	did25558	1
qid119446	did15134	1
qid119450	did8067	1
qid119453	did60471	1
qid119456	did2985	1
qid119478	did32213	1
qid119479	did22972	1
qid119487	did60481	1
qid119492	did13655	1
qid119513	did9193	1
qid119553	did60510	1
qid119563	did60515	1
qid119570	did60518	1
qid119585	did9295	1
qid119601	did60529	1
qid119637	did60538	1
qid119645	did60543	1
qid119665	did60555	1
qid119693	did4792	1
qid119697	did23122	1
qid119709	did1794	1
qid119711	did48288	1
qid119726	did60576	1
qid119741	did33557	1
qid119758	did3105	1
qid119766	did2173	1
qid119772	did16037	1
qid119789	did22663	1
qid119798	did60601	1
qid119804	did33893	1
qid119820	did7430	1
qid119825	did60609	1
qid119830	did51850	1
qid119831	did41977	1
qid119843	did12780	1
qid119870	did60626	1
qid119871	did3475	1
qid119872	did48068	1
qid119899	did60636	1
qid119902	did27956	1
qid119932	did60649	1
qid119949	did60654	1
qid119956	did60655	1
qid119970	did9747	1
qid119975	did1544	1
qid119992	did26851	1
qid120013	did12328	1
qid120015	did60679	1
qid120019	did60681	1
qid120023	did2981	1
qid120033	did54844	1
qid120037	did60687	1
qid120074	did60697	1
qid120077	did39738	1
qid120082	did15148	1
qid120090	did2381	1
qid120100	did12536	1
qid120104	did60705	1
qid120108	did55187	1
qid120115	did60708	1
qid120139	did60717	1
qid120141	did3264	1
qid120145	did2923	1
qid120163	did60726	1
qid120170	did60729	1
qid120203	did60737	1
qid120207	did60739	1
qid120232	did54260	1
qid120251	did60757	1
qid120266	did5200	1
qid120271	did3306	1
qid120275	did60764	1
qid120279	did58676	1
qid120282	did50526	1
qid120286	did54369	1
qid120291	did10538	1
qid120293	did3000	1
qid120300	did4484	1
qid120303	did46950	1
qid120306	did60773	1
qid120312	did26748	1
qid120334	did60786	1
qid120336	did4593	1
qid120341	did60789	1
qid120344	did60790	1
qid120348	did43589	1
qid120368	did60797	1
qid120384	did11916	1
qid120386	did60801	1
qid120392	did55265	1
qid120393	did10186	1
qid120399	did6947	1
qid120431	did60816	1
qid120445	did8164	1
qid120457	did493	1
qid120468	did1031	1
qid120473	did11881	1
qid120488	did34933	1
qid120523	did45	1
qid120544	did60858	1
qid120555	did51021	1
qid120577	did2893	1
qid120588	did7625	1
qid120592	did1	1
qid120601	did13431	1
qid120604	did3532	1
qid120620	did22403	1
qid120626	did60880	1
qid120640	did2448	1
qid120647	did17453	1
qid120655	did9901	1
qid120669	did60896	1
qid120671	did19709	1
qid120677	did22585	1
qid120686	did60901	1
qid120698	did38279	1
qid120700	did53912	1
qid120717	did8105	1
qid120722	did11203	1
qid120738	did47898	1
qid120786	did48802	1
qid120795	did17422	1
qid120806	did12594	1
qid120817	did60939	1
qid120820	did24689	1
qid120825	did6104	1
qid120841	did60948	1
qid120851	did60953	1
qid120869	did65	1
qid120890	did281	1
qid120910	did19731	1
qid120936	did31352	1
qid120973	did60997	1
qid120980	did20553	1
qid120984	did32814	1
qid120985	did61001	1
qid120993	did61005	1
qid120998	did9572	1
qid121013	did2543	1
qid121021	did34116	1
qid121053	did7151	1
qid121060	did5508	1
qid121066	did2864	1
qid121096	did42168	1
qid121097	did14276	1
qid121129	did7509	1
qid121158	did61057	1
qid121161	did5641	1
qid121177	did31	1
qid121182	did32856	1
qid121187	did61068	1
qid121194	did61069	1
qid121197	did10005	1
qid121202	did54787	1
qid121210	did61077	1
qid121214	did2972	1
qid121225	did5268	1
qid121232	did14096	1
qid121236	did61086	1
qid121249	did25978	1
qid121252	did5013	1
qid121264	did50634	1
qid121279	did2470	1
qid121287	did7033	1
qid121320	did28418	1
qid121338	did61111	1
qid121347	did61114	1
qid121353	did453	1
qid121354	did1088	1
qid121360	did25989	1
qid121362	did10569	1
qid121381	did61124	1
qid121388	did61127	1
qid121395	did61131	1
qid121396	did6917	1
qid121401	did3087	1
qid121436	did13574	1
qid121444	did61150	1
qid121447	did61151	1
qid121455	did4204	1
qid121464	did39178	1
qid121471	did5931	1
qid121504	did61174	1
qid121523	did38410	1
qid121535	did4386	1
qid121542	did32996	1
qid121554	did22365	1
qid121567	did10670	1
qid121576	did15795	1
qid121582	did61203	1
qid121593	did61208	1
qid121606	did61210	1
qid121616	did54653	1
qid121617	did6753	1
qid121626	did61216	1
qid121630	did61218	1
qid121637	did61221	1
qid121645	did15956	1
qid121651	did10355	1
qid121665	did47930	1
qid121666	did61232	1
qid121673	did61235	1
qid121677	did61237	1
qid121687	did11635	1
qid121689	did61241	1
qid121699	did1772	1
qid121712	did874	1
qid121715	did61246	1
qid121720	did49464	1
qid121722	did14394	1
qid121726	did12873	1
qid121749	did61258	1
qid121750	did36717	1
qid121753	did61261	1
qid121768	did11137	1
qid121774	did31118	1
qid121777	did31929	1
qid121790	did1246	1
qid121792	did61273	1
qid121804	did26028	1
qid121813	did17104	1
qid121830	did26773	1
qid121833	did35945	1
qid121854	did19541	1
qid121855	did20452	1
qid121862	did15112	1
qid121876	did26641	1
qid121883	did6427	1
qid121889	did61288	1
qid121902	did5219	1
qid121905	did3553	1
qid121909	did1879	1
qid121915	did5145	1
qid121927	did58832	1
qid121951	did51315	1
qid121955	did1618	1
qid121961	did61306	1
qid121975	did61312	1
qid121979	did7055	1
qid121992	did6063	1
qid121993	did16307	1
qid122007	did61319	1
qid122017	did61324	1
qid122050	did61334	1
qid122055	did61336	1
qid122076	did61340	1
qid122090	did61347	1
qid122094	did61349	1
qid122097	did61351	1
qid122103	did61355	1
qid122122	did6805	1
qid122124	did31985	1
qid122130	did61366	1
qid122176	did8966	1
qid122184	did6375	1
qid122188	did20350	1
qid122192	did61383	1
qid122206	did61391	1
qid122234	did10688	1
qid122244	did31245	1
qid122250	did61404	1
qid122259	did61407	1
qid122261	did21623	1
qid122268	did61410	1
qid122301	did17114	1
qid122317	did9198	1
qid122324	did61431	1
qid122334	did61433	1
qid122337	did50118	1
qid122340	did5005	1
qid122346	did49975	1
qid122353	did8167	1
qid122356	did61440	1
qid122376	did61449	1
qid122414	did61462	1
qid122415	did2614	1
qid122416	did7438	1
qid122425	did55739	1
qid122430	did29194	1
qid122443	did1523	1
qid122454	did1618	1
qid122460	did61476	1
qid122465	did23039	1
qid122466	did61479	1
qid122469	did35936	1
qid122477	did13571	1
qid122478	did61482	1
qid122484	did3681	1
qid122490	did870	1
qid122501	did9020	1
qid122506	did61489	1
qid122507	did52905	1
qid122514	did49103	1
qid122520	did57255	1
qid122530	did25386	1
qid122542	did398	1
qid122560	did35997	1
qid122572	did46877	1
qid122575	did18569	1
qid122577	did61508	1
qid122580	did61510	1
qid122599	did15225	1
qid122610	did21844	1
qid122613	did27949	1
qid122629	did59567	1
qid122640	did34185	1
qid122641	did61527	1
qid122643	did17169	1
qid122658	did46016	1
qid122668	did61536	1
qid122689	did39110	1
qid122712	did34204	1
qid122715	did22275	1
qid122721	did5831	1
qid122763	did61564	1
qid122787	did56359	1
qid122788	did61570	1
qid122802	did634	1
qid122806	did1148	1
qid122828	did49869	1
qid122864	did61590	1
qid122870	did41513	1
qid122898	did61174	1
qid122900	did14106	1
qid122912	did49600	1
qid122913	did23505	1
qid122920	did43314	1
qid122932	did6552	1
qid122947	did842	1
qid122952	did61615	1
qid122956	did61616	1
qid122978	did61623	1
qid122988	did60443	1
qid123000	did28587	1
qid123006	did702	1
qid123011	did61638	1
qid123015	did787	1
qid123017	did61640	1
qid123025	did10996	1
qid123029	did11837	1
qid123035	did27435	1
qid123054	did61656	1
qid123055	did1562	1
qid123059	did19003	1
qid123066	did61662	1
qid123072	did61663	1
qid123081	did61667	1
qid123084	did40374	1
qid123090	did61669	1
qid123097	did24942	1
qid123099	did44350	1
qid123126	did22959	1
qid123150	did61695	1
qid123159	did61701	1
qid123163	did61703	1
qid123165	did61704	1
qid123170	did61705	1
qid123171	did3902	1
qid123177	did41018	1
qid123180	did3664	1
qid123210	did31016	1
qid123221	did61719	1
qid123241	did61725	1
qid123255	did34600	1
qid123256	did61730	1
qid123259	did61732	1
qid123275	did39165	1
qid123283	did5407	1
qid123293	did27826	1
qid123295	did61744	1
qid123297	did61745	1
qid123298	did61746	1
qid123314	did16437	1
qid123338	did23066	1
qid123343	did40535	1
qid123346	did25815	1
qid123358	did43526	1
qid123367	did9415	1
qid123372	did24535	1
qid123381	did7427	1
qid123382	did7624	1
qid123395	did61766	1
qid123403	did49868	1
qid123412	did61773	1
qid123414	did61774	1
qid123416	did35326	1
qid123433	did34459	1
qid123434	did61780	1
qid123439	did10976	1
qid123441	did61783	1
qid123454	did26889	1
qid123459	did45515	1
qid123461	did61792	1
qid123465	did33220	1
qid123488	did61801	1
qid123499	did18728	1
qid123502	did13654	1
qid123503	did15652	1
qid123507	did47588	1
qid123510	did55372	1
qid123513	did61808	1
qid123523	did10514	1
qid123541	did17511	1
qid123543	did43503	1
qid123545	did1953	1
qid123548	did61823	1
qid123551	did4643	1
qid123555	did15164	1
qid123569	did61830	1
qid123575	did13086	1
qid123577	did559	1
qid123602	did39198	1
qid123606	did61842	1
qid123610	did43105	1
qid123611	did3260	1
qid123617	did23278	1
qid123637	did39503	1
qid123641	did563	1
qid123644	did61852	1
qid123657	did52714	1
qid123675	did61864	1
qid123685	did61868	1
qid123687	did15090	1
qid123703	did41810	1
qid123709	did61877	1
qid123713	did55332	1
qid123719	did7249	1
qid123755	did61891	1
qid123806	did52784	1
qid123811	did25517	1
qid123825	did61312	1
qid123834	did6025	1
qid123844	did61925	1
qid123856	did3330	1
qid123862	did61932	1
qid123876	did61939	1
qid123884	did8287	1
qid123905	did42676	1
qid123938	did61964	1
qid123963	did61973	1
qid123969	did26634	1
qid123999	did43585	1
qid124019	did7479	1
qid124024	did2893	1
qid124032	did53184	1
qid124033	did15162	1
qid124035	did555	1
qid124051	did33641	1
qid124052	did9200	1
qid124061	did33500	1
qid124063	did62002	1
qid124065	did7121	1
qid124071	did10979	1
qid124075	did14900	1
qid124085	did25882	1
qid124105	did204	1
qid124119	did190	1
qid124130	did8821	1
qid124148	did29670	1
qid124164	did62027	1
qid124166	did22828	1
qid124195	did62037	1
qid124219	did56225	1
qid124226	did6042	1
qid124228	did62048	1
qid124232	did5328	1
qid124242	did36829	1
qid124246	did3058	1
qid124255	did62058	1
qid124258	did26316	1
qid124287	did3432	1
qid124292	did20965	1
qid124293	did62068	1
qid124295	did62069	1
qid124307	did62072	1
qid124321	did30389	1
qid124322	did18343	1
qid124344	did62089	1
qid124374	did57950	1
qid124382	did62098	1
qid124407	did12893	1
qid124413	did883	1
qid124427	did36152	1
qid124489	did5113	1
qid124490	did62130	1
qid124494	did1260	1
qid124508	did7622	1
qid124519	did45958	1
qid124528	did33195	1
qid124558	did61805	1
qid124561	did60037	1
qid124564	did62158	1
qid124578	did62163	1
qid124587	did45034	1
qid124591	did62167	1
qid124598	did62170	1
qid124600	did12273	1
qid124619	did3019	1
qid124634	did7265	1
qid124647	did11901	1
qid124659	did52998	1
qid124661	did35346	1
qid124670	did43162	1
qid124674	did62195	1
qid124694	did1678	1
qid124698	did62203	1
qid124706	did62205	1
qid124722	did6052	1
qid124733	did8508	1
qid124745	did62224	1
qid124759	did62231	1
qid124768	did62238	1
qid124780	did62240	1
qid124783	did62241	1
qid124828	did36298	1
qid124837	did62261	1
qid124860	did19022	1
qid124870	did29561	1
qid124908	did62287	1
qid124928	did18440	1
qid124938	did62294	1
qid124942	did9641	1
qid124946	did62296	1
qid124952	did36268	1
qid124954	did12346	1
qid124960	did16869	1
qid124965	did62300	1
qid124970	did10941	1
qid124993	did21541	1
qid125002	did62312	1
qid125014	did62315	1
qid125032	did59352	1
qid125035	did62321	1
qid125048	did62329	1
qid125052	did25523	1
qid125055	did26206	1
qid125058	did54749	1
qid125060	did2276	1
qid125066	did16475	1
qid125068	did60378	1
qid125076	did10285	1
qid125100	did35578	1
qid125143	did62361	1
qid125164	did62370	1
qid125166	did7987	1
qid125177	did1879	1
qid125189	did26206	1
qid125191	did18272	1
qid125201	did1142	1
qid125213	did9469	1
qid125214	did47597	1
qid125219	did367	1
qid125220	did8550	1
qid125222	did47567	1
qid125224	did11706	1
qid125234	did19659	1
qid125241	did12865	1
qid125256	did13420	1
qid125259	did53936	1
qid125261	did62401	1
qid125266	did6831	1
qid125293	did62412	1
qid125295	did17081	1
qid125300	did36334	1
qid125302	did6151	1
qid125307	did14607	1
qid125308	did62417	1
qid125327	did62424	1
qid125340	did62432	1
qid125343	did2638	1
qid125353	did62435	1
qid125356	did2389	1
qid125358	did21109	1
qid125360	did4506	1
qid125373	did40649	1
qid125383	did62445	1
qid125391	did30283	1
qid125393	did6407	1
qid125400	did13198	1
qid125413	did62453	1
qid125423	did19752	1
qid125431	did24928	1
qid125444	did62466	1
qid125463	did18650	1
qid125493	did39773	1
qid125507	did62485	1
qid125512	did62488	1
qid125524	did62492	1
qid125535	did17529	1
qid125547	did62500	1
qid125548	did1651	1
qid125562	did62504	1
qid125568	did14792	1
qid125571	did62506	1
qid125573	did150	1
qid125575	did62507	1
qid125578	did21147	1
qid125602	did33012	1
qid125607	did877	1
qid125611	did34525	1
qid125623	did31328	1
qid125632	did32239	1
qid125676	did46855	1
qid125679	did62536	1
qid125687	did41744	1
qid125689	did19972	1
qid125694	did29670	1
qid125700	did36241	1
qid125710	did62543	1
qid125715	did190	1
qid125721	did49811	1
qid125723	did15426	1
qid125736	did42168	1
qid125738	did43172	1
qid125751	did43463	1
qid125754	did19738	1
qid125760	did62557	1
qid125761	did62558	1
qid125772	did62565	1
qid125775	did5610	1
qid125778	did30733	1
qid125789	did62570	1
qid125801	did58365	1
qid125812	did2205	1
qid125819	did62580	1
qid125821	did62582	1
qid125828	did38651	1
qid125844	did29149	1
qid125850	did5098	1
qid125858	did1552	1
qid125875	did62595	1
qid125898	did48461	1
qid125900	did62603	1
qid125928	did62614	1
qid125933	did62617	1
qid125939	did62621	1
qid125942	did12778	1
qid125952	did29059	1
qid125978	did14	1
qid125987	did4378	1
qid125991	did6805	1
qid125999	did62640	1
qid126007	did371	1
qid126015	did6613	1
qid126038	did47588	1
qid126045	did44237	1
qid126059	did13598	1
qid126069	did62660	1
qid126070	did9682	1
qid126071	did50794	1
qid126087	did19410	1
qid126110	did4204	1
qid126115	did62670	1
qid126123	did62675	1
qid126133	did15080	1
qid126152	did62690	1
qid126160	did50530	1
qid126174	did62698	1
qid126192	did47990	1
qid126202	did18874	1
qid126205	did1840	1
qid126225	did436	1
qid126227	did62707	1
qid126230	did41946	1
qid126238	did8104	1
qid126242	did62709	1
qid126257	did1780	1
qid126259	did21763	1
qid126276	did62715	1
qid126280	did57246	1
qid126281	did62718	1
qid126290	did8134	1
qid126299	did8473	1
qid126308	did18664	1
qid126310	did307	1
qid126311	did62728	1
qid126312	did30726	1
qid126323	did62732	1
qid126329	did5373	1
qid126331	did60821	1
qid126334	did4914	1
qid126339	did5940	1
qid126345	did44310	1
qid126348	did62741	1
qid126356	did5618	1
qid126375	did62747	1
qid126381	did62748	1
qid126390	did18998	1
qid126395	did21801	1
qid126421	did38796	1
qid126422	did6022	1
qid126434	did40947	1
qid126437	did62764	1
qid126444	did62765	1
qid126458	did62768	1
qid126469	did48516	1
qid126484	did54878	1
qid126485	did37852	1
qid126509	did62783	1
qid126518	did29425	1
qid126525	did3799	1
qid126537	did13776	1
qid126541	did8036	1
qid126548	did1980	1
qid126558	did62800	1
qid126568	did62807	1
qid126579	did12593	1
qid126599	did62817	1
qid126601	did13567	1
qid126613	did62823	1
qid126614	did29730	1
qid126650	did33351	1
qid126658	did62838	1
qid126690	did21840	1
qid126694	did62852	1
qid126696	did7525	1
qid126704	did62854	1
qid126712	did62860	1
qid126718	did6720	1
qid126720	did62862	1
qid126726	did2218	1
qid126731	did62867	1
qid126735	did62869	1
qid126737	did8579	1
qid126756	did4136	1
qid126763	did24586	1
qid126768	did42708	1
qid126773	did10567	1
qid126810	did62894	1
qid126813	did25003	1
qid126820	did62897	1
qid126824	did43180	1
qid126826	did9991	1
qid126834	did62900	1
qid126873	did10735	1
qid126880	did19669	1
qid126892	did17607	1
qid126897	did53	1
qid126905	did62925	1
qid126920	did62933	1
qid126966	did62949	1
qid126968	did62950	1
qid126993	did19475	1
qid127002	did12776	1
qid127013	did1	1
qid127016	did62965	1
qid127024	did35305	1
qid127056	did936	1
qid127059	did37435	1
qid127074	did62981	1
qid127077	did58987	1
qid127089	did46793	1
qid127095	did6003	1
qid127104	did35800	1
qid127106	did27223	1
qid127107	did4017	1
qid127110	did62997	1
qid127157	did2864	1
qid127169	did21976	1
qid127170	did9347	1
qid127173	did13060	1
qid127180	did24081	1
qid127189	did63022	1
qid127204	did63028	1
qid127242	did63044	1
qid127255	did193	1
qid127256	did39008	1
qid127257	did63050	1
qid127267	did63051	1
qid127279	did60655	1
qid127287	did41220	1
qid127291	did8925	1
qid127313	did38600	1
qid127315	did48316	1
qid127334	did3556	1
qid127337	did40037	1
qid127345	did63071	1
qid127346	did2158	1
qid127350	did63072	1
qid127354	did63075	1
qid127371	did63079	1
qid127374	did63080	1
qid127400	did38279	1
qid127415	did63093	1
qid127421	did14523	1
qid127433	did2413	1
qid127447	did63105	1
qid127453	did40746	1
qid127506	did13278	1
qid127526	did11129	1
qid127553	did1889	1
qid127580	did63159	1
qid127586	did63163	1
qid127602	did190	1
qid127607	did63174	1
qid127626	did61804	1
qid127640	did19486	1
qid127645	did17443	1
qid127648	did17737	1
qid127649	did63186	1
qid127650	did582	1
qid127676	did10698	1
qid127713	did30057	1
qid127715	did37962	1
qid127740	did9139	1
qid127751	did63215	1
qid127760	did11120	1
qid127788	did63227	1
qid127796	did63231	1
qid127799	did3460	1
qid127822	did63240	1
qid127851	did8003	1
qid127887	did1340	1
qid127888	did63260	1
qid127889	did63261	1
qid127890	did34321	1
qid127892	did1770	1
qid127898	did4463	1
qid127901	did63266	1
qid127912	did5296	1
qid127914	did63270	1
qid127968	did63285	1
qid127979	did63288	1
qid127989	did63290	1
qid127990	did38853	1
qid128007	did63296	1
qid128010	did63298	1
qid128013	did30148	1
qid128021	did6506	1
qid128028	did9801	1
qid128035	did63301	1
qid128039	did6362	1
qid128046	did63304	1
qid128048	did63306	1
qid128054	did446	1
qid128074	did63311	1
qid128106	did10902	1
qid128108	did19156	1
qid128115	did63330	1
qid128127	did261	1
qid128132	did63334	1
qid128139	did51239	1
qid128144	did7000	1
qid128157	did20636	1
qid128160	did40152	1
qid128161	did2276	1
qid128168	did57	1
qid128170	did63347	1
qid128175	did63349	1
qid128190	did10374	1
qid128194	did61998	1
qid128211	did1809	1
qid128212	did32974	1
qid128213	did40313	1
qid128229	did18829	1
qid128230	did63369	1
qid128248	did63374	1
qid128258	did63377	1
qid128266	did63379	1
qid128269	did63381	1
qid128288	did63389	1
qid128299	did63393	1
qid128308	did26901	1
qid128316	did63401	1
qid128325	did615	1
qid128331	did4643	1
qid128344	did63413	1
qid128348	did8954	1
qid128363	did54350	1
qid128368	did32892	1
qid128371	did33150	1
qid128376	did63424	1
qid128382	did29312	1
qid128394	did12798	1
qid128399	did30826	1
qid128401	did17342	1
qid128404	did446	1
qid128418	did27228	1
qid128437	did63441	1
qid128440	did3477	1
qid128472	did63455	1
qid128483	did63459	1
qid128490	did11379	1
qid128495	did36963	1
qid128499	did59267	1
qid128506	did13187	1
qid128521	did63467	1
qid128528	did20968	1
qid128552	did59692	1
qid128554	did15408	1
qid128581	did36097	1
qid128592	did3903	1
qid128593	did63490	1
qid128594	did18981	1
qid128596	did27449	1
qid128602	did63494	1
qid128610	did3646	1
qid128623	did549	1
qid128627	did63504	1
qid128646	did4292	1
qid128678	did7638	1
qid128699	did6135	1
qid128720	did11446	1
qid128750	did63541	1
qid128762	did544	1
qid128796	did63557	1
qid128826	did9089	1
qid128841	did21313	1
qid128842	did52963	1
qid128853	did7530	1
qid128862	did63576	1
qid128876	did318	1
qid128895	did22184	1
qid128898	did63590	1
qid128902	did11807	1
qid128904	did63592	1
qid128913	did63595	1
qid128944	did63608	1
qid128945	did44870	1
qid128949	did63609	1
qid128951	did21369	1
qid128952	did6203	1
qid128957	did10866	1
qid128972	did13223	1
qid128979	did63618	1
qid128985	did43239	1
qid128989	did63619	1
qid129010	did13571	1
qid129011	did63630	1
qid129017	did38323	1
qid129022	did11575	1
qid129034	did63637	1
qid129045	did8723	1
qid129048	did8360	1
qid129077	did63647	1
qid129102	did13923	1
qid129103	did47883	1
qid129125	did53543	1
qid129161	did3763	1
qid129172	did2707	1
qid129181	did63677	1
qid129205	did63686	1
qid129213	did1087	1
qid129219	did63693	1
qid129225	did63021	1
qid129272	did34690	1
qid129289	did81	1
qid129300	did63707	1
qid129301	did63708	1
qid129306	did63711	1
qid129316	did26661	1
qid129336	did8392	1
qid129342	did36443	1
qid129353	did63731	1
qid129357	did17048	1
qid129361	did44920	1
qid129365	did43598	1
qid129373	did2942	1
qid129376	did6803	1
qid129392	did63741	1
qid129402	did3866	1
qid129411	did2350	1
qid129415	did63750	1
qid129430	did63757	1
qid129441	did39975	1
qid129463	did63763	1
qid129470	did63766	1
qid129478	did8128	1
qid129485	did63771	1
qid129494	did22609	1
qid129512	did63778	1
qid129524	did4750	1
qid129526	did4924	1
qid129557	did14105	1
qid129585	did63799	1
qid129593	did63801	1
qid129606	did4631	1
qid129608	did44732	1
qid129610	did16932	1
qid129612	did1422	1
qid129614	did11718	1
qid129625	did63815	1
qid129627	did7805	1
qid129628	did40083	1
qid129637	did765	1
qid129650	did63823	1
qid129652	did25380	1
qid129681	did1087	1
qid129685	did63834	1
qid129688	did19418	1
qid129717	did63843	1
qid129721	did18362	1
qid129735	did45129	1
qid129754	did8628	1
qid129758	did63850	1
qid129762	did48203	1
qid129769	did8743	1
qid129775	did63853	1
qid129776	did24369	1
qid129783	did584	1
qid129798	did63863	1
qid129810	did9967	1
qid129826	did63873	1
qid129828	did61139	1
qid129850	did2754	1
qid129882	did51165	1
qid129893	did859	1
qid129894	did29571	1
qid129906	did26316	1
qid129907	did27874	1
qid129911	did63900	1
qid129915	did63902	1
qid129929	did3349	1
qid129935	did7006	1
qid129937	did63911	1
qid129940	did19877	1
qid129953	did22855	1
qid129954	did15942	1
qid129958	did7542	1
qid129965	did6947	1
qid129968	did1637	1
qid129986	did27464	1
qid129994	did7620	1
qid130000	did2622	1
qid130012	did63936	1
qid130013	did14346	1
qid130035	did63944	1
qid130054	did63951	1
qid130060	did20848	1
qid130062	did61542	1
qid130063	did63954	1
qid130078	did38972	1
qid130083	did63958	1
qid130112	did9846	1
qid130120	did1462	1
qid130143	did1812	1
qid130146	did7359	1
qid130152	did18210	1
qid130159	did63981	1
qid130172	did23711	1
qid130177	did63987	1
qid130182	did63988	1
qid130192	did63993	1
qid130193	did50257	1
qid130198	did39843	1
qid130210	did16257	1
qid130212	did64003	1
qid130214	did26542	1
qid130246	did64019	1
qid130252	did18516	1
qid130255	did8565	1
qid130266	did64027	1
qid130269	did1177	1
qid130270	did64028	1
qid130277	did13880	1
qid130286	did64033	1
qid130289	did25949	1
qid130295	did64036	1
qid130304	did5025	1
qid130317	did6639	1
qid130320	did36214	1
qid130331	did16457	1
qid130340	did3589	1
qid130366	did2498	1
qid130379	did29365	1
qid130390	did17697	1
qid130392	did64066	1
qid130410	did64070	1
qid130414	did26453	1
qid130421	did5993	1
qid130428	did10107	1
qid130431	did64075	1
qid130451	did10815	1
qid130457	did64086	1
qid130458	did40158	1
qid130464	did936	1
qid130465	did54963	1
qid130469	did64091	1
qid130472	did21938	1
qid130480	did45769	1
qid130493	did368	1
qid130494	did3041	1
qid130497	did64098	1
qid130523	did17	1
qid130524	did1252	1
qid130539	did29978	1
qid130545	did8904	1
qid130553	did64113	1
qid130558	did2622	1
qid130564	did17127	1
qid130565	did24883	1
qid130585	did10465	1
qid130600	did22951	1
qid130631	did127	1
qid130643	did64142	1
qid130644	did10516	1
qid130645	did59546	1
qid130691	did3427	1
qid130706	did422	1
qid130707	did39932	1
qid130727	did19369	1
qid130733	did64168	1
qid130747	did64174	1
qid130761	did64181	1
qid130764	did64183	1
qid130775	did7577	1
qid130776	did64185	1
qid130795	did5724	1
qid130799	did64193	1
qid130805	did64194	1
qid130817	did16228	1
qid130842	did64203	1
qid130859	did25252	1
qid130871	did6634	1
qid130887	did64217	1
qid130889	did3300	1
qid130897	did64220	1
qid130910	did13265	1
qid130911	did28813	1
qid130913	did64227	1
qid130937	did54302	1
qid130941	did4672	1
qid130954	did19523	1
qid130971	did1889	1
qid130972	did40834	1
qid130974	did64249	1
qid130979	did64253	1
qid130982	did17875	1
qid130994	did64257	1
qid131000	did10441	1
qid131005	did1207	1
qid131009	did6749	1
qid131015	did64265	1
qid131024	did64268	1
qid131033	did15853	1
qid131056	did40199	1
qid131069	did9060	1
qid131084	did20213	1
qid131114	did21617	1
qid131121	did3315	1
qid131128	did14767	1
qid131171	did14002	1
qid131175	did64320	1
qid131184	did1987	1
qid131189	did64324	1
qid131199	did14018	1
qid131210	did10111	1
qid131211	did64327	1
qid131214	did64328	1
qid131229	did7184	1
qid131236	did64334	1
qid131237	did3557	1
qid131262	did54134	1
qid131269	did13625	1
qid131272	did64342	1
qid131275	did10031	1
qid131286	did12940	1
qid131292	did64350	1
qid131298	did7924	1
qid131301	did24431	1
qid131305	did6955	1
qid131346	did64369	1
qid131368	did1613	1
qid131401	did3694	1
qid131402	did12804	1
qid131418	did64390	1
qid131423	did64394	1
qid131438	did64398	1
qid131457	did1682	1
qid131474	did64413	1
qid131482	did64417	1
qid131487	did64418	1
qid131495	did64421	1
qid131515	did4330	1
qid131516	did48332	1
qid131521	did33346	1
qid131524	did64431	1
qid131533	did64434	1
qid131535	did64435	1
qid131537	did64436	1
qid131555	did13571	1
qid131556	did1827	1
qid131563	did64443	1
qid131580	did64452	1
qid131583	did56545	1
qid131588	did64453	1
qid131592	did45197	1
qid131597	did64456	1
qid131609	did24861	1
qid131611	did58294	1
qid131614	did18351	1
qid131618	did64463	1
qid131619	did55617	1
qid131643	did17142	1
qid131666	did64481	1
qid131672	did64484	1
qid131713	did40030	1
qid131727	did34899	1
qid131735	did12225	1
qid131738	did1827	1
qid131749	did58277	1
qid131750	did28675	1
qid131777	did64516	1
qid131807	did5488	1
qid131823	did35905	1
qid131842	did13997	1
qid131847	did64534	1
qid131855	did64537	1
qid131877	did17411	1
qid131892	did64548	1
qid131926	did64555	1
qid131949	did64565	1
qid131952	did64567	1
qid131953	did9894	1
qid131972	did8787	1
qid131979	did5627	1
qid131983	did8269	1
qid132021	did5004	1
qid132028	did45933	1
qid132045	did64601	1
qid132058	did44564	1
qid132086	did43510	1
qid132102	did31209	1
qid132112	did64616	1
qid132118	did33167	1
qid132128	did34163	1
qid132157	did64628	1
qid132169	did20792	1
qid132204	did2079	1
qid132214	did10336	1
qid132231	did42841	1
qid132249	did19595	1
qid132265	did26613	1
qid132275	did28053	1
qid132291	did61217	1
qid132303	did64670	1
qid132308	did5079	1
qid132317	did32524	1
qid132332	did64676	1
qid132337	did64678	1
qid132343	did57379	1
qid132347	did12883	1
qid132350	did64683	1
qid132372	did32705	1
qid132378	did61043	1
qid132385	did50644	1
qid132417	did5296	1
qid132441	did787	1
qid132455	did64712	1
qid132461	did14350	1
qid132471	did24202	1
qid132491	did64721	1
qid132543	did14580	1
qid132546	did64740	1
qid132555	did64746	1
qid132610	did26528	1
qid132612	did52383	1
qid132616	did7580	1
qid132621	did64767	1
qid132625	did64769	1
qid132647	did46433	1
qid132650	did64778	1
qid132652	did6367	1
qid132667	did26216	1
qid132668	did64784	1
qid132669	did55524	1
qid132676	did16141	1
qid132730	did64805	1
qid132732	did17522	1
qid132743	did64811	1
qid132771	did64818	1
qid132794	did34569	1
qid132850	did632	1
qid132865	did2718	1
qid132877	did32332	1
qid132892	did64846	1
qid132893	did64847	1
qid132904	did64850	1
qid132908	did13645	1
qid132910	did9760	1
qid132919	did24728	1
qid132925	did6849	1
qid132935	did28157	1
qid132944	did9071	1
qid132960	did64860	1
qid132963	did783	1
qid132973	did3003	1
qid132976	did3214	1
qid132986	did21665	1
qid132994	did37729	1
qid133015	did264	1
qid133028	did23146	1
qid133029	did64877	1
qid133043	did12864	1
qid133047	did41	1
qid133048	did64884	1
qid133057	did4670	1
qid133061	did4916	1
qid133071	did22246	1
qid133074	did57063	1
qid133076	did64892	1
qid133082	did50369	1
qid133087	did22135	1
qid133098	did20543	1
qid133109	did24570	1
qid133124	did47764	1
qid133141	did20660	1
qid133170	did5800	1
qid133176	did12175	1
qid133183	did20725	1
qid133187	did64931	1
qid133238	did15827	1
qid133244	did7456	1
qid133253	did20185	1
qid133254	did7904	1
qid133266	did64303	1
qid133274	did766	1
qid133275	did287	1
qid133278	did10925	1
qid133286	did27185	1
qid133296	did59222	1
qid133298	did16854	1
qid133311	did3097	1
qid133314	did64962	1
qid133316	did28332	1
qid133331	did9139	1
qid133358	did43698	1
qid133359	did35753	1
qid133368	did64978	1
qid133370	did64979	1
qid133377	did64981	1
qid133379	did35696	1
qid133388	did16766	1
qid133398	did11186	1
qid133407	did64993	1
qid133413	did52761	1
qid133430	did45158	1
qid133435	did38801	1
qid133436	did39446	1
qid133439	did26394	1
qid133447	did421	1
qid133461	did65011	1
qid133465	did51405	1
qid133466	did24095	1
qid133468	did453	1
qid133477	did65016	1
qid133479	did1925	1
qid133493	did9155	1
qid133494	did31193	1
qid133508	did9305	1
qid133511	did38916	1
qid133522	did63936	1
qid133526	did17072	1
qid133529	did21208	1
qid133562	did12737	1
qid133579	did34283	1
qid133581	did3159	1
qid133588	did14906	1
qid133631	did25852	1
qid133638	did11647	1
qid133642	did65070	1
qid133664	did15804	1
qid133678	did3936	1
qid133717	did19165	1
qid133727	did17579	1
qid133752	did5824	1
qid133779	did11318	1
qid133784	did2365	1
qid133800	did19791	1
qid133812	did13506	1
qid133841	did1077	1
qid133842	did43880	1
qid133867	did65135	1
qid133870	did65137	1
qid133872	did14951	1
qid133877	did12734	1
qid133883	did1302	1
qid133885	did65141	1
qid133892	did25254	1
qid133896	did10746	1
qid133901	did55077	1
qid133902	did21560	1
qid133908	did3899	1
qid133917	did45748	1
qid133922	did65153	1
qid133938	did32383	1
qid133939	did65156	1
qid133942	did7033	1
qid133944	did65158	1
qid133948	did65160	1
qid133955	did65164	1
qid133972	did65166	1
qid133974	did6882	1
qid133975	did9134	1
qid133982	did65167	1
qid134014	did2004	1
qid134017	did16026	1
qid134018	did15249	1
qid134040	did1077	1
qid134041	did2682	1
qid134048	did6096	1
qid134065	did65192	1
qid134068	did10746	1
qid134100	did65206	1
qid134133	did31872	1
qid134138	did7944	1
qid134139	did17759	1
qid134142	did65217	1
qid134144	did1582	1
qid134149	did29185	1
qid134181	did65230	1
qid134193	did50972	1
qid134201	did65237	1
qid134207	did31128	1
qid134230	did13306	1
qid134235	did13717	1
qid134239	did4940	1
qid134248	did35384	1
qid134267	did65256	1
qid134278	did1780	1
qid134282	did29928	1
qid134302	did19004	1
qid134309	did63987	1
qid134319	did965	1
qid134333	did65280	1
qid134334	did65281	1
qid134347	did1060	1
qid134359	did65287	1
qid134361	did11014	1
qid134371	did1467	1
qid134395	did65295	1
qid134404	did16009	1
qid134410	did65300	1
qid134413	did49067	1
qid134428	did65304	1
qid134446	did6091	1
qid134453	did6930	1
qid134493	did65319	1
qid134496	did10064	1
qid134503	did65323	1
qid134508	did39622	1
qid134527	did1889	1
qid134541	did4796	1
qid134549	did12658	1
qid134554	did2266	1
qid134556	did20025	1
qid134575	did1281	1
qid134578	did65352	1
qid134583	did65353	1
qid134588	did63397	1
qid134618	did65362	1
qid134629	did65367	1
qid134635	did65368	1
qid134642	did41349	1
qid134644	did65372	1
qid134678	did20314	1
qid134683	did58681	1
qid134684	did65382	1
qid134712	did65390	1
qid134714	did7090	1
qid134715	did25514	1
qid134717	did40841	1
qid134718	did11968	1
qid134724	did65393	1
qid134725	did65394	1
qid134729	did53684	1
qid134753	did65403	1
qid134768	did65408	1
qid134776	did65413	1
qid134788	did65421	1
qid134808	did24789	1
qid134812	did6061	1
qid134825	did65432	1
qid134827	did65433	1
qid134845	did7955	1
qid134847	did36569	1
qid134850	did39198	1
qid134851	did2888	1
qid134855	did65442	1
qid134865	did35004	1
qid134869	did65446	1
qid134889	did8520	1
qid134890	did29371	1
qid134895	did65456	1
qid134928	did64764	1
qid134931	did65467	1
qid134936	did65469	1
qid134954	did51638	1
qid134961	did65476	1
qid134966	did16370	1
qid134969	did42821	1
qid134996	did65488	1
qid134997	did65489	1
qid135005	did13939	1
qid135041	did65506	1
qid135049	did19418	1
qid135057	did61139	1
qid135073	did1480	1
qid135089	did17477	1
qid135092	did679	1
qid135096	did1039	1
qid135115	did65534	1
qid135154	did64983	1
qid135168	did65547	1
qid135183	did24759	1
qid135200	did65557	1
qid135209	did6728	1
qid135210	did531	1
qid135219	did1062	1
qid135236	did3617	1
qid135267	did65578	1
qid135276	did65581	1
qid135307	did45494	1
qid135330	did10688	1
qid135340	did65602	1
qid135348	did25474	1
qid135353	did51684	1
qid135360	did57215	1
qid135367	did3047	1
qid135369	did65609	1
qid135383	did16876	1
qid135385	did54796	1
qid135399	did11648	1
qid135405	did65620	1
qid135409	did39348	1
qid135420	did65627	1
qid135423	did8107	1
qid135426	did49860	1
qid135433	did2771	1
qid135458	did65637	1
qid135477	did65642	1
qid135490	did65645	1
qid135493	did18224	1
qid135500	did33518	1
qid135505	did65022	1
qid135511	did63875	1
qid135515	did65648	1
qid135516	did65649	1
qid135529	did37947	1
qid135533	did10826	1
qid135537	did65657	1
qid135549	did12528	1
qid135554	did39609	1
qid135566	did65663	1
qid135588	did13371	1
qid135590	did64050	1
qid135596	did52861	1
qid135602	did14737	1
qid135605	did27978	1
qid135607	did65675	1
qid135608	did7210	1
qid135611	did20373	1
qid135622	did65678	1
qid135631	did21725	1
qid135637	did65684	1
qid135650	did46088	1
qid135658	did65692	1
qid135661	did65694	1
qid135666	did21165	1
qid135690	did65705	1
qid135714	did27125	1
qid135734	did65721	1
qid135749	did2310	1
qid135761	did15670	1
qid135771	did65731	1
qid135777	did62856	1
qid135792	did65737	1
qid135797	did18319	1
qid135818	did65745	1
qid135824	did2286	1
qid135828	did49277	1
qid135832	did51935	1
qid135851	did65751	1
qid135854	did65752	1
qid135867	did8846	1
qid135875	did65761	1
qid135878	did65762	1
qid135892	did65766	1
qid135898	did65769	1
qid135912	did9789	1
qid135926	did65778	1
qid135929	did33859	1
qid135930	did65780	1
qid135931	did65781	1
qid135934	did36915	1
qid135936	did6334	1
qid135947	did65785	1
qid135956	did68	1
qid135957	did9532	1
qid135979	did65795	1
qid136001	did1951	1
qid136003	did65798	1
qid136006	did55307	1
qid136007	did18770	1
qid136008	did4268	1
qid136009	did63485	1
qid136011	did55740	1
qid136024	did30779	1
qid136026	did938	1
qid136027	did8671	1
qid136042	did8832	1
qid136043	did30846	1
qid136073	did9817	1
qid136082	did11172	1
qid136087	did65828	1
qid136092	did65831	1
qid136124	did11926	1
qid136143	did24004	1
qid136150	did65849	1
qid136164	did65855	1
qid136172	did2072	1
qid136179	did65861	1
qid136181	did620	1
qid136203	did596	1
qid136213	did65869	1
qid136217	did15393	1
qid136220	did260	1
qid136227	did31893	1
qid136266	did65886	1
qid136269	did8287	1
qid136272	did65887	1
qid136275	did1931	1
qid136302	did9434	1
qid136307	did65901	1
qid136324	did14465	1
qid136338	did17568	1
qid136341	did9004	1
qid136348	did11390	1
qid136377	did1131	1
qid136390	did61020	1
qid136394	did1595	1
qid136397	did65927	1
qid136400	did65929	1
qid136408	did61077	1
qid136421	did9582	1
qid136428	did65941	1
qid136466	did50658	1
qid136468	did25141	1
qid136479	did21571	1
qid136484	did65957	1
qid136490	did51968	1
qid136509	did5326	1
qid136520	did19080	1
qid136521	did23304	1
qid136526	did65976	1
qid136527	did58885	1
qid136529	did65977	1
qid136554	did14187	1
qid136564	did4922	1
qid136569	did65990	1
qid136573	did18476	1
qid136574	did391	1
qid136577	did65993	1
qid136601	did6319	1
qid136609	did36666	1
qid136622	did34985	1
qid136623	did8283	1
qid136627	did15219	1
qid136633	did66006	1
qid136647	did66012	1
qid136652	did66013	1
qid136673	did6380	1
qid136684	did66028	1
qid136693	did66031	1
qid136704	did3064	1
qid136706	did835	1
qid136713	did24790	1
qid136726	did24973	1
qid136729	did47448	1
qid136766	did2348	1
qid136776	did13648	1
qid136778	did66056	1
qid136780	did25475	1
qid136787	did23856	1
qid136795	did27186	1
qid136804	did3863	1
qid136818	did28548	1
qid136822	did43469	1
qid136842	did43537	1
qid136843	did22502	1
qid136844	did6122	1
qid136847	did75	1
qid136852	did66076	1
qid136860	did671	1
qid136864	did13215	1
qid136874	did14400	1
qid136882	did47964	1
qid136903	did42199	1
qid136907	did66092	1
qid136910	did16251	1
qid136913	did8551	1
qid136919	did66095	1
qid136920	did8195	1
qid136926	did8905	1
qid136933	did22318	1
qid136934	did5467	1
qid136968	did1581	1
qid136985	did66112	1
qid136986	did4351	1
qid136996	did11583	1
qid137042	did39251	1
qid137064	did531	1
qid137086	did66149	1
qid137100	did10934	1
qid137102	did28374	1
qid137107	did6038	1
qid137130	did43852	1
qid137131	did23791	1
qid137150	did8265	1
qid137157	did18438	1
qid137176	did66181	1
qid137186	did38640	1
qid137188	did66182	1
qid137193	did30090	1
qid137194	did66185	1
qid137201	did5630	1
qid137204	did23250	1
qid137212	did66193	1
qid137216	did18658	1
qid137223	did37023	1
qid137233	did59545	1
qid137242	did25247	1
qid137263	did12181	1
qid137272	did33620	1
qid137274	did6674	1
qid137276	did66210	1
qid137287	did33297	1
qid137307	did66216	1
qid137313	did66219	1
qid137329	did2328	1
qid137334	did2005	1
qid137336	did31243	1
qid137339	did44419	1
qid137345	did40088	1
qid137355	did319	1
qid137359	did28023	1
qid137367	did46574	1
qid137375	did66239	1
qid137404	did66244	1
qid137425	did18103	1
qid137432	did39965	1
qid137445	did52046	1
qid137455	did2693	1
qid137461	did3441	1
qid137471	did66261	1
qid137474	did40791	1
qid137479	did36146	1
qid137488	did66265	1
qid137498	did38824	1
qid137508	did66271	1
qid137512	did40558	1
qid137516	did60446	1
qid137526	did3302	1
qid137528	did66275	1
qid137535	did8852	1
qid137549	did38748	1
qid137553	did20407	1
qid137562	did62404	1
qid137576	did66288	1
qid137592	did9894	1
qid137604	did47028	1
qid137607	did1898	1
qid137620	did39209	1
qid137627	did23368	1
qid137630	did66301	1
qid137633	did14325	1
qid137651	did66310	1
qid137663	did26747	1
qid137693	did58283	1
qid137695	did22732	1
qid137698	did5759	1
qid137699	did36468	1
qid137704	did22886	1
qid137711	did27149	1
qid137737	did43910	1
qid137745	did33725	1
qid137747	did66336	1
qid137748	did66337	1
qid137753	did66340	1
qid137758	did66342	1
qid137764	did9227	1
qid137773	did33625	1
qid137774	did66349	1
qid137785	did15439	1
qid137787	did66351	1
qid137793	did66353	1
qid137797	did20919	1
qid137829	did7538	1
qid137841	did18675	1
qid137868	did44081	1
qid137886	did234	1
qid137900	did28102	1
qid137905	did20609	1
qid137941	did44675	1
qid137975	did12226	1
qid138007	did66420	1
qid138021	did66426	1
qid138025	did55599	1
qid138028	did66430	1
qid138048	did9355	1
qid138063	did66445	1
qid138076	did36040	1
qid138089	did7483	1
qid138094	did1391	1
qid138096	did28127	1
qid138099	did62458	1
qid138107	did66454	1
qid138125	did7924	1
qid138129	did22264	1
qid138141	did18314	1
qid138153	did7592	1
qid138161	did23076	1
qid138164	did15619	1
qid138171	did22034	1
qid138173	did25655	1
qid138175	did12158	1
qid138178	did66480	1
qid138182	did60160	1
qid138194	did66487	1
qid138234	did66499	1
qid138262	did3097	1
qid138266	did3058	1
qid138271	did444	1
qid138290	did66518	1
qid138297	did66521	1
qid138299	did30937	1
qid138304	did38603	1
qid138323	did27097	1
qid138333	did14403	1
qid138337	did65561	1
qid138341	did66539	1
qid138353	did5659	1
qid138360	did66545	1
qid138385	did3010	1
qid138389	did66554	1
qid138395	did66557	1
qid138436	did16910	1
qid138440	did35510	1
qid138448	did55598	1
qid138499	did6493	1
qid138504	did9763	1
qid138544	did66613	1
qid138554	did52135	1
qid138570	did21104	1
qid138571	did30292	1
qid138575	did34784	1
qid138580	did66625	1
qid138585	did66627	1
qid138599	did11295	1
qid138630	did66640	1
qid138632	did32715	1
qid138658	did50187	1
qid138689	did27089	1
qid138711	did66672	1
qid138726	did18909	1
qid138742	did34303	1
qid138743	did17270	1
qid138751	did257	1
qid138755	did66681	1
qid138785	did26661	1
qid138789	did52514	1
qid138796	did7212	1
qid138798	did25930	1
qid138799	did1518	1
qid138824	did66693	1
qid138826	did26921	1
qid138841	did11251	1
qid138842	did22634	1
qid138844	did8928	1
qid138860	did31171	1
qid138864	did5388	1
qid138869	did31	1
qid138871	did2892	1
qid138879	did27070	1
qid138881	did3014	1
qid138887	did4337	1
qid138921	did66715	1
qid138924	did109	1
qid138926	did12024	1
qid138978	did66737	1
qid138987	did285	1
qid138992	did15472	1
qid138997	did11934	1
qid139014	did66014	1
qid139023	did25526	1
qid139034	did47481	1
qid139035	did3097	1
qid139053	did257	1
qid139062	did66760	1
qid139092	did40723	1
qid139117	did18913	1
qid139120	did66774	1
qid139135	did59107	1
qid139147	did10345	1
qid139148	did66788	1
qid139151	did156	1
qid139152	did1812	1
qid139168	did66792	1
qid139196	did66805	1
qid139210	did657	1
qid139254	did66822	1
qid139283	did4382	1
qid139304	did1122	1
qid139309	did9467	1
qid139315	did49461	1
qid139322	did14175	1
qid139335	did13127	1
qid139377	did5240	1
qid139383	did820	1
qid139391	did20272	1
qid139392	did45	1
qid139400	did66501	1
qid139404	did847	1
qid139418	did51008	1
qid139419	did66865	1
qid139444	did17938	1
qid139458	did19177	1
qid139464	did19528	1
qid139486	did66878	1
qid139496	did66880	1
qid139509	did4564	1
qid139520	did59955	1
qid139528	did66886	1
qid139529	did10752	1
qid139532	did66888	1
qid139539	did66890	1
qid139542	did24095	1
qid139570	did10001	1
qid139579	did66902	1
qid139584	did66906	1
qid139589	did30459	1
qid139604	did66911	1
qid139613	did306	1
qid139644	did66924	1
qid139649	did66927	1
qid139651	did2547	1
qid139668	did6720	1
qid139670	did13405	1
qid139691	did56468	1
qid139724	did4411	1
qid139725	did66947	1
qid139736	did1802	1
qid139769	did66960	1
qid139771	did28804	1
qid139782	did3010	1
qid139789	did59424	1
qid139790	did66967	1
qid139797	did2221	1
qid139798	did34802	1
qid139799	did66971	1
qid139819	did45630	1
qid139820	did2588	1
qid139832	did23356	1
qid139840	did30270	1
qid139843	did50180	1
qid139854	did44730	1
qid139859	did696	1
qid139861	did66985	1
qid139862	did2100	1
qid139872	did4631	1
qid139892	did6460	1
qid139898	did49092	1
qid139905	did62085	1
qid139910	did66994	1
qid139923	did2922	1
qid139926	did2476	1
qid139935	did59964	1
qid139962	did1092	1
qid139963	did52571	1
qid139964	did4478	1
qid139975	did67016	1
qid139986	did4485	1
qid140013	did50074	1
qid140017	did67030	1
qid140043	did38404	1
qid140046	did67035	1
qid140062	did35626	1
qid140069	did67046	1
qid140085	did51438	1
qid140103	did53616	1
qid140117	did455	1
qid140181	did2392	1
qid140190	did48295	1
qid140202	did67083	1
qid140227	did15795	1
qid140264	did1780	1
qid140290	did67110	1
qid140293	did50521	1
qid140302	did67116	1
qid140324	did11144	1
qid140332	did2084	1
qid140334	did67125	1
qid140362	did41501	1
qid140385	did7532	1
qid140391	did67142	1
qid140399	did67147	1
qid140407	did7178	1
qid140410	did67150	1
qid140476	did57438	1
qid140494	did67176	1
qid140496	did67177	1
qid140522	did11984	1
qid140523	did734	1
qid140529	did4820	1
qid140551	did120	1
qid140562	did2421	1
qid140571	did13405	1
qid140581	did67199	1
qid140603	did67207	1
qid140609	did1615	1
qid140610	did67210	1
qid140613	did32515	1
qid140644	did46674	1
qid140653	did29303	1
qid140654	did26219	1
qid140663	did49862	1
qid140676	did16448	1
qid140697	did19632	1
qid140698	did67242	1
qid140702	did67245	1
qid140703	did67246	1
qid140716	did7889	1
qid140731	did381	1
qid140739	did24280	1
qid140743	did1451	1
qid140785	did37977	1
qid140805	did67273	1
qid140820	did6472	1
qid140830	did67279	1
qid140844	did36367	1
qid140848	did8922	1
qid140871	did11594	1
qid140889	did67297	1
qid140893	did67298	1
qid140910	did3803	1
qid140911	did4988	1
qid140915	did67307	1
qid140916	did67308	1
qid140917	did11145	1
qid140937	did33710	1
qid140944	did67319	1
qid140945	did31356	1
qid140961	did35420	1
qid140970	did8800	1
qid140982	did6588	1
qid140989	did22243	1
qid141002	did44489	1
qid141003	did42586	1
qid141042	did67350	1
qid141044	did45806	1
qid141058	did35704	1
qid141071	did67358	1
qid141082	did5993	1
qid141093	did21212	1
qid141099	did11816	1
qid141116	did51544	1
qid141151	did2242	1
qid141160	did22530	1
qid141171	did67390	1
qid141179	did2004	1
qid141180	did43144	1
qid141207	did46655	1
qid141224	did67408	1
qid141244	did67411	1
qid141253	did38865	1
qid141266	did67418	1
qid141271	did2923	1
qid141272	did63732	1
qid141281	did20491	1
qid141287	did67425	1
qid141294	did20268	1
qid141317	did6753	1
qid141341	did20478	1
qid141370	did44873	1
qid141371	did67450	1
qid141380	did24980	1
qid141393	did27417	1
qid141395	did6064	1
qid141399	did1142	1
qid141412	did11483	1
qid141419	did41120	1
qid141421	did5053	1
qid141426	did24442	1
qid141452	did67472	1
qid141462	did67476	1
qid141477	did16481	1
qid141505	did57	1
qid141523	did15619	1
qid141529	did12933	1
qid141547	did5123	1
qid141554	did12502	1
qid141556	did2607	1
qid141582	did67513	1
qid141587	did14485	1
qid141595	did6124	1
qid141606	did2473	1
qid141613	did14214	1
qid141640	did67536	1
qid141646	did3778	1
qid141654	did47856	1
qid141656	did6095	1
qid141659	did67541	1
qid141661	did67542	1
qid141670	did8089	1
qid141671	did25657	1
qid141678	did54173	1
qid141719	did67561	1
qid141720	did1112	1
qid141725	did67563	1
qid141731	did8551	1
qid141736	did67569	1
qid141739	did67571	1
qid141764	did67583	1
qid141769	did8037	1
qid141773	did5399	1
qid141789	did6091	1
qid141816	did37434	1
qid141824	did3799	1
qid141829	did67603	1
qid141831	did23899	1
qid141839	did2161	1
qid141851	did2021	1
qid141857	did22089	1
qid141865	did9738	1
qid141870	did20464	1
qid141873	did67612	1
qid141880	did25557	1
qid141894	did67617	1
qid141914	did67625	1
qid141919	did11851	1
qid141924	did67628	1
qid141944	did17229	1
qid141960	did17568	1
qid141962	did33152	1
qid141965	did4801	1
qid141968	did10338	1
qid141972	did1267	1
qid141973	did39317	1
qid141978	did38753	1
qid141979	did16747	1
qid141984	did10201	1
qid141988	did6151	1
qid142000	did67649	1
qid142050	did19562	1
qid142097	did67686	1
qid142114	did66667	1
qid142119	did67698	1
qid142139	did20221	1
qid142149	did57984	1
qid142174	did22133	1
qid142190	did573	1
qid142195	did2403	1
qid142218	did67733	1
qid142234	did11390	1
qid142270	did3326	1
qid142317	did15316	1
qid142318	did10334	1
qid142329	did31575	1
qid142348	did67770	1
qid142350	did27267	1
qid142368	did1678	1
qid142372	did13857	1
qid142387	did67783	1
qid142388	did12175	1
qid142390	did67784	1
qid142394	did21585	1
qid142403	did16960	1
qid142407	did6798	1
qid142413	did14274	1
qid142422	did6202	1
qid142434	did6264	1
qid142435	did67795	1
qid142445	did33850	1
qid142449	did15557	1
qid142461	did22264	1
qid142467	did13876	1
qid142469	did4396	1
qid142474	did67803	1
qid142481	did36723	1
qid142486	did61502	1
qid142489	did54400	1
qid142498	did67810	1
qid142499	did8329	1
qid142504	did67761	1
qid142507	did17764	1
qid142518	did21108	1
qid142542	did16854	1
qid142556	did22859	1
qid142558	did67828	1
qid142564	did67829	1
qid142575	did18095	1
qid142587	did32109	1
qid142594	did67840	1
qid142601	did1240	1
qid142619	did67851	1
qid142621	did5258	1
qid142641	did56958	1
qid142644	did67859	1
qid142658	did59814	1
qid142664	did34928	1
qid142671	did7625	1
qid142678	did67032	1
qid142690	did12390	1
qid142692	did67875	1
qid142696	did67878	1
qid142699	did10797	1
qid142702	did9796	1
qid142704	did55365	1
qid142741	did6805	1
qid142756	did67896	1
qid142768	did67904	1
qid142784	did67911	1
qid142806	did32119	1
qid142809	did8928	1
qid142811	did67917	1
qid142823	did20406	1
qid142832	did24203	1
qid142835	did5295	1
qid142842	did25597	1
qid142845	did67932	1
qid142847	did20321	1
qid142859	did21611	1
qid142866	did43338	1
qid142906	did67951	1
qid142912	did12638	1
qid142942	did27974	1
qid142959	did1718	1
qid142960	did6835	1
qid142987	did67972	1
qid142988	did657	1
qid142996	did67976	1
qid143005	did36717	1
qid143006	did2751	1
qid143014	did67980	1
qid143021	did24209	1
qid143033	did34478	1
qid143035	did67986	1
qid143051	did24224	1
qid143053	did29654	1
qid143057	did12580	1
qid143063	did32524	1
qid143075	did63044	1
qid143094	did64361	1
qid143096	did68001	1
qid143099	did8758	1
qid143108	did18183	1
qid143111	did1962	1
qid143125	did8402	1
qid143162	did48885	1
qid143179	did13566	1
qid143185	did25247	1
qid143188	did15619	1
qid143198	did14141	1
qid143207	did68032	1
qid143224	did23243	1
qid143226	did9038	1
qid143228	did58063	1
qid143236	did24248	1
qid143248	did47103	1
qid143264	did13773	1
qid143266	did2691	1
qid143269	did7761	1
qid143278	did68054	1
qid143288	did54300	1
qid143289	did1474	1
qid143294	did65104	1
qid143313	did67829	1
qid143323	did68071	1
qid143327	did33299	1
qid143328	did68072	1
qid143330	did15497	1
qid143331	did68074	1
qid143376	did2942	1
qid143386	did68091	1
qid143398	did68097	1
qid143428	did21801	1
qid143435	did68107	1
qid143446	did52518	1
qid143468	did27314	1
qid143487	did46053	1
qid143505	did48043	1
qid143510	did68131	1
qid143516	did54429	1
qid143518	did10108	1
qid143544	did68143	1
qid143549	did68144	1
qid143559	did68149	1
qid143580	did68154	1
qid143586	did8134	1
qid143592	did1933	1
qid143598	did5122	1
qid143610	did49577	1
qid143626	did68166	1
qid143637	did16310	1
qid143648	did50320	1
qid143670	did4588	1
qid143675	did12990	1
qid143679	did68184	1
qid143729	did12425	1
qid143730	did41201	1
qid143745	did17488	1
qid143750	did4769	1
qid143759	did68209	1
qid143766	did68212	1
qid143782	did9206	1
qid143786	did31521	1
qid143787	did68221	1
qid143789	did45403	1
qid143828	did8925	1
qid143856	did65758	1
qid143873	did4060	1
qid143889	did68251	1
qid143917	did34328	1
qid143934	did44690	1
qid143935	did64416	1
qid143944	did7068	1
qid143956	did68270	1
qid143958	did584	1
qid143962	did5760	1
qid143967	did60849	1
qid144003	did21466	1
qid144012	did806	1
qid144024	did4773	1
qid144032	did65713	1
qid144042	did44499	1
qid144043	did68289	1
qid144057	did5057	1
qid144062	did20594	1
qid144067	did1	1
qid144071	did18204	1
qid144081	did68300	1
qid144089	did68303	1
qid144114	did7031	1
qid144117	did40862	1
qid144134	did3639	1
qid144153	did12565	1
qid144185	did68330	1
qid144200	did68331	1
qid144205	did5854	1
qid144210	did42577	1
qid144214	did17826	1
qid144221	did54160	1
qid144235	did46413	1
qid144260	did20627	1
qid144269	did18026	1
qid144273	did68351	1
qid144289	did62936	1
qid144310	did68364	1
qid144313	did68366	1
qid144330	did18847	1
qid144332	did68371	1
qid144338	did6489	1
qid144340	did127	1
qid144347	did68374	1
qid144355	did56802	1
qid144372	did31693	1
qid144386	did68389	1
qid144390	did14567	1
qid144425	did68401	1
qid144433	did68403	1
qid144437	did23539	1
qid144448	did22033	1
qid144449	did35203	1
qid144455	did3788	1
qid144472	did20121	1
qid144483	did7947	1
qid144491	did21351	1
qid144508	did193	1
qid144521	did4293	1
qid144535	did16598	1
qid144537	did5122	1
qid144539	did48497	1
qid144547	did68434	1
qid144549	did68435	1
qid144551	did68436	1
qid144559	did68440	1
qid144566	did5867	1
qid144580	did29203	1
qid144586	did19846	1
qid144600	did68454	1
qid144602	did13848	1
qid144607	did68456	1
qid144635	did5359	1
qid144639	did11160	1
qid144653	did68469	1
qid144661	did56931	1
qid144678	did13776	1
qid144692	did6966	1
qid144698	did3526	1
qid144705	did25646	1
qid144708	did33246	1
qid144731	did68492	1
qid144732	did14942	1
qid144745	did54404	1
qid144761	did68501	1
qid144769	did68503	1
qid144777	did2870	1
qid144782	did19070	1
qid144790	did45611	1
qid144808	did68514	1
qid144816	did12862	1
qid144824	did213	1
qid144836	did16437	1
qid144846	did14633	1
qid144850	did4993	1
qid144851	did52367	1
qid144876	did29525	1
qid144881	did68524	1
qid144892	did44668	1
qid144903	did10253	1
qid144913	did24282	1
qid144920	did66774	1
qid144923	did9244	1
qid144928	did9083	1
qid144932	did1421	1
qid144943	did16318	1
qid144945	did15400	1
qid144951	did5057	1
qid144962	did68546	1
qid144963	did68547	1
qid144964	did584	1
qid144976	did68548	1
qid144996	did20618	1
qid144998	did68559	1
qid145006	did49603	1
qid145020	did68564	1
qid145023	did2671	1
qid145048	did68572	1
qid145057	did34335	1
qid145065	did4607	1
qid145072	did68580	1
qid145097	did68590	1
qid145104	did68591	1
qid145108	did8131	1
qid145120	did6506	1
qid145125	did9295	1
qid145147	did28788	1
qid145154	did12524	1
qid145184	did598	1
qid145185	did35744	1
qid145186	did19340	1
qid145205	did9499	1
qid145215	did64318	1
qid145218	did1898	1
qid145245	did68626	1
qid145261	did8219	1
qid145262	did68635	1
qid145264	did58982	1
qid145274	did68639	1
qid145289	did68644	1
qid145291	did68646	1
qid145294	did2842	1
qid145308	did68652	1
qid145313	did68654	1
qid145317	did66857	1
qid145334	did68660	1
qid145367	did5509	1
qid145370	did65217	1
qid145389	did16624	1
qid145405	did2574	1
qid145406	did31383	1
qid145424	did2792	1
qid145451	did68695	1
qid145455	did1731	1
qid145456	did68696	1
qid145485	did10735	1
qid145500	did34081	1
qid145507	did68707	1
qid145519	did68711	1
qid145524	did16455	1
qid145533	did34128	1
qid145548	did5030	1
qid145549	did64990	1
qid145550	did1602	1
qid145570	did61011	1
qid145584	did2235	1
qid145586	did671	1
qid145594	did68733	1
qid145642	did68745	1
qid145672	did41	1
qid145694	did5953	1
qid145702	did22043	1
qid145710	did67247	1
qid145724	did1070	1
qid145753	did55522	1
qid145758	did68775	1
qid145761	did20711	1
qid145770	did55119	1
qid145781	did285	1
qid145792	did12452	1
qid145815	did31555	1
qid145827	did14005	1
qid145839	did18086	1
qid145880	did68813	1
qid145895	did8800	1
qid145897	did68818	1
qid145906	did68824	1
qid145916	did51694	1
qid145931	did68830	1
qid145933	did68831	1
qid145940	did68834	1
qid145955	did3820	1
qid145963	did1640	1
qid146011	did28264	1
qid146012	did15890	1
qid146032	did35676	1
qid146053	did27413	1
qid146058	did68860	1
qid146062	did1675	1
qid146063	did35184	1
qid146078	did10861	1
qid146083	did54827	1
qid146084	did68867	1
qid146088	did6209	1
qid146104	did50922	1
qid146105	did36271	1
qid146110	did36950	1
qid146119	did68875	1
qid146133	did53126	1
qid146141	did49543	1
qid146161	did68891	1
qid146162	did31548	1
qid146170	did4350	1
qid146178	did65644	1
qid146202	did68905	1
qid146208	did68907	1
qid146225	did68914	1
qid146232	did68916	1
qid146234	did68917	1
qid146243	did44975	1
qid146245	did7784	1
qid146248	did68921	1
qid146259	did2895	1
qid146274	did6205	1
qid146292	did31355	1
qid146303	did68938	1
qid146309	did469	1
qid146325	did68946	1
qid146331	did68948	1
qid146352	did68957	1
qid146360	did61588	1
qid146367	did40519	1
qid146371	did68962	1
qid146380	did15321	1
qid146386	did68966	1
qid146389	did8453	1
qid146393	did68969	1
qid146397	did1931	1
qid146428	did55800	1
qid146432	did34427	1
qid146442	did139	1
qid146470	did1735	1
qid146476	did46809	1
qid146479	did16695	1
qid146493	did69000	1
qid146502	did40268	1
qid146519	did10441	1
qid146523	did2427	1
qid146535	did24431	1
qid146609	did69030	1
qid146619	did9676	1
qid146622	did69034	1
qid146623	did22045	1
qid146626	did69035	1
qid146630	did69038	1
qid146644	did3863	1
qid146669	did45696	1
qid146671	did490	1
qid146672	did15548	1
qid146681	did21959	1
qid146693	did965	1
qid146698	did66048	1
qid146705	did26386	1
qid146707	did18438	1
qid146724	did44938	1
qid146737	did63023	1
qid146748	did69081	1
qid146749	did21825	1
qid146751	did427	1
qid146755	did1158	1
qid146764	did2228	1
qid146765	did33552	1
qid146800	did9858	1
qid146803	did13727	1
qid146819	did69096	1
qid146838	did40994	1
qid146843	did6428	1
qid146845	did20527	1
qid146847	did7004	1
qid146860	did4996	1
qid146867	did7597	1
qid146887	did69116	1
qid146897	did69120	1
qid146901	did55137	1
qid146902	did21716	1
qid146920	did36231	1
qid146928	did2682	1
qid146936	did43244	1
qid146946	did62489	1
qid146957	did4919	1
qid146977	did69145	1
qid146984	did18563	1
qid147012	did8900	1
qid147014	did69158	1
qid147018	did69160	1
qid147033	did29059	1
qid147037	did69165	1
qid147040	did46345	1
qid147044	did2219	1
qid147054	did15807	1
qid147057	did69169	1
qid147064	did23278	1
qid147068	did24605	1
qid147070	did69173	1
qid147074	did7000	1
qid147084	did36324	1
qid147093	did1000	1
qid147094	did69180	1
qid147101	did69182	1
qid147114	did69185	1
qid147115	did69186	1
qid147130	did20192	1
qid147140	did69193	1
qid147141	did16710	1
qid147149	did563	1
qid147160	did16328	1
qid147162	did44353	1
qid147185	did49353	1
qid147218	did1742	1
qid147221	did7781	1
qid147227	did34661	1
qid147232	did69208	1
qid147256	did5927	1
qid147271	did5559	1
qid147276	did69220	1
qid147292	did69229	1
qid147303	did69233	1
qid147310	did1942	1
qid147313	did40341	1
qid147317	did2651	1
qid147323	did25969	1
qid147344	did69249	1
qid147347	did69251	1
qid147357	did53712	1
qid147382	did69262	1
qid147427	did69277	1
qid147430	did8548	1
qid147452	did69286	1
qid147458	did69288	1
qid147473	did62992	1
qid147486	did2253	1
qid147496	did38748	1
qid147499	did1758	1
qid147503	did17824	1
qid147510	did43894	1
qid147517	did16586	1
qid147534	did25852	1
qid147535	did58658	1
qid147537	did9990	1
qid147544	did5163	1
qid147549	did69313	1
qid147575	did69323	1
qid147591	did69326	1
qid147604	did5888	1
qid147605	did69332	1
qid147619	did15762	1
qid147663	did3803	1
qid147672	did2247	1
qid147674	did26478	1
qid147688	did46059	1
qid147704	did69363	1
qid147709	did40881	1
qid147746	did24752	1
qid147753	did69377	1
qid147761	did8666	1
qid147765	did6760	1
qid147767	did26302	1
qid147792	did69384	1
qid147810	did69386	1
qid147843	did69398	1
qid147850	did69401	1
qid147854	did54356	1
qid147877	did51159	1
qid147885	did7006	1
qid147887	did2922	1
qid147897	did20930	1
qid147908	did69420	1
qid147911	did46413	1
qid147913	did29886	1
qid147924	did39739	1
qid147929	did18967	1
qid147947	did13644	1
qid147950	did18494	1
qid147954	did5321	1
qid147958	did2433	1
qid147967	did48811	1
qid147976	did6388	1
qid147981	did69442	1
qid147982	did69443	1
qid147992	did6523	1
qid147996	did47250	1
qid148006	did69450	1
qid148011	did8973	1
qid148023	did14914	1
qid148024	did47980	1
qid148026	did5146	1
qid148030	did24680	1
qid148036	did69458	1
qid148037	did69459	1
qid148049	did52511	1
qid148060	did2285	1
qid148061	did69467	1
qid148075	did69471	1
qid148093	did19319	1
qid148099	did14618	1
qid148101	did43874	1
qid148110	did679	1
qid148114	did69481	1
qid148122	did2039	1
qid148125	did35344	1
qid148127	did447	1
qid148132	did41277	1
qid148135	did64900	1
qid148148	did38655	1
qid148157	did69497	1
qid148168	did7779	1
qid148169	did42138	1
qid148170	did1898	1
qid148199	did65632	1
qid148209	did69508	1
qid148258	did204	1
qid148307	did69538	1
qid148312	did69540	1
qid148330	did8889	1
qid148339	did36120	1
qid148340	did69550	1
qid148354	did7458	1
qid148357	did69557	1
qid148390	did36813	1
qid148396	did51914	1
qid148400	did69573	1
qid148405	did50623	1
qid148407	did6368	1
qid148428	did38343	1
qid148445	did69584	1
qid148446	did57987	1
qid148448	did759	1
qid148450	did1751	1
qid148468	did69593	1
qid148497	did69607	1
qid148507	did25871	1
qid148513	did69615	1
qid148529	did24033	1
qid148535	did6659	1
qid148539	did29074	1
qid148549	did18845	1
qid148561	did6047	1
qid148576	did20438	1
qid148582	did69635	1
qid148583	did69636	1
qid148584	did65150	1
qid148606	did39101	1
qid148639	did69658	1
qid148659	did69664	1
qid148686	did29135	1
qid148689	did53600	1
qid148707	did69677	1
qid148715	did69680	1
qid148722	did16148	1
qid148730	did615	1
qid148734	did52105	1
qid148759	did69689	1
qid148767	did69693	1
qid148795	did2533	1
qid148810	did36818	1
qid148812	did69706	1
qid148819	did12091	1
qid148829	did1418	1
qid148833	did69671	1
qid148836	did777	1
qid148852	did52613	1
qid148855	did20601	1
qid148869	did69721	1
qid148877	did46811	1
qid148888	did59309	1
qid148895	did12198	1
qid148897	did2316	1
qid148898	did17759	1
qid148926	did2680	1
qid148934	did5153	1
qid148943	did69738	1
qid148953	did15102	1
qid148979	did4362	1
qid148985	did12597	1
qid149016	did7632	1
qid149025	did69761	1
qid149026	did4737	1
qid149027	did35648	1
qid149029	did69762	1
qid149039	did22661	1
qid149073	did6998	1
qid149102	did16118	1
qid149106	did54342	1
qid149128	did4802	1
qid149135	did60775	1
qid149137	did69787	1
qid149142	did37279	1
qid149144	did67070	1
qid149163	did69793	1
qid149165	did66307	1
qid149166	did69795	1
qid149171	did2183	1
qid149192	did40417	1
qid149202	did2759	1
qid149209	did2691	1
qid149216	did27865	1
qid149218	did41049	1
qid149233	did69813	1
qid149237	did69814	1
qid149238	did4512	1
qid149240	did69816	1
qid149253	did6657	1
qid149258	did69822	1
qid149263	did69824	1
qid149264	did24586	1
qid149268	did69825	1
qid149297	did4461	1
qid149304	did21734	1
qid149305	did2035	1
qid149306	did57527	1
qid149310	did51315	1
qid149319	did25483	1
qid149346	did69844	1
qid149353	did877	1
qid149359	did19077	1
qid149375	did69853	1
qid149391	did59782	1
qid149410	did21821	1
qid149418	did69389	1
qid149420	did26674	1
qid149423	did69870	1
qid149430	did38488	1
qid149432	did64784	1
qid149443	did69878	1
qid149447	did15144	1
qid149454	did69881	1
qid149459	did43028	1
qid149462	did13437	1
qid149463	did10487	1
qid149473	did69884	1
qid149474	did47915	1
qid149479	did23122	1
qid149480	did22680	1
qid149496	did54365	1
qid149497	did41648	1
qid149503	did46556	1
qid149509	did69892	1
qid149516	did6358	1
qid149517	did69894	1
qid149526	did9108	1
qid149543	did33150	1
qid149568	did1787	1
qid149588	did69913	1
qid149589	did37818	1
qid149619	did69923	1
qid149640	did69930	1
qid149657	did26512	1
qid149659	did69939	1
qid149664	did10644	1
qid149697	did69949	1
qid149701	did69950	1
qid149703	did69951	1
qid149707	did69952	1
qid149746	did7573	1
qid149758	did19475	1
qid149764	did25568	1
qid149766	did42993	1
qid149782	did21238	1
qid149816	did23390	1
qid149825	did53894	1
qid149833	did45181	1
qid149899	did70011	1
qid149916	did7609	1
qid149918	did8319	1
qid149920	did4132	1
qid149934	did9260	1
qid149940	did355	1
qid149949	did70030	1
qid149967	did3917	1
qid149972	did70038	1
qid149989	did46331	1
qid149996	did3242	1
qid150001	did26778	1
qid150003	did54589	1
qid150021	did11737	1
qid150024	did45344	1
qid150028	did70052	1
qid150061	did63762	1
qid150063	did23133	1
qid150068	did4247	1
qid150069	did175	1
qid150070	did9023	1
qid150071	did70065	1
qid150091	did70070	1
qid150092	did70071	1
qid150105	did34769	1
qid150123	did49911	1
qid150128	did16937	1
qid150142	did38323	1
qid150154	did70091	1
qid150158	did9583	1
qid150166	did2036	1
qid150175	did70099	1
qid150176	did36963	1
qid150188	did47897	1
qid150200	did70105	1
qid150213	did70109	1
qid150232	did1120	1
qid150248	did70124	1
qid150250	did8405	1
qid150269	did12324	1
qid150274	did45948	1
qid150285	did3653	1
qid150291	did7438	1
qid150300	did70139	1
qid150321	did648	1
qid150350	did24139	1
qid150353	did15064	1
qid150358	did3765	1
qid150363	did60999	1
qid150382	did4221	1
qid150405	did20059	1
qid150411	did25697	1
qid150425	did62511	1
qid150430	did2986	1
qid150433	did20381	1
qid150443	did70172	1
qid150450	did16331	1
qid150481	did10670	1
qid150495	did5514	1
qid150500	did50840	1
qid150506	did59455	1
qid150529	did7539	1
qid150536	did70192	1
qid150539	did4142	1
qid150568	did70208	1
qid150577	did6213	1
qid150579	did7685	1
qid150590	did1640	1
qid150645	did16344	1
qid150659	did70233	1
qid150670	did70236	1
qid150677	did20541	1
qid150692	did23013	1
qid150723	did70251	1
qid150728	did5287	1
qid150736	did2253	1
qid150751	did15065	1
qid150753	did38312	1
qid150761	did22569	1
qid150768	did45487	1
qid150771	did70266	1
qid150801	did24327	1
qid150821	did44815	1
qid150837	did70282	1
qid150853	did49880	1
qid150866	did798	1
qid150868	did21806	1
qid150869	did53949	1
qid150876	did62131	1
qid150906	did8832	1
qid150914	did70300	1
qid150935	did11524	1
qid150940	did70305	1
qid150941	did70306	1
qid150955	did4041	1
qid150976	did52274	1
qid150981	did26134	1
qid150986	did46120	1
qid151029	did70336	1
qid151032	did7009	1
qid151045	did13624	1
qid151055	did70345	1
qid151057	did68584	1
qid151063	did70348	1
qid151064	did26648	1
qid151138	did64748	1
qid151152	did32960	1
qid151158	did14691	1
qid151162	did1615	1
qid151169	did11851	1
qid151173	did70371	1
qid151183	did70375	1
qid151213	did14519	1
qid151230	did1142	1
qid151248	did70022	1
qid151264	did20526	1
qid151265	did70394	1
qid151276	did70397	1
qid151277	did23069	1
qid151282	did17745	1
qid151283	did34179	1
qid151293	did2965	1
qid151300	did70403	1
qid151307	did12980	1
qid151308	did70408	1
qid151325	did2763	1
qid151328	did70413	1
qid151332	did70415	1
qid151339	did569	1
qid151355	did7888	1
qid151358	did70422	1
qid151378	did3042	1
qid151381	did2182	1
qid151388	did41640	1
qid151396	did45448	1
qid151401	did30618	1
qid151410	did58692	1
qid151413	did8752	1
qid151414	did18977	1
qid151431	did4861	1
qid151433	did24177	1
qid151440	did49585	1
qid151457	did70453	1
qid151467	did70457	1
qid151476	did28116	1
qid151482	did36132	1
qid151513	did15000	1
qid151530	did1783	1
qid151539	did1267	1
qid151545	did5281	1
qid151564	did46890	1
qid151576	did70489	1
qid151604	did24870	1
qid151606	did27248	1
qid151619	did20930	1
qid151640	did11626	1
qid151655	did3593	1
qid151675	did24594	1
qid151678	did70517	1
qid151679	did70518	1
qid151691	did70522	1
qid151694	did67800	1
qid151696	did70524	1
qid151697	did281	1
qid151726	did70534	1
qid151734	did2942	1
qid151750	did27603	1
qid151755	did16417	1
qid151763	did55094	1
qid151777	did54854	1
qid151781	did12024	1
qid151788	did57052	1
qid151793	did1762	1
qid151796	did2987	1
qid151802	did16604	1
qid151803	did62665	1
qid151806	did70561	1
qid151809	did21990	1
qid151812	did70564	1
qid151816	did19607	1
qid151817	did161	1
qid151827	did7365	1
qid151834	did70568	1
qid151852	did21479	1
qid151858	did17659	1
qid151862	did70576	1
qid151885	did18333	1
qid151886	did3170	1
qid151917	did13579	1
qid151920	did70592	1
qid151933	did942	1
qid151934	did9394	1
qid151935	did10370	1
qid151937	did8166	1
qid151943	did2708	1
qid151959	did18601	1
qid151987	did3287	1
qid151989	did4545	1
qid152004	did10778	1
qid152009	did41952	1
qid152030	did70623	1
qid152037	did37571	1
qid152040	did67247	1
qid152044	did70628	1
qid152051	did5194	1
qid152057	did17233	1
qid152060	did70631	1
qid152062	did7888	1
qid152063	did29314	1
qid152064	did70633	1
qid152068	did14840	1
qid152072	did22418	1
qid152073	did70637	1
qid152076	did70639	1
qid152084	did34368	1
qid152086	did58998	1
qid152107	did70656	1
qid152140	did27462	1
qid152147	did5582	1
qid152164	did9249	1
qid152165	did70674	1
qid152189	did6838	1
qid152203	did70689	1
qid152204	did14617	1
qid152217	did39303	1
qid152230	did70699	1
qid152239	did70704	1
qid152246	did2110	1
qid152258	did43697	1
qid152266	did70712	1
qid152269	did65834	1
qid152277	did18125	1
qid152280	did70717	1
qid152292	did36040	1
qid152308	did11772	1
qid152332	did16489	1
qid152345	did70734	1
qid152363	did70741	1
qid152372	did70742	1
qid152393	did1985	1
qid152396	did1025	1
qid152399	did70750	1
qid152428	did65823	1
qid152454	did56	1
qid152458	did4224	1
qid152472	did70764	1
qid152481	did20094	1
qid152485	did36208	1
qid152488	did70768	1
qid152491	did70771	1
qid152493	did55310	1
qid152511	did70777	1
qid152516	did31224	1
qid152517	did22246	1
qid152528	did18601	1
qid152533	did3416	1
qid152534	did57112	1
qid152535	did70784	1
qid152544	did15455	1
qid152550	did19933	1
qid152554	did2593	1
qid152573	did70795	1
qid152582	did1069	1
qid152607	did2630	1
qid152611	did1889	1
qid152615	did19916	1
qid152617	did70808	1
qid152625	did35580	1
qid152626	did8589	1
qid152627	did12844	1
qid152639	did11867	1
qid152661	did31900	1
qid152666	did62175	1
qid152679	did10275	1
qid152686	did70823	1
qid152720	did18378	1
qid152734	did70835	1
qid152748	did14922	1
qid152765	did16367	1
qid152773	did21062	1
qid152781	did2981	1
qid152788	did70852	1
qid152809	did6341	1
qid152836	did16893	1
qid152873	did70873	1
qid152881	did70875	1
qid152882	did39260	1
qid152888	did12286	1
qid152891	did70879	1
qid152905	did70886	1
qid152929	did70899	1
qid152957	did22011	1
qid152977	did5417	1
qid152995	did150	1
qid152997	did47105	1
qid152999	did5514	1
qid153005	did26843	1
qid153014	did8429	1
qid153038	did767	1
qid153050	did19515	1
qid153056	did61928	1
qid153059	did7509	1
qid153075	did64558	1
qid153104	did70944	1
qid153107	did14395	1
qid153112	did70946	1
qid153141	did1287	1
qid153152	did49944	1
qid153155	did17843	1
qid153166	did19242	1
qid153188	did19094	1
qid153189	did70972	1
qid153191	did37313	1
qid153212	did70979	1
qid153217	did26295	1
qid153225	did19587	1
qid153232	did70987	1
qid153234	did3787	1
qid153237	did47393	1
qid153273	did16682	1
qid153287	did71001	1
qid153294	did17583	1
qid153305	did71003	1
qid153336	did9729	1
qid153347	did41823	1
qid153348	did71017	1
qid153353	did14776	1
qid153354	did15915	1
qid153361	did32016	1
qid153372	did71022	1
qid153373	did71023	1
qid153393	did18000	1
qid153397	did235	1
qid153406	did36560	1
qid153415	did36025	1
qid153418	did41834	1
qid153437	did25926	1
qid153439	did71040	1
qid153442	did71041	1
qid153452	did48296	1
qid153456	did13580	1
qid153467	did71046	1
qid153474	did71049	1
qid153479	did71052	1
qid153480	did71053	1
qid153483	did71054	1
qid153489	did71057	1
qid153507	did306	1
qid153517	did71066	1
qid153519	did38639	1
qid153544	did71074	1
qid153553	did648	1
qid153580	did23638	1
qid153599	did62382	1
qid153605	did19133	1
qid153607	did52861	1
qid153626	did71090	1
qid153630	did23951	1
qid153639	did53111	1
qid153653	did39091	1
qid153669	did1658	1
qid153674	did21893	1
qid153677	did67351	1
qid153691	did71107	1
qid153692	did1840	1
qid153710	did249	1
qid153715	did24865	1
qid153716	did12787	1
qid153726	did71120	1
qid153728	did71122	1
qid153734	did5060	1
qid153747	did28812	1
qid153749	did14355	1
qid153754	did16997	1
qid153759	did71131	1
qid153761	did26724	1
qid153773	did562	1
qid153785	did23221	1
qid153789	did3362	1
qid153835	did17553	1
qid153847	did65713	1
qid153849	did34481	1
qid153864	did59669	1
qid153878	did9424	1
qid153891	did10923	1
qid153904	did59777	1
qid153907	did71175	1
qid153926	did61155	1
qid153928	did71181	1
qid153933	did33331	1
qid153942	did11346	1
qid153954	did71188	1
qid153955	did15426	1
qid153963	did5122	1
qid153967	did8553	1
qid153997	did3428	1
qid154010	did71202	1
qid154020	did6790	1
qid154027	did71209	1
qid154033	did20821	1
qid154054	did71217	1
qid154056	did6542	1
qid154066	did15478	1
qid154080	did71227	1
qid154084	did1147	1
qid154094	did16006	1
qid154103	did71233	1
qid154105	did10346	1
qid154107	did6588	1
qid154113	did71238	1
qid154118	did34212	1
qid154123	did21593	1
qid154127	did71241	1
qid154139	did44210	1
qid154158	did71247	1
qid154166	did4850	1
qid154178	did67986	1
qid154186	did71255	1
qid154196	did71260	1
qid154198	did46910	1
qid154214	did34770	1
qid154233	did14440	1
qid154234	did2465	1
qid154239	did71279	1
qid154267	did615	1
qid154268	did71283	1
qid154272	did71284	1
qid154274	did17166	1
qid154289	did37626	1
qid154296	did4286	1
qid154299	did64104	1
qid154308	did71296	1
qid154309	did71297	1
qid154329	did71303	1
qid154331	did71304	1
qid154339	did18829	1
qid154341	did71309	1
qid154365	did834	1
qid154367	did2217	1
qid154399	did34629	1
qid154404	did71335	1
qid154415	did19174	1
qid154418	did150	1
qid154443	did4701	1
qid154447	did2430	1
qid154451	did17064	1
qid154462	did2746	1
qid154465	did71348	1
qid154468	did71350	1
qid154481	did40212	1
qid154483	did759	1
qid154490	did7129	1
qid154491	did71356	1
qid154494	did19402	1
qid154495	did14640	1
qid154514	did4509	1
qid154556	did60784	1
qid154590	did50796	1
qid154593	did71386	1
qid154605	did4556	1
qid154606	did45999	1
qid154611	did71389	1
qid154648	did71400	1
qid154652	did2651	1
qid154658	did29629	1
qid154663	did71406	1
qid154674	did4353	1
qid154691	did71415	1
qid154735	did5388	1
qid154736	did681	1
qid154743	did2385	1
qid154768	did28100	1
qid154773	did56922	1
qid154781	did71443	1
qid154785	did71444	1
qid154798	did71449	1
qid154808	did63581	1
qid154810	did16937	1
qid154817	did38719	1
qid154834	did5621	1
qid154865	did31076	1
qid154866	did2742	1
qid154872	did48187	1
qid154882	did11060	1
qid154966	did8700	1
qid154969	did56424	1
qid154977	did33649	1
qid154983	did19703	1
qid155000	did19681	1
qid155004	did71510	1
qid155019	did11392	1
qid155028	did71518	1
qid155035	did71519	1
qid155040	did71521	1
qid155058	did13420	1
qid155060	did21300	1
qid155062	did71527	1
qid155108	did62473	1
qid155118	did71544	1
qid155139	did11663	1
qid155155	did25105	1
qid155168	did71556	1
qid155175	did9476	1
qid155188	did24215	1
qid155202	did22539	1
qid155206	did71562	1
qid155218	did15102	1
qid155228	did9789	1
qid155231	did71571	1
qid155241	did12002	1
qid155253	did62894	1
qid155268	did71537	1
qid155282	did12733	1
qid155301	did109	1
qid155310	did71501	1
qid155321	did1360	1
qid155323	did14626	1
qid155331	did71595	1
qid155333	did71596	1
qid155350	did29708	1
qid155387	did71607	1
qid155396	did2665	1
qid155412	did71615	1
qid155429	did2323	1
qid155436	did14684	1
qid155439	did71623	1
qid155442	did32418	1
qid155450	did71626	1
qid155457	did71629	1
qid155465	did71634	1
qid155468	did23694	1
qid155478	did71639	1
qid155489	did71642	1
qid155490	did10427	1
qid155498	did4075	1
qid155504	did71647	1
qid155505	did41802	1
qid155510	did71651	1
qid155525	did56470	1
qid155540	did28372	1
qid155552	did28004	1
qid155554	did71662	1
qid155564	did71667	1
qid155569	did8206	1
qid155583	did71674	1
qid155591	did71677	1
qid155597	did71678	1
qid155614	did432	1
qid155615	did47129	1
qid155620	did1894	1
qid155629	did15079	1
qid155650	did17907	1
qid155651	did71688	1
qid155654	did27859	1
qid155668	did15230	1
qid155686	did591	1
qid155696	did2212	1
qid155700	did71698	1
qid155743	did71714	1
qid155744	did1502	1
qid155764	did71718	1
qid155793	did5495	1
qid155799	did2432	1
qid155800	did26897	1
qid155801	did71730	1
qid155815	did71733	1
qid155816	did50246	1
qid155824	did71737	1
qid155830	did45321	1
qid155834	did33295	1
qid155848	did13892	1
qid155851	did35143	1
qid155855	did1099	1
qid155880	did92	1
qid155882	did23339	1
qid155891	did61519	1
qid155905	did71757	1
qid155919	did601	1
qid155925	did1603	1
qid155938	did2728	1
qid155943	did25520	1
qid155960	did1467	1
qid155975	did2205	1
qid155996	did2033	1
qid156005	did22632	1
qid156007	did61511	1
qid156011	did22974	1
qid156032	did52811	1
qid156033	did44353	1
qid156053	did71798	1
qid156073	did1017	1
qid156075	did71802	1
qid156084	did71807	1
qid156090	did71809	1
qid156095	did12511	1
qid156127	did2040	1
qid156140	did3315	1
qid156143	did71824	1
qid156147	did17408	1
qid156154	did17470	1
qid156164	did213	1
qid156165	did22885	1
qid156168	did32778	1
qid156173	did71833	1
qid156189	did71838	1
qid156194	did14800	1
qid156205	did24954	1
qid156213	did71846	1
qid156214	did9728	1
qid156235	did71852	1
qid156239	did13466	1
qid156246	did4060	1
qid156249	did2270	1
qid156268	did5514	1
qid156280	did5271	1
qid156284	did10030	1
qid156287	did71870	1
qid156290	did29315	1
qid156293	did25222	1
qid156299	did48960	1
qid156326	did71880	1
qid156328	did30996	1
qid156337	did7164	1
qid156347	did39506	1
qid156354	did17278	1
qid156365	did60408	1
qid156370	did3096	1
qid156372	did19063	1
qid156377	did71894	1
qid156380	did27797	1
qid156386	did1616	1
qid156403	did8821	1
qid156407	did6856	1
qid156419	did12645	1
qid156438	did71909	1
qid156448	did71915	1
qid156457	did474	1
qid156485	did67609	1
qid156488	did24953	1
qid156490	did5552	1
qid156522	did318	1
qid156553	did7903	1
qid156556	did71940	1
qid156580	did8152	1
qid156587	did71950	1
qid156599	did13788	1
qid156614	did29602	1
qid156620	did3880	1
qid156627	did71961	1
qid156640	did497	1
qid156660	did5952	1
qid156672	did19617	1
qid156690	did9415	1
qid156708	did71984	1
qid156711	did71986	1
qid156722	did71991	1
qid156726	did71201	1
qid156737	did71996	1
qid156741	did7339	1
qid156754	did11755	1
qid156769	did55417	1
qid156772	did72004	1
qid156774	did2084	1
qid156792	did31358	1
qid156810	did7530	1
qid156813	did21009	1
qid156829	did226	1
qid156855	did70772	1
qid156856	did11308	1
qid156875	did30085	1
qid156883	did28179	1
qid156886	did56153	1
qid156901	did66500	1
qid156910	did57538	1
qid156937	did70771	1
qid156946	did26141	1
qid156947	did10257	1
qid156951	did27	1
qid156971	did19506	1
qid156983	did15236	1
qid156997	did1505	1
qid157006	did35559	1
qid157042	did72080	1
qid157048	did56063	1
qid157054	did13395	1
qid157055	did25378	1
qid157060	did1586	1
qid157067	did8540	1
qid157070	did6151	1
qid157076	did31179	1
qid157079	did428	1
qid157088	did19194	1
qid157096	did430	1
qid157105	did4820	1
qid157112	did72099	1
qid157117	did72100	1
qid157122	did1055	1
qid157137	did190	1
qid157159	did23483	1
qid157179	did19063	1
qid157246	did20961	1
qid157253	did3337	1
qid157261	did19598	1
qid157281	did72147	1
qid157284	did17403	1
qid157286	did29731	1
qid157289	did6837	1
qid157291	did72148	1
qid157292	did420	1
qid157297	did7423	1
qid157301	did54503	1
qid157324	did17690	1
qid157329	did72157	1
qid157330	did72158	1
qid157333	did10167	1
qid157340	did72161	1
qid157349	did7397	1
qid157355	did598	1
qid157363	did2590	1
qid157367	did72165	1
qid157368	did29582	1
qid157371	did1848	1
qid157382	did11318	1
qid157383	did4778	1
qid157410	did72183	1
qid157414	did72184	1
qid157423	did72188	1
qid157426	did27187	1
qid157436	did26879	1
qid157440	did7858	1
qid157444	did72192	1
qid157448	did72194	1
qid157459	did22499	1
qid157464	did72200	1
qid157482	did1551	1
qid157484	did72206	1
qid157485	did19327	1
qid157497	did72210	1
qid157500	did1781	1
qid157503	did37773	1
qid157513	did20775	1
qid157548	did1800	1
qid157563	did72229	1
qid157571	did72232	1
qid157577	did1894	1
qid157582	did2027	1
qid157590	did72235	1
qid157591	did44620	1
qid157601	did72238	1
qid157607	did18946	1
qid157612	did19383	1
qid157613	did39717	1
qid157614	did12112	1
qid157630	did64949	1
qid157648	did9286	1
qid157689	did72262	1
qid157765	did72279	1
qid157774	did72281	1
qid157778	did3896	1
qid157781	did72285	1
qid157790	did5504	1
qid157798	did72288	1
qid157800	did10999	1
qid157807	did15309	1
qid157833	did29050	1
qid157843	did68422	1
qid157862	did71125	1
qid157864	did3763	1
qid157875	did72306	1
qid157877	did19544	1
qid157885	did48910	1
qid157886	did72313	1
qid157900	did72317	1
qid157915	did1516	1
qid157930	did72327	1
qid157942	did72332	1
qid157953	did8797	1
qid157969	did13181	1
qid157979	did859	1
qid157981	did8361	1
qid157990	did72349	1
qid157999	did6295	1
qid158001	did16260	1
qid158042	did44133	1
qid158052	did26640	1
qid158057	did43758	1
qid158085	did72378	1
qid158089	did25943	1
qid158099	did9368	1
qid158103	did34174	1
qid158118	did19372	1
qid158123	did7227	1
qid158147	did40115	1
qid158151	did72400	1
qid158183	did72411	1
qid158187	did72412	1
qid158194	did72416	1
qid158206	did5899	1
qid158215	did9801	1
qid158219	did13386	1
qid158236	did1495	1
qid158241	did72428	1
qid158265	did72436	1
qid158301	did67041	1
qid158305	did59817	1
qid158313	did6579	1
qid158328	did72456	1
qid158329	did4461	1
qid158342	did30627	1
qid158352	did9390	1
qid158354	did72464	1
qid158371	did7648	1
qid158402	did5397	1
qid158422	did6682	1
qid158438	did2032	1
qid158442	did72496	1
qid158449	did61969	1
qid158456	did17149	1
qid158459	did14178	1
qid158475	did72511	1
qid158478	did72512	1
qid158491	did72515	1
qid158499	did72517	1
qid158513	did72521	1
qid158515	did21564	1
qid158529	did50779	1
qid158542	did72530	1
qid158553	did13202	1
qid158561	did19882	1
qid158578	did72538	1
qid158580	did6631	1
qid158583	did11318	1
qid158597	did15898	1
qid158601	did46402	1
qid158609	did21543	1
qid158623	did4166	1
qid158625	did1671	1
qid158628	did1695	1
qid158630	did72555	1
qid158645	did1501	1
qid158652	did72560	1
qid158655	did2669	1
qid158664	did32781	1
qid158665	did2545	1
qid158672	did72563	1
qid158684	did72568	1
qid158691	did63829	1
qid158693	did7403	1
qid158703	did62780	1
qid158704	did35603	1
qid158719	did10006	1
qid158721	did72575	1
qid158723	did72577	1
qid158729	did601	1
qid158733	did584	1
qid158734	did31523	1
qid158770	did72591	1
qid158781	did3542	1
qid158794	did8792	1
qid158797	did52189	1
qid158819	did72606	1
qid158822	did22084	1
qid158834	did13365	1
qid158858	did9615	1
qid158861	did72626	1
qid158874	did33699	1
qid158881	did12339	1
qid158883	did65133	1
qid158895	did72632	1
qid158902	did34053	1
qid158908	did6956	1
qid158914	did72638	1
qid158928	did3047	1
qid158933	did69533	1
qid158938	did1062	1
qid158941	did21800	1
qid158956	did3181	1
qid158968	did6829	1
qid158984	did72660	1
qid159009	did31281	1
qid159015	did18357	1
qid159018	did1240	1
qid159031	did20001	1
qid159033	did48478	1
qid159074	did66060	1
qid159080	did6061	1
qid159081	did14546	1
qid159085	did51159	1
qid159086	did21616	1
qid159180	did142	1
qid159195	did72724	1
qid159202	did72728	1
qid159223	did72731	1
qid159225	did24227	1
qid159234	did5364	1
qid159236	did28567	1
qid159244	did72738	1
qid159262	did72744	1
qid159276	did72748	1
qid159297	did32590	1
qid159298	did16904	1
qid159301	did25054	1
qid159307	did43681	1
qid159319	did15978	1
qid159343	did72763	1
qid159346	did2032	1
qid159349	did72766	1
qid159366	did72772	1
qid159371	did72775	1
qid159376	did5551	1
qid159380	did72776	1
qid159388	did4829	1
qid159395	did6120	1
qid159399	did1671	1
qid159405	did72783	1
qid159437	did6518	1
qid159442	did40170	1
qid159446	did72795	1
qid159458	did3896	1
qid159463	did13876	1
qid159520	did72816	1
qid159523	did35161	1
qid159547	did72824	1
qid159573	did62006	1
qid159589	did19434	1
qid159616	did52063	1
qid159629	did72849	1
qid159632	did8472	1
qid159635	did23018	1
qid159654	did260	1
qid159665	did26362	1
qid159668	did35029	1
qid159670	did340	1
qid159703	did72872	1
qid159715	did72876	1
qid159738	did6215	1
qid159750	did45	1
qid159758	did72890	1
qid159766	did50950	1
qid159781	did72897	1
qid159783	did6753	1
qid159797	did29568	1
qid159806	did72903	1
qid159818	did19773	1
qid159839	did5259	1
qid159864	did27121	1
qid159871	did72921	1
qid159885	did893	1
qid159891	did10551	1
qid159909	did41561	1
qid159924	did12059	1
qid159925	did19542	1
qid159964	did636	1
qid159967	did72945	1
qid159985	did72955	1
qid159992	did10034	1
qid159995	did17694	1
qid159997	did2500	1
qid159999	did5514	1
qid160023	did31576	1
qid160027	did17055	1
qid160039	did20024	1
qid160048	did72970	1
qid160058	did26134	1
qid160063	did62308	1
qid160074	did62453	1
qid160076	did19251	1
qid160083	did7019	1
qid160091	did23156	1
qid160103	did5778	1
qid160109	did64833	1
qid160112	did3819	1
qid160121	did72988	1
qid160135	did117	1
qid160143	did15996	1
qid160145	did72993	1
qid160171	did31786	1
qid160176	did2635	1
qid160193	did46795	1
qid160201	did1549	1
qid160206	did21913	1
qid160215	did25693	1
qid160222	did57632	1
qid160226	did18829	1
qid160231	did12036	1
qid160232	did14441	1
qid160237	did5104	1
qid160253	did73023	1
qid160263	did29818	1
qid160276	did3260	1
qid160284	did2070	1
qid160297	did48118	1
qid160298	did73033	1
qid160303	did57872	1
qid160310	did27967	1
qid160313	did563	1
qid160335	did73046	1
qid160339	did5073	1
qid160356	did30061	1
qid160359	did52717	1
qid160377	did73061	1
qid160405	did73067	1
qid160414	did14994	1
qid160415	did22069	1
qid160422	did24271	1
qid160433	did10212	1
qid160446	did36059	1
qid160459	did4187	1
qid160460	did73085	1
qid160494	did20995	1
qid160535	did493	1
qid160542	did32345	1
qid160552	did22956	1
qid160569	did47701	1
qid160573	did45318	1
qid160616	did3587	1
qid160617	did5462	1
qid160619	did10514	1
qid160627	did2108	1
qid160633	did73132	1
qid160641	did17842	1
qid160647	did6750	1
qid160649	did1027	1
qid160700	did14926	1
qid160715	did73160	1
qid160718	did73162	1
qid160729	did73167	1
qid160738	did53336	1
qid160745	did45487	1
qid160748	did73171	1
qid160751	did4594	1
qid160779	did31704	1
qid160786	did16151	1
qid160805	did23894	1
qid160809	did7232	1
qid160811	did16647	1
qid160813	did3210	1
qid160817	did73193	1
qid160820	did1240	1
qid160829	did45879	1
qid160836	did20454	1
qid160847	did58656	1
qid160851	did21431	1
qid160895	did5721	1
qid160908	did73212	1
qid160919	did71077	1
qid160925	did72102	1
qid160928	did10336	1
qid160932	did73220	1
qid160934	did6497	1
qid160954	did73226	1
qid160956	did5928	1
qid160984	did40640	1
qid160988	did73239	1
qid160992	did25512	1
qid160995	did2027	1
qid161009	did43749	1
qid161014	did73249	1
qid161024	did38145	1
qid161033	did71543	1
qid161038	did73260	1
qid161053	did21351	1
qid161063	did1812	1
qid161069	did1977	1
qid161074	did11072	1
qid161092	did21238	1
qid161113	did73282	1
qid161117	did11901	1
qid161124	did73288	1
qid161131	did51491	1
qid161158	did73299	1
qid161173	did73306	1
qid161177	did73307	1
qid161180	did73309	1
qid161205	did15206	1
qid161210	did73321	1
qid161218	did34410	1
qid161220	did5258	1
qid161221	did73324	1
qid161228	did23279	1
qid161233	did73329	1
qid161238	did73330	1
qid161268	did6684	1
qid161273	did7429	1
qid161284	did22750	1
qid161298	did73349	1
qid161323	did17259	1
qid161342	did63450	1
qid161381	did30585	1
qid161384	did73382	1
qid161385	did32050	1
qid161400	did6294	1
qid161411	did40834	1
qid161425	did22338	1
qid161429	did73401	1
qid161446	did73406	1
qid161457	did16640	1
qid161459	did35567	1
qid161471	did62222	1
qid161482	did52426	1
qid161500	did8610	1
qid161519	did73421	1
qid161522	did8023	1
qid161539	did20645	1
qid161543	did24944	1
qid161566	did687	1
qid161580	did26759	1
qid161589	did59553	1
qid161639	did73452	1
qid161641	did9817	1
qid161656	did73458	1
qid161669	did16234	1
qid161670	did73464	1
qid161679	did73468	1
qid161682	did5240	1
qid161686	did39798	1
qid161688	did9903	1
qid161690	did26790	1
qid161707	did73475	1
qid161718	did73478	1
qid161725	did13202	1
qid161760	did73486	1
qid161763	did73488	1
qid161765	did73489	1
qid161776	did2829	1
qid161780	did73492	1
qid161782	did27900	1
qid161786	did73493	1
qid161811	did18750	1
qid161817	did73500	1
qid161818	did73501	1
qid161828	did24439	1
qid161851	did42152	1
qid161856	did30122	1
qid161888	did73524	1
qid161921	did73536	1
qid161942	did17602	1
qid161946	did65566	1
qid161950	did25086	1
qid161951	did38561	1
qid161953	did3128	1
qid161976	did7410	1
qid161978	did73548	1
qid161990	did73550	1
qid162023	did12368	1
qid162027	did48787	1
qid162036	did66901	1
qid162042	did11807	1
qid162083	did5029	1
qid162097	did16398	1
qid162108	did2389	1
qid162129	did16189	1
qid162154	did2272	1
qid162161	did73600	1
qid162177	did73604	1
qid162207	did14546	1
qid162224	did15206	1
qid162228	did32960	1
qid162253	did73624	1
qid162299	did6728	1
qid162317	did73643	1
qid162319	did19915	1
qid162322	did38801	1
qid162350	did7144	1
qid162366	did5559	1
qid162389	did22893	1
qid162392	did16932	1
qid162399	did63751	1
qid162402	did70266	1
qid162425	did33429	1
qid162429	did32219	1
qid162433	did47641	1
qid162441	did73676	1
qid162446	did1783	1
qid162457	did2786	1
qid162459	did569	1
qid162464	did14551	1
qid162503	did63247	1
qid162522	did53412	1
qid162526	did150	1
qid162545	did73707	1
qid162546	did58501	1
qid162559	did15735	1
qid162567	did598	1
qid162572	did2774	1
qid162579	did3750	1
qid162589	did73721	1
qid162621	did73731	1
qid162648	did73738	1
qid162655	did73741	1
qid162674	did38506	1
qid162676	did11076	1
qid162685	did2285	1
qid162693	did3506	1
qid162702	did73756	1
qid162710	did30692	1
qid162729	did28052	1
qid162737	did15974	1
qid162766	did73779	1
qid162797	did73788	1
qid162800	did12840	1
qid162802	did73791	1
qid162803	did16648	1
qid162826	did15397	1
qid162848	did6166	1
qid162878	did29007	1
qid162881	did20344	1
qid162883	did2388	1
qid162885	did27755	1
qid162888	did58421	1
qid162891	did4562	1
qid162898	did11308	1
qid162914	did32524	1
qid162926	did73817	1
qid162934	did73820	1
qid162936	did73822	1
qid162938	did73823	1
qid162945	did73827	1
qid162950	did73828	1
qid162994	did73843	1
qid162997	did17132	1
qid163000	did5559	1
qid163046	did47269	1
qid163055	did2985	1
qid163061	did1341	1
qid163072	did57114	1
qid163078	did42412	1
qid163089	did3150	1
qid163092	did15861	1
qid163093	did73877	1
qid163095	did73879	1
qid163099	did21474	1
qid163106	did73882	1
qid163120	did61296	1
qid163123	did7658	1
qid163125	did13731	1
qid163148	did1915	1
qid163185	did73900	1
qid163189	did7408	1
qid163199	did6585	1
qid163214	did73907	1
qid163217	did16296	1
qid163224	did10427	1
qid163225	did73912	1
qid163226	did73913	1
qid163229	did33463	1
qid163248	did18322	1
qid163264	did44996	1
qid163270	did541	1
qid163273	did6870	1
qid163281	did3214	1
qid163286	did26074	1
qid163293	did22627	1
qid163303	did727	1
qid163317	did73938	1
qid163332	did5399	1
qid163360	did4445	1
qid163367	did8520	1
qid163375	did73960	1
qid163383	did45027	1
qid163384	did73962	1
qid163389	did5295	1
qid163391	did21513	1
qid163403	did42504	1
qid163438	did8287	1
qid163450	did73980	1
qid163454	did49988	1
qid163480	did7933	1
qid163482	did9959	1
qid163489	did73991	1
qid163493	did6344	1
qid163535	did74012	1
qid163557	did74018	1
qid163591	did74027	1
qid163599	did3017	1
qid163608	did31195	1
qid163634	did74043	1
qid163637	did2951	1
qid163649	did50510	1
qid163651	did3639	1
qid163666	did74052	1
qid163672	did74054	1
qid163706	did35755	1
qid163710	did11134	1
qid163734	did74071	1
qid163739	did74072	1
qid163755	did238	1
qid163767	did23017	1
qid163790	did42788	1
qid163813	did15958	1
qid163821	did34040	1
qid163823	did11024	1
qid163893	did2864	1
qid163894	did74120	1
qid163899	did74122	1
qid163923	did2680	1
qid163931	did17614	1
qid163939	did60202	1
qid163943	did24035	1
qid163946	did5394	1
qid163957	did74135	1
qid163962	did78	1
qid163992	did30650	1
qid164022	did20912	1
qid164028	did1303	1
qid164059	did3519	1
qid164061	did74170	1
qid164088	did74174	1
qid164100	did23969	1
qid164103	did9432	1
qid164105	did74177	1
qid164106	did27058	1
qid164122	did12105	1
qid164123	did26848	1
qid164138	did74184	1
qid164170	did10573	1
qid164172	did33214	1
qid164201	did74201	1
qid164206	did11040	1
qid164211	did3976	1
qid164222	did27199	1
qid164230	did16165	1
qid164232	did9124	1
qid164233	did74212	1
qid164244	did74218	1
qid164252	did26315	1
qid164262	did3506	1
qid164266	did74223	1
qid164273	did70042	1
qid164312	did32584	1
qid164364	did74254	1
qid164373	did3337	1
qid164375	did20906	1
qid164383	did74259	1
qid164391	did4060	1
qid164400	did3950	1
qid164405	did54374	1
qid164418	did35861	1
qid164423	did44981	1
qid164425	did15009	1
qid164433	did68296	1
qid164435	did27090	1
qid164441	did22181	1
qid164454	did25051	1
qid164459	did33559	1
qid164460	did74281	1
qid164466	did1467	1
qid164479	did117	1
qid164496	did14403	1
qid164520	did16124	1
qid164524	did60065	1
qid164545	did74300	1
qid164548	did36011	1
qid164559	did32616	1
qid164596	did285	1
qid164601	did51459	1
qid164608	did22076	1
qid164611	did5935	1
qid164637	did551	1
qid164641	did22318	1
qid164653	did74331	1
qid164690	did11003	1
qid164700	did74339	1
qid164702	did74340	1
qid164709	did10028	1
qid164714	did74343	1
qid164720	did37810	1
qid164725	did6154	1
qid164726	did74345	1
qid164744	did20522	1
qid164756	did22117	1
qid164808	did5842	1
qid164834	did74374	1
qid164836	did74375	1
qid164857	did19391	1
qid164858	did74379	1
qid164865	did74382	1
qid164867	did74383	1
qid164871	did1294	1
qid164874	did8352	1
qid164892	did74390	1
qid164915	did6659	1
qid164918	did10270	1
qid164947	did4792	1
qid164969	did66736	1
qid164970	did25157	1
qid164987	did74423	1
qid164997	did74426	1
qid165002	did24484	1
qid165007	did1163	1
qid165012	did43503	1
qid165026	did74437	1
qid165034	did11954	1
qid165046	did74444	1
qid165055	did74446	1
qid165057	did74447	1
qid165103	did7112	1
qid165110	did50243	1
qid165125	did10060	1
qid165149	did39763	1
qid165159	did54487	1
qid165170	did66931	1
qid165175	did74479	1
qid165181	did9193	1
qid165212	did21229	1
qid165215	did7242	1
qid165222	did19481	1
qid165225	did7902	1
qid165226	did43708	1
qid165234	did10086	1
qid165244	did7613	1
qid165267	did37440	1
qid165281	did5079	1
qid165285	did74509	1
qid165290	did74511	1
qid165318	did62279	1
qid165332	did74522	1
qid165340	did11163	1
qid165374	did20329	1
qid165383	did25693	1
qid165393	did50304	1
qid165394	did6468	1
qid165439	did21362	1
qid165444	did10191	1
qid165447	did10068	1
qid165454	did20663	1
qid165458	did1487	1
qid165466	did74552	1
qid165474	did2110	1
qid165489	did14061	1
qid165491	did74561	1
qid165511	did7401	1
qid165528	did5677	1
qid165529	did3585	1
qid165530	did42461	1
qid165542	did29323	1
qid165551	did74576	1
qid165554	did1518	1
qid165555	did14337	1
qid165558	did74578	1
qid165568	did45257	1
qid165580	did13344	1
qid165591	did62178	1
qid165596	did474	1
qid165619	did6583	1
qid165623	did190	1
qid165629	did10912	1
qid165660	did74599	1
qid165666	did34752	1
qid165669	did21505	1
qid165682	did8066	1
qid165696	did14994	1
qid165699	did1978	1
qid165705	did74607	1
qid165708	did5182	1
qid165719	did74613	1
qid165724	did16586	1
qid165746	did33261	1
qid165751	did21054	1
qid165768	did35051	1
qid165776	did15236	1
qid165778	did19163	1
qid165811	did423	1
qid165814	did5429	1
qid165853	did21737	1
qid165858	did11054	1
qid165863	did10311	1
qid165872	did72319	1
qid165927	did74665	1
qid165932	did965	1
qid165944	did5854	1
qid165950	did74669	1
qid165975	did12186	1
qid165976	did30623	1
qid166014	did607	1
qid166021	did49180	1
qid166024	did24065	1
qid166028	did190	1
qid166031	did6151	1
qid166034	did15593	1
qid166082	did27907	1
qid166088	did74709	1
qid166090	did17268	1
qid166091	did1221	1
qid166107	did25054	1
qid166109	did74717	1
qid166124	did5393	1
qid166159	did51307	1
qid166168	did43384	1
qid166177	did43015	1
qid166179	did74737	1
qid166201	did42519	1
qid166204	did74744	1
qid166220	did8559	1
qid166221	did74750	1
qid166226	did23252	1
qid166234	did17384	1
qid166237	did74753	1
qid166239	did24026	1
qid166242	did41766	1
qid166245	did74757	1
qid166249	did18428	1
qid166252	did705	1
qid166261	did37224	1
qid166284	did41197	1
qid166287	did37013	1
qid166288	did6683	1
qid166290	did74768	1
qid166299	did37587	1
qid166301	did74210	1
qid166308	did22264	1
qid166318	did2599	1
qid166329	did74781	1
qid166334	did29610	1
qid166342	did2380	1
qid166346	did3420	1
qid166355	did2915	1
qid166358	did58952	1
qid166367	did5587	1
qid166371	did48239	1
qid166381	did2034	1
qid166385	did74794	1
qid166392	did74796	1
qid166394	did30056	1
qid166401	did73437	1
qid166409	did12702	1
qid166420	did14075	1
qid166424	did74808	1
qid166458	did31470	1
qid166470	did74823	1
qid166490	did12860	1
qid166492	did2751	1
qid166498	did29837	1
qid166503	did74829	1
qid166514	did9282	1
qid166521	did74832	1
qid166528	did74834	1
qid166538	did9924	1
qid166560	did74845	1
qid166563	did36644	1
qid166576	did31118	1
qid166583	did24363	1
qid166588	did62970	1
qid166589	did74852	1
qid166610	did4625	1
qid166612	did44345	1
qid166656	did74874	1
qid166660	did74875	1
qid166669	did1610	1
qid166681	did2020	1
qid166685	did28117	1
qid166718	did43575	1
qid166722	did19931	1
qid166731	did74894	1
qid166732	did5552	1
qid166733	did74895	1
qid166734	did50970	1
qid166736	did74896	1
qid166761	did15361	1
qid166766	did2110	1
qid166773	did8992	1
qid166776	did27089	1
qid166782	did74907	1
qid166795	did26660	1
qid166806	did23966	1
qid166820	did1240	1
qid166824	did38525	1
qid166825	did18220	1
qid166826	did74920	1
qid166843	did14866	1
qid166844	did74927	1
qid166846	did45350	1
qid166863	did612	1
qid166868	did74934	1
qid166882	did16519	1
qid166891	did74939	1
qid166932	did74949	1
qid166943	did61631	1
qid166953	did7580	1
qid166954	did5976	1
qid166965	did2593	1
qid166969	did1471	1
qid167001	did74968	1
qid167002	did64361	1
qid167012	did49601	1
qid167021	did13075	1
qid167028	did74976	1
qid167037	did15873	1
qid167039	did12983	1
qid167054	did74982	1
qid167065	did18832	1
qid167088	did74990	1
qid167093	did3967	1
qid167105	did74996	1
qid167111	did74997	1
qid167115	did13939	1
qid167123	did56188	1
qid167125	did74999	1
qid167133	did19080	1
qid167138	did22129	1
qid167149	did62173	1
qid167157	did75009	1
qid167173	did75014	1
qid167175	did8401	1
qid167177	did60991	1
qid167188	did75018	1
qid167193	did51880	1
qid167227	did5283	1
qid167228	did3404	1
qid167231	did7226	1
qid167237	did4510	1
qid167246	did26929	1
qid167254	did11958	1
qid167256	did75035	1
qid167259	did26085	1
qid167262	did38531	1
qid167271	did4853	1
qid167319	did75050	1
qid167328	did51785	1
qid167331	did33973	1
qid167338	did30407	1
qid167342	did4113	1
qid167358	did45070	1
qid167391	did75072	1
qid167399	did23449	1
qid167408	did7783	1
qid167413	did75077	1
qid167431	did23824	1
qid167437	did1884	1
qid167478	did7406	1
qid167481	did75095	1
qid167489	did75098	1
qid167495	did2812	1
qid167500	did4680	1
qid167502	did2176	1
qid167512	did7526	1
qid167516	did75107	1
qid167528	did12983	1
qid167530	did35555	1
qid167536	did60236	1
qid167544	did23220	1
qid167545	did75117	1
qid167551	did31518	1
qid167557	did75120	1
qid167562	did47484	1
qid167574	did5618	1
qid167592	did34294	1
qid167606	did75128	1
qid167637	did31360	1
qid167642	did75137	1
qid167647	did75138	1
qid167652	did75141	1
qid167665	did56834	1
qid167666	did2337	1
qid167676	did25290	1
qid167681	did42	1
qid167696	did42927	1
qid167701	did5763	1
qid167704	did75153	1
qid167706	did67587	1
qid167710	did66647	1
qid167724	did328	1
qid167738	did10501	1
qid167743	did26719	1
qid167745	did75159	1
qid167761	did75165	1
qid167768	did25113	1
qid167771	did47843	1
qid167779	did2491	1
qid167786	did46474	1
qid167799	did11788	1
qid167801	did423	1
qid167813	did24818	1
qid167815	did54196	1
qid167831	did75180	1
qid167841	did75184	1
qid167851	did75186	1
qid167867	did22824	1
qid167908	did17293	1
qid167914	did75201	1
qid167915	did75202	1
qid167916	did75203	1
qid167941	did58132	1
qid167942	did75211	1
qid167948	did75214	1
qid167967	did11648	1
qid167996	did26276	1
qid168016	did23220	1
qid168018	did16528	1
qid168024	did75226	1
qid168030	did16189	1
qid168052	did51154	1
qid168059	did21430	1
qid168065	did75236	1
qid168078	did73066	1
qid168090	did19815	1
qid168094	did2174	1
qid168109	did62631	1
qid168111	did14431	1
qid168121	did75252	1
qid168133	did75259	1
qid168155	did75270	1
qid168156	did75271	1
qid168158	did38713	1
qid168169	did10457	1
qid168174	did20288	1
qid168192	did17763	1
qid168201	did1516	1
qid168208	did75291	1
qid168214	did15504	1
qid168226	did75298	1
qid168245	did24098	1
qid168246	did75305	1
qid168247	did75306	1
qid168255	did39492	1
qid168261	did75309	1
qid168265	did10282	1
qid168281	did55466	1
qid168293	did75319	1
qid168311	did33447	1
qid168313	did42466	1
qid168321	did13701	1
qid168325	did4423	1
qid168328	did31421	1
qid168345	did75329	1
qid168378	did40760	1
qid168385	did9790	1
qid168390	did12747	1
qid168395	did57566	1
qid168400	did2336	1
qid168408	did4319	1
qid168414	did75347	1
qid168418	did8737	1
qid168422	did75348	1
qid168454	did4562	1
qid168459	did16233	1
qid168465	did61588	1
qid168468	did24611	1
qid168469	did75364	1
qid168470	did28049	1
qid168474	did318	1
qid168477	did1385	1
qid168482	did11379	1
qid168483	did3194	1
qid168505	did15810	1
qid168514	did7532	1
qid168516	did7888	1
qid168531	did1530	1
qid168548	did15505	1
qid168573	did44871	1
qid168575	did3423	1
qid168576	did23304	1
qid168584	did75394	1
qid168585	did56116	1
qid168590	did75396	1
qid168593	did36485	1
qid168619	did47949	1
qid168642	did72959	1
qid168647	did21908	1
qid168652	did75411	1
qid168653	did75412	1
qid168671	did3799	1
qid168694	did44286	1
qid168706	did12611	1
qid168722	did75433	1
qid168723	did1481	1
qid168744	did1743	1
qid168756	did62687	1
qid168787	did51956	1
qid168788	did13256	1
qid168789	did75460	1
qid168795	did24006	1
qid168816	did20760	1
qid168822	did26141	1
qid168838	did19447	1
qid168851	did75481	1
qid168867	did44200	1
qid168910	did16869	1
qid168921	did46588	1
qid168929	did75502	1
qid168951	did62631	1
qid168955	did8260	1
qid168963	did398	1
qid168973	did75512	1
qid168974	did3225	1
qid168987	did18166	1
qid168991	did4712	1
qid169000	did54291	1
qid169009	did75521	1
qid169011	did75522	1
qid169015	did75524	1
qid169018	did65681	1
qid169026	did3307	1
qid169029	did75527	1
qid169051	did500	1
qid169083	did75545	1
qid169090	did24790	1
qid169095	did75549	1
qid169100	did75552	1
qid169118	did36176	1
qid169126	did59345	1
qid169139	did1495	1
qid169167	did46	1
qid169171	did75574	1
qid169174	did25027	1
qid169175	did569	1
qid169178	did22130	1
qid169181	did10257	1
qid169184	did4097	1
qid169203	did3214	1
qid169209	did11201	1
qid169234	did75596	1
qid169250	did10556	1
qid169259	did42672	1
qid169260	did8410	1
qid169262	did75601	1
qid169268	did75603	1
qid169278	did4478	1
qid169307	did75611	1
qid169310	did22307	1
qid169327	did75619	1
qid169342	did2040	1
qid169375	did19363	1
qid169388	did9602	1
qid169399	did75646	1
qid169419	did1591	1
qid169424	did1869	1
qid169437	did75656	1
qid169456	did2578	1
qid169462	did1987	1
qid169472	did75664	1
qid169479	did75667	1
qid169498	did17652	1
qid169499	did13380	1
qid169503	did75677	1
qid169522	did75681	1
qid169541	did75688	1
qid169542	did37698	1
qid169550	did75692	1
qid169557	did23787	1
qid169573	did30204	1
qid169575	did75702	1
qid169582	did39699	1
qid169585	did75705	1
qid169597	did75708	1
qid169605	did75711	1
qid169621	did6944	1
qid169630	did40133	1
qid169637	did75719	1
qid169642	did75721	1
qid169643	did64683	1
qid169652	did7400	1
qid169721	did12380	1
qid169723	did45748	1
qid169727	did20381	1
qid169733	did842	1
qid169736	did45079	1
qid169761	did8248	1
qid169774	did56964	1
qid169776	did63532	1
qid169780	did55247	1
qid169782	did73700	1
qid169788	did6233	1
qid169792	did11816	1
qid169796	did26061	1
qid169800	did8723	1
qid169801	did2023	1
qid169810	did10411	1
qid169819	did54300	1
qid169820	did24772	1
qid169849	did75778	1
qid169859	did7329	1
qid169860	did11355	1
qid169868	did60238	1
qid169891	did27711	1
qid169900	did39699	1
qid169903	did4247	1
qid169911	did2205	1
qid169941	did11214	1
qid169945	did11046	1
qid169955	did11922	1
qid169958	did16643	1
qid169975	did1194	1
qid169980	did24606	1
qid169983	did8868	1
qid169996	did47475	1
qid169997	did43437	1
qid170013	did66752	1
qid170019	did5043	1
qid170023	did25538	1
qid170035	did75828	1
qid170052	did569	1
qid170062	did68210	1
qid170078	did6109	1
qid170092	did75852	1
qid170127	did285	1
qid170129	did3063	1
qid170132	did2202	1
qid170147	did75872	1
qid170160	did75877	1
qid170167	did9448	1
qid170184	did34279	1
qid170185	did3585	1
qid170193	did28808	1
qid170196	did28283	1
qid170205	did75887	1
qid170206	did75888	1
qid170209	did75890	1
qid170212	did38706	1
qid170219	did69473	1
qid170237	did31199	1
qid170261	did41445	1
qid170265	did11988	1
qid170267	did1131	1
qid170280	did72865	1
qid170283	did5135	1
qid170300	did75909	1
qid170310	did1966	1
qid170330	did75918	1
qid170339	did30578	1
qid170343	did75922	1
qid170359	did75925	1
qid170360	did75926	1
qid170383	did75932	1
qid170392	did44621	1
qid170394	did20154	1
qid170398	did75936	1
qid170410	did20180	1
qid170437	did2197	1
qid170438	did4959	1
qid170445	did58955	1
qid170448	did18166	1
qid170451	did12805	1
qid170463	did51807	1
qid170467	did368	1
qid170484	did60804	1
qid170504	did15575	1
qid170505	did27782	1
qid170520	did433	1
qid170521	did28809	1
qid170522	did6419	1
qid170539	did44017	1
qid170541	did17906	1
qid170553	did14574	1
qid170565	did13649	1
qid170575	did18547	1
qid170587	did40263	1
qid170591	did31450	1
qid170593	did24047	1
qid170602	did770	1
qid170620	did75994	1
qid170631	did34065	1
qid170635	did75999	1
qid170666	did555	1
qid170676	did76014	1
qid170702	did15813	1
qid170718	did17636	1
qid170724	did76029	1
qid170749	did4034	1
qid170769	did76041	1
qid170776	did29059	1
qid170808	did2572	1
qid170823	did76057	1
qid170825	did5816	1
qid170840	did2847	1
qid170845	did46468	1
qid170854	did27515	1
qid170860	did76067	1
qid170861	did26851	1
qid170898	did928	1
qid170921	did26674	1
qid170942	did69046	1
qid170958	did2073	1
qid171030	did76125	1
qid171037	did11947	1
qid171053	did76131	1
qid171073	did76135	1
qid171074	did76136	1
qid171085	did4504	1
qid171110	did9821	1
qid171114	did76146	1
qid171132	did68347	1
qid171141	did1379	1
qid171156	did32668	1
qid171166	did49571	1
qid171174	did7912	1
qid171199	did24610	1
qid171205	did23899	1
qid171234	did76170	1
qid171238	did76172	1
qid171246	did31612	1
qid171263	did17533	1
qid171272	did48756	1
qid171278	did16668	1
qid171286	did76183	1
qid171301	did12323	1
qid171311	did48417	1
qid171313	did41722	1
qid171336	did37452	1
qid171402	did2160	1
qid171405	did76220	1
qid171412	did76223	1
qid171415	did406	1
qid171417	did2253	1
qid171423	did40564	1
qid171426	did22806	1
qid171457	did13223	1
qid171464	did8669	1
qid171468	did1889	1
qid171469	did76234	1
qid171481	did76236	1
qid171491	did27957	1
qid171519	did9330	1
qid171528	did76247	1
qid171551	did76253	1
qid171558	did7333	1
qid171560	did76256	1
qid171562	did65230	1
qid171573	did76261	1
qid171618	did76272	1
qid171624	did11022	1
qid171639	did76279	1
qid171652	did76285	1
qid171655	did5528	1
qid171678	did27661	1
qid171680	did40560	1
qid171714	did10670	1
qid171717	did1809	1
qid171737	did41952	1
qid171746	did24977	1
qid171758	did76317	1
qid171762	did66502	1
qid171767	did11991	1
qid171799	did27636	1
qid171814	did76334	1
qid171817	did34933	1
qid171823	did76338	1
qid171828	did67107	1
qid171877	did3669	1
qid171886	did65918	1
qid171887	did3063	1
qid171890	did76357	1
qid171891	did31025	1
qid171900	did12136	1
qid171906	did7936	1
qid171911	did13720	1
qid171924	did2327	1
qid171955	did28709	1
qid171957	did9459	1
qid171962	did76378	1
qid171966	did2942	1
qid171980	did76385	1
qid171985	did32930	1
qid171989	did76388	1
qid171993	did26677	1
qid172044	did5714	1
qid172053	did50114	1
qid172059	did76405	1
qid172070	did24759	1
qid172109	did16031	1
qid172150	did76437	1
qid172163	did10243	1
qid172169	did76441	1
qid172178	did10812	1
qid172179	did2348	1
qid172186	did67070	1
qid172191	did596	1
qid172205	did76448	1
qid172207	did12706	1
qid172212	did76451	1
qid172231	did66679	1
qid172243	did4351	1
qid172244	did14943	1
qid172250	did18593	1
qid172257	did30771	1
qid172259	did76468	1
qid172260	did64852	1
qid172279	did12002	1
qid172284	did1898	1
qid172286	did76475	1
qid172288	did76477	1
qid172296	did7924	1
qid172321	did19059	1
qid172324	did76485	1
qid172330	did30958	1
qid172341	did12727	1
qid172351	did2722	1
qid172358	did7229	1
qid172364	did76495	1
qid172373	did76498	1
qid172418	did16451	1
qid172426	did76511	1
qid172427	did1421	1
qid172434	did76512	1
qid172443	did584	1
qid172447	did76517	1
qid172448	did28151	1
qid172450	did76518	1
qid172453	did5057	1
qid172463	did61529	1
qid172474	did2509	1
qid172477	did16283	1
qid172480	did64532	1
qid172482	did41360	1
qid172483	did76524	1
qid172486	did37803	1
qid172491	did76526	1
qid172499	did5503	1
qid172500	did76528	1
qid172502	did76530	1
qid172528	did36007	1
qid172554	did52571	1
qid172574	did76546	1
qid172576	did44081	1
qid172583	did19052	1
qid172589	did10969	1
qid172593	did18279	1
qid172599	did6096	1
qid172601	did53187	1
qid172612	did29478	1
qid172616	did207	1
qid172625	did7377	1
qid172636	did4197	1
qid172649	did1077	1
qid172666	did11115	1
qid172667	did39198	1
qid172673	did7217	1
qid172675	did76568	1
qid172680	did40839	1
qid172681	did767	1
qid172696	did76576	1
qid172702	did76578	1
qid172705	did73021	1
qid172725	did76583	1
qid172745	did16449	1
qid172746	did26441	1
qid172759	did5790	1
qid172803	did6729	1
qid172813	did14963	1
qid172830	did3146	1
qid172841	did27269	1
qid172854	did1171	1
qid172861	did16237	1
qid172870	did63860	1
qid172872	did13982	1
qid172874	did3441	1
qid172876	did72143	1
qid172887	did11981	1
qid172891	did9240	1
qid172902	did1370	1
qid172910	did1640	1
qid172911	did32512	1
qid172920	did76629	1
qid172929	did76631	1
qid172953	did16150	1
qid172962	did2491	1
qid172968	did16177	1
qid172977	did76648	1
qid172986	did60447	1
qid172989	did33583	1
qid172992	did44711	1
qid173002	did43661	1
qid173003	did777	1
qid173005	did10532	1
qid173008	did26976	1
qid173016	did76659	1
qid173043	did19392	1
qid173054	did22358	1
qid173057	did10830	1
qid173059	did76673	1
qid173067	did15269	1
qid173074	did11770	1
qid173079	did6042	1
qid173090	did60733	1
qid173103	did33143	1
qid173105	did45655	1
qid173106	did64762	1
qid173111	did8123	1
qid173117	did76690	1
qid173118	did30364	1
qid173133	did59840	1
qid173134	did76693	1
qid173150	did76698	1
qid173158	did76701	1
qid173159	did76702	1
qid173179	did1024	1
qid173210	did76719	1
qid173217	did76722	1
qid173232	did9583	1
qid173244	did28863	1
qid173246	did4817	1
qid173262	did76732	1
qid173263	did76733	1
qid173268	did76736	1
qid173273	did10795	1
qid173283	did67606	1
qid173289	did7542	1
qid173312	did2163	1
qid173341	did39798	1
qid173351	did25558	1
qid173355	did11916	1
qid173356	did70439	1
qid173358	did5768	1
qid173360	did76757	1
qid173368	did4474	1
qid173370	did2707	1
qid173383	did76765	1
qid173393	did1931	1
qid173394	did18888	1
qid173411	did60148	1
qid173423	did76778	1
qid173430	did4315	1
qid173438	did76783	1
qid173442	did9846	1
qid173445	did76786	1
qid173446	did76787	1
qid173448	did12698	1
qid173459	did24920	1
qid173463	did2034	1
qid173471	did76794	1
qid173472	did43463	1
qid173478	did58417	1
qid173483	did76798	1
qid173489	did9989	1
qid173496	did76802	1
qid173506	did14838	1
qid173508	did11836	1
qid173517	did1406	1
qid173519	did76807	1
qid173531	did76812	1
qid173532	did12544	1
qid173537	did19970	1
qid173541	did22530	1
qid173547	did11663	1
qid173552	did16395	1
qid173554	did14159	1
qid173605	did23035	1
qid173638	did23792	1
qid173650	did58115	1
qid173672	did37721	1
qid173680	did64562	1
qid173688	did47302	1
qid173697	did31231	1
qid173750	did62771	1
qid173755	did24722	1
qid173759	did12750	1
qid173777	did76874	1
qid173786	did20223	1
qid173793	did26500	1
qid173794	did76878	1
qid173820	did10258	1
qid173846	did76892	1
qid173870	did73525	1
qid173888	did42689	1
qid173896	did76911	1
qid173906	did9995	1
qid173907	did17	1
qid173935	did40677	1
qid173954	did58903	1
qid173958	did2754	1
qid173967	did10388	1
qid173983	did19578	1
qid173992	did18333	1
qid174025	did36705	1
qid174039	did22482	1
qid174049	did1021	1
qid174067	did43242	1
qid174097	did62086	1
qid174109	did37255	1
qid174131	did14502	1
qid174142	did61158	1
qid174160	did14260	1
qid174191	did34848	1
qid174225	did76998	1
qid174235	did739	1
qid174240	did11453	1
qid174252	did26621	1
qid174254	did20776	1
qid174266	did10005	1
qid174301	did77020	1
qid174302	did77021	1
qid174321	did3338	1
qid174334	did22982	1
qid174356	did40741	1
qid174364	did422	1
qid174378	did77041	1
qid174386	did77046	1
qid174421	did30887	1
qid174424	did13997	1
qid174431	did56625	1
qid174435	did77055	1
qid174436	did52909	1
qid174450	did44564	1
qid174451	did4607	1
qid174458	did18569	1
qid174470	did17876	1
qid174484	did27845	1
qid174510	did34249	1
qid174512	did4661	1
qid174514	did77078	1
qid174519	did77080	1
qid174534	did77087	1
qid174552	did40308	1
qid174555	did3700	1
qid174560	did2211	1
qid174568	did14381	1
qid174575	did3988	1
qid174584	did44922	1
qid174591	did776	1
qid174594	did69630	1
qid174617	did367	1
qid174618	did2623	1
qid174627	did10034	1
qid174639	did77108	1
qid174645	did7924	1
qid174657	did1060	1
qid174669	did40880	1
qid174683	did10437	1
qid174691	did57786	1
qid174698	did2680	1
qid174703	did9411	1
qid174753	did26992	1
qid174759	did13709	1
qid174771	did1838	1
qid174774	did77138	1
qid174784	did77143	1
qid174795	did77149	1
qid174846	did77169	1
qid174847	did16189	1
qid174853	did14107	1
qid174872	did2277	1
qid174901	did19762	1
qid174909	did9827	1
qid174915	did235	1
qid174928	did77190	1
qid174932	did72099	1
qid174939	did16819	1
qid174944	did57609	1
qid174951	did28808	1
qid174953	did77195	1
qid174957	did37619	1
qid174962	did77198	1
qid174972	did31280	1
qid174995	did40104	1
qid174999	did14866	1
qid175008	did55994	1
qid175017	did16475	1
qid175039	did16921	1
qid175048	did42174	1
qid175053	did3593	1
qid175055	did19035	1
qid175063	did39120	1
qid175069	did4599	1
qid175071	did703	1
qid175086	did4060	1
qid175092	did5218	1
qid175108	did46397	1
qid175110	did77240	1
qid175118	did4189	1
qid175129	did6832	1
qid175132	did18476	1
qid175143	did15064	1
qid175144	did67672	1
qid175152	did77253	1
qid175155	did4512	1
qid175173	did46946	1
qid175174	did28658	1
qid175197	did16434	1
qid175207	did77266	1
qid175216	did26281	1
qid175218	did77268	1
qid175244	did13325	1
qid175313	did21408	1
qid175317	did18874	1
qid175321	did50530	1
qid175336	did64622	1
qid175350	did31024	1
qid175354	did31496	1
qid175358	did36653	1
qid175374	did77310	1
qid175376	did10060	1
qid175379	did11898	1
qid175396	did763	1
qid175429	did11499	1
qid175434	did34283	1
qid175436	did30976	1
qid175463	did77325	1
qid175467	did40524	1
qid175478	did8184	1
qid175490	did77329	1
qid175499	did54395	1
qid175510	did24749	1
qid175512	did77333	1
qid175528	did1142	1
qid175529	did15586	1
qid175531	did2763	1
qid175536	did4991	1
qid175545	did14699	1
qid175554	did49738	1
qid175570	did77345	1
qid175573	did19179	1
qid175577	did77347	1
qid175592	did77351	1
qid175596	did25566	1
qid175611	did1229	1
qid175623	did77360	1
qid175646	did77368	1
qid175672	did572	1
qid175676	did77378	1
qid175679	did26401	1
qid175690	did14395	1
qid175705	did31434	1
qid175710	did77388	1
qid175725	did64236	1
qid175728	did3963	1
qid175732	did77394	1
qid175737	did40043	1
qid175739	did71681	1
qid175741	did37656	1
qid175746	did57730	1
qid175753	did38011	1
qid175782	did56265	1
qid175783	did12849	1
qid175791	did25483	1
qid175792	did44971	1
qid175796	did598	1
qid175803	did20165	1
qid175805	did18166	1
qid175859	did50285	1
qid175864	did2546	1
qid175865	did4774	1
qid175871	did4409	1
qid175890	did6382	1
qid175893	did77439	1
qid175898	did6610	1
qid175905	did17918	1
qid175910	did8065	1
qid175920	did20383	1
qid175950	did2942	1
qid175952	did77455	1
qid175982	did10975	1
qid176005	did25637	1
qid176012	did11251	1
qid176040	did6288	1
qid176045	did20256	1
qid176083	did974	1
qid176092	did15396	1
qid176093	did25456	1
qid176098	did5145	1
qid176106	did54402	1
qid176121	did10935	1
qid176124	did27939	1
qid176137	did42285	1
qid176147	did77509	1
qid176155	did25916	1
qid176181	did65479	1
qid176186	did18567	1
qid176194	did37977	1
qid176199	did7899	1
qid176217	did2173	1
qid176234	did49597	1
qid176236	did20903	1
qid176247	did31769	1
qid176255	did5066	1
qid176259	did77531	1
qid176264	did77533	1
qid176268	did18210	1
qid176279	did649	1
qid176280	did4861	1
qid176292	did5522	1
qid176302	did4050	1
qid176314	did7603	1
qid176349	did24135	1
qid176356	did10758	1
qid176364	did16477	1
qid176382	did2702	1
qid176393	did563	1
qid176401	did34227	1
qid176402	did4335	1
qid176405	did21206	1
qid176406	did66533	1
qid176409	did77566	1
qid176415	did9441	1
qid176423	did59323	1
qid176440	did44555	1
qid176470	did2131	1
qid176473	did77588	1
qid176475	did77589	1
qid176483	did20271	1
qid176492	did13857	1
qid176530	did18899	1
qid176534	did66517	1
qid176540	did77605	1
qid176547	did20931	1
qid176548	did54799	1
qid176555	did52302	1
qid176576	did77615	1
qid176578	did77617	1
qid176579	did77618	1
qid176581	did77619	1
qid176592	did77623	1
qid176602	did77628	1
qid176605	did77629	1
qid176640	did77635	1
qid176642	did327	1
qid176658	did46153	1
qid176665	did1966	1
qid176687	did47895	1
qid176724	did12347	1
qid176726	did16921	1
qid176737	did3040	1
qid176738	did56205	1
qid176760	did31998	1
qid176763	did35719	1
qid176769	did25190	1
qid176777	did896	1
qid176781	did24035	1
qid176784	did19860	1
qid176788	did6728	1
qid176820	did3019	1
qid176839	did77687	1
qid176874	did39855	1
qid176875	did63736	1
qid176887	did57790	1
qid176900	did569	1
qid176915	did3940	1
qid176916	did24434	1
qid176940	did11035	1
qid176960	did77728	1
qid176964	did45780	1
qid176970	did32527	1
qid176977	did77733	1
qid176990	did42302	1
qid176998	did12748	1
qid177011	did29551	1
qid177039	did8794	1
qid177052	did77757	1
qid177065	did77758	1
qid177092	did77769	1
qid177094	did77770	1
qid177095	did385	1
qid177118	did22922	1
qid177157	did56143	1
qid177166	did601	1
qid177176	did32610	1
qid177182	did77792	1
qid177193	did77797	1
qid177198	did7447	1
qid177242	did77810	1
qid177243	did77811	1
qid177253	did4383	1
qid177259	did52523	1
qid177267	did18346	1
qid177281	did58381	1
qid177282	did29628	1
qid177284	did69699	1
qid177288	did45940	1
qid177315	did3727	1
qid177323	did11217	1
qid177338	did21778	1
qid177342	did77838	1
qid177374	did77845	1
qid177378	did11766	1
qid177403	did954	1
qid177405	did55244	1
qid177423	did77857	1
qid177425	did2981	1
qid177431	did2169	1
qid177444	did13134	1
qid177451	did21515	1
qid177454	did77866	1
qid177474	did77874	1
qid177486	did14676	1
qid177496	did30689	1
qid177501	did21011	1
qid177502	did77884	1
qid177505	did6132	1
qid177506	did5610	1
qid177510	did30092	1
qid177512	did77887	1
qid177516	did77888	1
qid177517	did22402	1
qid177544	did11341	1
qid177547	did77898	1
qid177548	did6542	1
qid177551	did1678	1
qid177564	did14319	1
qid177584	did70372	1
qid177586	did3470	1
qid177593	did77909	1
qid177602	did77911	1
qid177616	did77916	1
qid177624	did13869	1
qid177644	did77924	1
qid177657	did51739	1
qid177659	did35738	1
qid177660	did16912	1
qid177661	did77926	1
qid177682	did14187	1
qid177683	did3588	1
qid177689	did49041	1
qid177691	did12570	1
qid177718	did77941	1
qid177721	did77942	1
qid177737	did21618	1
qid177759	did11836	1
qid177766	did72991	1
qid177793	did6301	1
qid177807	did29701	1
qid177809	did77970	1
qid177821	did15967	1
qid177824	did4802	1
qid177835	did6462	1
qid177865	did9279	1
qid177870	did30988	1
qid177877	did77987	1
qid177882	did77988	1
qid177907	did77997	1
qid177925	did55887	1
qid177926	did19576	1
qid177933	did28980	1
qid177947	did78011	1
qid177955	did78012	1
qid177966	did15144	1
qid177974	did270	1
qid177975	did5329	1
qid177996	did8079	1
qid178002	did78019	1
qid178004	did30492	1
qid178022	did5091	1
qid178024	did6319	1
qid178033	did78024	1
qid178035	did78026	1
qid178054	did5333	1
qid178063	did43239	1
qid178078	did1017	1
qid178081	did78036	1
qid178082	did78037	1
qid178098	did78041	1
qid178100	did8274	1
qid178108	did8105	1
qid178110	did49356	1
qid178123	did62664	1
qid178146	did28485	1
qid178154	did8079	1
qid178176	did474	1
qid178185	did30977	1
qid178186	did7175	1
qid178188	did12920	1
qid178191	did74829	1
qid178198	did2616	1
qid178210	did59800	1
qid178253	did78081	1
qid178261	did73383	1
qid178270	did2016	1
qid178277	did57772	1
qid178287	did78089	1
qid178292	did1978	1
qid178295	did4754	1
qid178300	did78092	1
qid178307	did78095	1
qid178320	did74121	1
qid178352	did9127	1
qid178362	did5445	1
qid178364	did615	1
qid178371	did8863	1
qid178381	did78115	1
qid178388	did148	1
qid178403	did78121	1
qid178411	did11686	1
qid178444	did25015	1
qid178469	did8514	1
qid178474	did4556	1
qid178480	did29582	1
qid178481	did31849	1
qid178484	did23064	1
qid178485	did78141	1
qid178515	did78151	1
qid178524	did4461	1
qid178541	did68727	1
qid178558	did78162	1
qid178568	did6153	1
qid178609	did26383	1
qid178620	did70364	1
qid178625	did6149	1
qid178635	did3634	1
qid178658	did9286	1
qid178667	did1022	1
qid178681	did20438	1
qid178698	did1229	1
qid178725	did78201	1
qid178730	did2253	1
qid178756	did66251	1
qid178777	did8533	1
qid178784	did34037	1
qid178797	did596	1
qid178805	did78221	1
qid178816	did11139	1
qid178828	did76073	1
qid178839	did78231	1
qid178855	did29340	1
qid178892	did78244	1
qid178897	did78245	1
qid178907	did190	1
qid178909	did20243	1
qid178910	did28191	1
qid178912	did50035	1
qid178927	did78255	1
qid178929	did74422	1
qid178932	did22264	1
qid178975	did78265	1
qid178981	did29671	1
qid178992	did78271	1
qid178995	did9989	1
qid179014	did69610	1
qid179015	did78280	1
qid179021	did12966	1
qid179034	did26677	1
qid179043	did3057	1
qid179056	did78289	1
qid179057	did78290	1
qid179058	did20607	1
qid179072	did21859	1
qid179075	did11214	1
qid179077	did5297	1
qid179083	did71829	1
qid179090	did78302	1
qid179094	did78304	1
qid179097	did1889	1
qid179112	did4282	1
qid179114	did78310	1
qid179117	did78312	1
qid179135	did2498	1
qid179142	did39175	1
qid179148	did2976	1
qid179149	did31357	1
qid179158	did78322	1
qid179177	did78328	1
qid179190	did18867	1
qid179193	did11078	1
qid179200	did49868	1
qid179230	did8131	1
qid179236	did2388	1
qid179240	did76268	1
qid179242	did18523	1
qid179248	did9317	1
qid179252	did69845	1
qid179263	did78345	1
qid179266	did49176	1
qid179275	did78347	1
qid179287	did64786	1
qid179292	did78352	1
qid179294	did78353	1
qid179322	did24233	1
qid179327	did1729	1
qid179328	did78361	1
qid179332	did78363	1
qid179348	did8202	1
qid179367	did78373	1
qid179369	did61806	1
qid179376	did10126	1
qid179383	did8287	1
qid179386	did78379	1
qid179421	did78395	1
qid179422	did3778	1
qid179439	did8803	1
qid179451	did15981	1
qid179453	did3270	1
qid179454	did20334	1
qid179481	did59630	1
qid179482	did20735	1
qid179493	did31560	1
qid179500	did35865	1
qid179508	did78407	1
qid179510	did3150	1
qid179517	did6683	1
qid179523	did5707	1
qid179536	did49854	1
qid179543	did78420	1
qid179585	did78428	1
qid179610	did341	1
qid179615	did31859	1
qid179637	did20615	1
qid179642	did48456	1
qid179645	did13611	1
qid179674	did78455	1
qid179694	did78462	1
qid179696	did5816	1
qid179712	did78468	1
qid179719	did29170	1
qid179734	did14433	1
qid179763	did22978	1
qid179768	did10800	1
qid179789	did78494	1
qid179799	did78499	1
qid179804	did78501	1
qid179822	did19623	1
qid179827	did25018	1
qid179848	did66602	1
qid179862	did78516	1
qid179869	did15177	1
qid179874	did9858	1
qid179882	did78525	1
qid179887	did78528	1
qid179896	did4159	1
qid179906	did76254	1
qid179925	did13386	1
qid179930	did52886	1
qid179942	did374	1
qid179943	did31461	1
qid179948	did78546	1
qid179966	did6684	1
qid179972	did78550	1
qid179973	did24278	1
qid179991	did50638	1
qid179998	did78560	1
qid180011	did18260	1
qid180053	did16395	1
qid180068	did3165	1
qid180093	did18189	1
qid180110	did34915	1
qid180124	did51917	1
qid180130	did9255	1
qid180140	did285	1
qid180142	did12886	1
qid180157	did78594	1
qid180171	did74099	1
qid180174	did16081	1
qid180183	did18686	1
qid180186	did78602	1
qid180187	did2407	1
qid180194	did2951	1
qid180213	did30455	1
qid180224	did19820	1
qid180227	did20892	1
qid180233	did8867	1
qid180241	did33457	1
qid180245	did78614	1
qid180254	did78616	1
qid180260	did31576	1
qid180261	did4252	1
qid180273	did78619	1
qid180274	did8901	1
qid180280	did3945	1
qid180317	did29825	1
qid180324	did27097	1
qid180347	did60100	1
qid180358	did1336	1
qid180375	did28658	1
qid180406	did48539	1
qid180414	did78651	1
qid180418	did671	1
qid180440	did7720	1
qid180465	did78671	1
qid180468	did39038	1
qid180477	did62672	1
qid180481	did27704	1
qid180483	did9783	1
qid180485	did78678	1
qid180500	did78683	1
qid180516	did22077	1
qid180518	did78685	1
qid180519	did1014	1
qid180526	did7019	1
qid180531	did32930	1
qid180535	did150	1
qid180546	did78695	1
qid180552	did78698	1
qid180604	did8296	1
qid180611	did78722	1
qid180619	did10010	1
qid180622	did19280	1
qid180623	did78727	1
qid180641	did14263	1
qid180662	did75339	1
qid180663	did3806	1
qid180671	did78739	1
qid180678	did1669	1
qid180689	did7346	1
qid180690	did48255	1
qid180694	did13804	1
qid180704	did9129	1
qid180709	did39472	1
qid180720	did51888	1
qid180721	did2387	1
qid180725	did78753	1
qid180733	did1027	1
qid180738	did78755	1
qid180745	did5651	1
qid180750	did68474	1
qid180754	did22403	1
qid180760	did30398	1
qid180761	did78758	1
qid180767	did78761	1
qid180768	did6798	1
qid180779	did30467	1
qid180786	did14437	1
qid180798	did33376	1
qid180806	did3047	1
qid180823	did61426	1
qid180834	did78781	1
qid180839	did20779	1
qid180858	did31593	1
qid180866	did9469	1
qid180867	did27537	1
qid180881	did1487	1
qid180883	did78797	1
qid180919	did26841	1
qid180920	did10170	1
qid180981	did67172	1
qid180983	did74882	1
qid180991	did8298	1
qid180999	did23077	1
qid181001	did2663	1
qid181004	did71298	1
qid181007	did78836	1
qid181023	did11503	1
qid181050	did30556	1
qid181056	did78850	1
qid181057	did34981	1
qid181099	did50881	1
qid181115	did45130	1
qid181120	did36650	1
qid181124	did24628	1
qid181140	did46656	1
qid181150	did20248	1
qid181156	did78867	1
qid181163	did7209	1
qid181210	did78881	1
qid181214	did15490	1
qid181215	did78883	1
qid181252	did78895	1
qid181275	did9374	1
qid181277	did3087	1
qid181279	did3315	1
qid181290	did6104	1
qid181312	did40906	1
qid181327	did25759	1
qid181352	did49724	1
qid181359	did58627	1
qid181369	did12704	1
qid181378	did1678	1
qid181384	did24153	1
qid181400	did78930	1
qid181403	did41672	1
qid181415	did54781	1
qid181422	did55415	1
qid181423	did10532	1
qid181424	did78938	1
qid181435	did78940	1
qid181439	did50174	1
qid181445	did78941	1
qid181458	did52550	1
qid181472	did5470	1
qid181476	did71128	1
qid181480	did5225	1
qid181495	did46424	1
qid181515	did937	1
qid181551	did14208	1
qid181568	did723	1
qid181578	did11223	1
qid181581	did13520	1
qid181582	did3889	1
qid181593	did270	1
qid181597	did3806	1
qid181603	did42028	1
qid181618	did14856	1
qid181642	did21770	1
qid181675	did9698	1
qid181683	did45515	1
qid181684	did44691	1
qid181690	did37157	1
qid181692	did79000	1
qid181695	did55868	1
qid181703	did79004	1
qid181725	did22587	1
qid181732	did19363	1
qid181743	did79015	1
qid181753	did18236	1
qid181759	did29169	1
qid181762	did33034	1
qid181773	did7888	1
qid181779	did79023	1
qid181780	did79024	1
qid181792	did9896	1
qid181801	did61248	1
qid181835	did76319	1
qid181837	did79037	1
qid181842	did2279	1
qid181867	did1907	1
qid181902	did20030	1
qid181909	did19923	1
qid181910	did21613	1
qid181918	did40606	1
qid181920	did11358	1
qid181933	did27150	1
qid181937	did79063	1
qid181950	did5855	1
qid181966	did8937	1
qid181974	did79075	1
qid181989	did5610	1
qid181994	did1794	1
qid182003	did760	1
qid182011	did79082	1
qid182015	did47152	1
qid182016	did79085	1
qid182031	did28954	1
qid182060	did36409	1
qid182067	did79100	1
qid182079	did30739	1
qid182085	did16657	1
qid182089	did14901	1
qid182100	did38254	1
qid182102	did1212	1
qid182114	did7888	1
qid182121	did4832	1
qid182122	did55115	1
qid182125	did79113	1
qid182127	did5842	1
qid182132	did34171	1
qid182136	did20822	1
qid182137	did4295	1
qid182140	did13807	1
qid182151	did1880	1
qid182164	did79125	1
qid182166	did79126	1
qid182169	did51333	1
qid182174	did32316	1
qid182176	did20381	1
qid182197	did68991	1
qid182202	did14546	1
qid182210	did52604	1
qid182239	did1952	1
qid182246	did79149	1
qid182266	did37797	1
qid182285	did79161	1
qid182289	did30188	1
qid182292	did13240	1
qid182294	did79165	1
qid182302	did12163	1
qid182314	did79172	1
qid182364	did6455	1
qid182376	did432	1
qid182390	did15863	1
qid182397	did79011	1
qid182403	did5902	1
qid182408	did79194	1
qid182440	did56334	1
qid182453	did10664	1
qid182458	did5266	1
qid182460	did21422	1
qid182462	did21496	1
qid182472	did14297	1
qid182477	did59761	1
qid182497	did79220	1
qid182501	did14694	1
qid182506	did79223	1
qid182531	did37913	1
qid182534	did4701	1
qid182563	did843	1
qid182567	did54017	1
qid182576	did56819	1
qid182581	did40535	1
qid182582	did2250	1
qid182586	did37284	1
qid182598	did4484	1
qid182616	did10441	1
qid182618	did13685	1
qid182629	did79259	1
qid182631	did79260	1
qid182654	did79269	1
qid182675	did9373	1
qid182678	did33631	1
qid182681	did76291	1
qid182690	did4204	1
qid182708	did24469	1
qid182712	did28574	1
qid182714	did79284	1
qid182735	did54394	1
qid182738	did5599	1
qid182751	did79292	1
qid182771	did79298	1
qid182783	did3689	1
qid182809	did14488	1
qid182853	did79324	1
qid182864	did19970	1
qid182887	did1024	1
qid182896	did79335	1
qid182900	did33962	1
qid182909	did4298	1
qid182922	did30937	1
qid182933	did79349	1
qid182935	did68464	1
qid182940	did79353	1
qid182949	did5000	1
qid182951	did9285	1
qid182968	did79366	1
qid182969	did3702	1
qid182972	did79367	1
qid182987	did32122	1
qid182991	did79370	1
qid183012	did61742	1
qid183013	did12609	1
qid183016	did54335	1
qid183028	did14332	1
qid183045	did3988	1
qid183051	did30912	1
qid183053	did644	1
qid183058	did52938	1
qid183062	did38620	1
qid183065	did24539	1
qid183080	did41746	1
qid183099	did79392	1
qid183103	did31147	1
qid183123	did79403	1
qid183146	did79414	1
qid183161	did40384	1
qid183223	did53106	1
qid183257	did23424	1
qid183261	did1898	1
qid183292	did79450	1
qid183300	did719	1
qid183302	did59951	1
qid183306	did41747	1
qid183309	did30455	1
qid183320	did14963	1
qid183366	did79466	1
qid183379	did17712	1
qid183395	did50370	1
qid183399	did79475	1
qid183402	did5113	1
qid183421	did11945	1
qid183422	did59778	1
qid183425	did79480	1
qid183426	did79481	1
qid183432	did9863	1
qid183433	did70330	1
qid183450	did72167	1
qid183454	did70114	1
qid183459	did24196	1
qid183467	did79492	1
qid183474	did642	1
qid183476	did21792	1
qid183483	did806	1
qid183499	did13124	1
qid183510	did79503	1
qid183546	did47335	1
qid183559	did79520	1
qid183569	did1785	1
qid183582	did2089	1
qid183599	did7577	1
qid183603	did46720	1
qid183605	did1980	1
qid183653	did3589	1
qid183658	did79555	1
qid183665	did79558	1
qid183666	did1224	1
qid183679	did33505	1
qid183681	did79564	1
qid183690	did11727	1
qid183707	did79572	1
qid183708	did41932	1
qid183714	did43738	1
qid183744	did34759	1
qid183747	did52910	1
qid183758	did48577	1
qid183774	did59608	1
qid183780	did22837	1
qid183783	did46997	1
qid183800	did37230	1
qid183802	did43589	1
qid183804	did79170	1
qid183805	did79594	1
qid183811	did3670	1
qid183812	did7888	1
qid183814	did79597	1
qid183816	did28516	1
qid183828	did79601	1
qid183832	did5969	1
qid183834	did79602	1
qid183851	did8040	1
qid183856	did11872	1
qid183869	did79608	1
qid183883	did79612	1
qid183921	did33246	1
qid183927	did1879	1
qid183937	did17013	1
qid183938	did28307	1
qid183968	did68622	1
qid183978	did8232	1
qid183995	did11341	1
qid183998	did30526	1
qid183999	did19722	1
qid184000	did79640	1
qid184026	did19458	1
qid184043	did79651	1
qid184046	did59	1
qid184049	did79653	1
qid184056	did79656	1
qid184064	did79658	1
qid184067	did440	1
qid184070	did49040	1
qid184072	did47691	1
qid184073	did26817	1
qid184076	did25386	1
qid184080	did79662	1
qid184090	did79667	1
qid184101	did3058	1
qid184130	did170	1
qid184131	did79681	1
qid184138	did79682	1
qid184148	did79685	1
qid184164	did10752	1
qid184198	did8498	1
qid184201	did17947	1
qid184220	did3846	1
qid184230	did79707	1
qid184235	did1644	1
qid184254	did79716	1
qid184257	did49513	1
qid184265	did14618	1
qid184277	did79724	1
qid184288	did79729	1
qid184297	did66502	1
qid184300	did51968	1
qid184309	did6052	1
qid184327	did17816	1
qid184352	did36594	1
qid184356	did16713	1
qid184370	did79748	1
qid184371	did79749	1
qid184418	did936	1
qid184430	did4328	1
qid184456	did16616	1
qid184476	did79786	1
qid184482	did5697	1
qid184483	did79789	1
qid184489	did23751	1
qid184493	did79669	1
qid184499	did70330	1
qid184501	did76510	1
qid184515	did17199	1
qid184520	did79793	1
qid184523	did79795	1
qid184525	did79796	1
qid184559	did7004	1
qid184563	did76910	1
qid184565	did13939	1
qid184566	did7928	1
qid184567	did9281	1
qid184591	did15267	1
qid184606	did79819	1
qid184614	did3404	1
qid184627	did50319	1
qid184644	did9829	1
qid184647	did5816	1
qid184662	did4435	1
qid184670	did60537	1
qid184689	did24248	1
qid184699	did79843	1
qid184718	did461	1
qid184736	did8792	1
qid184741	did15536	1
qid184743	did39753	1
qid184745	did36143	1
qid184773	did46185	1
qid184797	did34802	1
qid184801	did4512	1
qid184806	did79870	1
qid184816	did2434	1
qid184845	did10874	1
qid184853	did35491	1
qid184856	did9227	1
qid184857	did69230	1
qid184883	did79887	1
qid184884	did6387	1
qid184887	did79888	1
qid184896	did429	1
qid184935	did25298	1
qid184947	did34641	1
qid184972	did79908	1
qid184977	did15724	1
qid184988	did24310	1
qid184997	did79916	1
qid185020	did79920	1
qid185032	did64454	1
qid185035	did6388	1
qid185054	did13127	1
qid185056	did32345	1
qid185059	did79932	1
qid185076	did85	1
qid185082	did24317	1
qid185096	did43928	1
qid185097	did79942	1
qid185099	did79944	1
qid185109	did18672	1
qid185127	did8071	1
qid185128	did40237	1
qid185143	did60431	1
qid185148	did79953	1
qid185150	did1966	1
qid185161	did79955	1
qid185162	did79956	1
qid185168	did23052	1
qid185169	did38813	1
qid185179	did79964	1
qid185182	did79965	1
qid185192	did6852	1
qid185199	did12175	1
qid185201	did2196	1
qid185204	did28992	1
qid185213	did79973	1
qid185215	did30759	1
qid185219	did47324	1
qid185238	did11922	1
qid185294	did79993	1
qid185296	did34576	1
qid185315	did79998	1
qid185322	did34427	1
qid185333	did51109	1
qid185339	did7667	1
qid185346	did23752	1
qid185353	did2838	1
qid185358	did24562	1
qid185359	did80013	1
qid185393	did62611	1
qid185419	did16009	1
qid185438	did40544	1
qid185448	did7072	1
qid185455	did2934	1
qid185458	did80043	1
qid185464	did80045	1
qid185465	did52711	1
qid185478	did80051	1
qid185488	did22243	1
qid185490	did81	1
qid185501	did55323	1
qid185502	did8627	1
qid185505	did13351	1
qid185519	did80063	1
qid185529	did76708	1
qid185531	did30950	1
qid185533	did35383	1
qid185603	did38489	1
qid185622	did26104	1
qid185634	did671	1
qid185637	did50865	1
qid185640	did80094	1
qid185642	did10649	1
qid185643	did1812	1
qid185654	did5941	1
qid185656	did2348	1
qid185684	did2981	1
qid185691	did3853	1
qid185731	did17659	1
qid185734	did15864	1
qid185736	did269	1
qid185778	did80135	1
qid185789	did23483	1
qid185803	did306	1
qid185811	did80147	1
qid185822	did61429	1
qid185828	did26379	1
qid185855	did67287	1
qid185861	did1265	1
qid185870	did66591	1
qid185878	did80163	1
qid185880	did41194	1
qid185886	did9355	1
qid185897	did33360	1
qid185902	did26619	1
qid185907	did80169	1
qid185916	did70442	1
qid185928	did3047	1
qid185930	did10197	1
qid185938	did73341	1
qid185954	did80184	1
qid185957	did25952	1
qid185967	did31435	1
qid185973	did13386	1
qid185978	did46024	1
qid185984	did12609	1
qid186001	did19849	1
qid186002	did554	1
qid186007	did12491	1
qid186010	did80200	1
qid186028	did80205	1
qid186044	did14910	1
qid186056	did80215	1
qid186065	did80218	1
qid186082	did6414	1
qid186112	did7461	1
qid186116	did13561	1
qid186136	did2751	1
qid186148	did80242	1
qid186155	did4545	1
qid186176	did9317	1
qid186192	did59365	1
qid186204	did61185	1
qid186208	did80260	1
qid186209	did71322	1
qid186240	did80267	1
qid186241	did80268	1
qid186242	did26596	1
qid186265	did5817	1
qid186268	did70975	1
qid186269	did6990	1
qid186277	did40026	1
qid186283	did15121	1
qid186292	did441	1
qid186294	did18269	1
qid186321	did509	1
qid186330	did3921	1
qid186353	did1390	1
qid186360	did6627	1
qid186362	did37635	1
qid186370	did11736	1
qid186384	did16343	1
qid186385	did59320	1
qid186390	did3170	1
qid186403	did8215	1
qid186405	did80305	1
qid186442	did38101	1
qid186446	did80320	1
qid186487	did871	1
qid186493	did3766	1
qid186515	did35710	1
qid186523	did24982	1
qid186549	did22124	1
qid186557	did10457	1
qid186569	did52875	1
qid186571	did42985	1
qid186599	did4067	1
qid186610	did46931	1
qid186632	did2898	1
qid186636	did7897	1
qid186639	did42624	1
qid186661	did17590	1
qid186663	did3678	1
qid186667	did36584	1
qid186678	did80379	1
qid186703	did59214	1
qid186711	did6831	1
qid186742	did79124	1
qid186757	did80394	1
qid186769	did31371	1
qid186834	did80418	1
qid186842	did80423	1
qid186888	did6962	1
qid186902	did12528	1
qid186907	did11160	1
qid186916	did17209	1
qid186920	did17737	1
qid186931	did80449	1
qid186936	did34225	1
qid186942	did51916	1
qid186946	did8656	1
qid186974	did7924	1
qid186980	did26790	1
qid187000	did53217	1
qid187004	did6408	1
qid187013	did80470	1
qid187044	did80475	1
qid187045	did80476	1
qid187052	did80479	1
qid187055	did6585	1
qid187060	did1787	1
qid187074	did80485	1
qid187082	did80488	1
qid187083	did2436	1
qid187085	did43178	1
qid187094	did70688	1
qid187106	did43537	1
qid187118	did2892	1
qid187133	did44351	1
qid187134	did47725	1
qid187175	did80511	1
qid187179	did80512	1
qid187195	did24366	1
qid187202	did4914	1
qid187225	did24986	1
qid187231	did75508	1
qid187232	did40983	1
qid187244	did22739	1
qid187256	did69002	1
qid187261	did6380	1
qid187264	did15316	1
qid187275	did3553	1
qid187277	did8545	1
qid187284	did80545	1
qid187285	did80546	1
qid187290	did38259	1
qid187305	did622	1
qid187313	did60378	1
qid187333	did21443	1
qid187349	did80563	1
qid187354	did640	1
qid187356	did5399	1
qid187368	did41837	1
qid187388	did68221	1
qid187394	did10765	1
qid187398	did47221	1
qid187405	did80578	1
qid187407	did35771	1
qid187410	did80579	1
qid187424	did20273	1
qid187445	did10370	1
qid187457	did12624	1
qid187464	did80597	1
qid187474	did4347	1
qid187478	did72228	1
qid187479	did28575	1
qid187512	did80611	1
qid187522	did26396	1
qid187557	did259	1
qid187583	did11632	1
qid187607	did80646	1
qid187629	did58360	1
qid187633	did43628	1
qid187649	did2704	1
qid187650	did26677	1
qid187656	did22138	1
qid187689	did48612	1
qid187692	did13671	1
qid187696	did80672	1
qid187712	did27104	1
qid187725	did40269	1
qid187729	did2770	1
qid187754	did17486	1
qid187773	did80696	1
qid187776	did48235	1
qid187779	did5899	1
qid187799	did7542	1
qid187802	did31421	1
qid187818	did6993	1
qid187822	did13278	1
qid187831	did48396	1
qid187847	did19702	1
qid187885	did54974	1
qid187890	did80724	1
qid187891	did36612	1
qid187892	did80725	1
qid187901	did33962	1
qid187902	did1074	1
qid187925	did80736	1
qid187948	did80741	1
qid187963	did19596	1
qid188006	did1413	1
qid188032	did30669	1
qid188041	did80764	1
qid188053	did37430	1
qid188058	did14966	1
qid188060	did47845	1
qid188062	did7615	1
qid188066	did51205	1
qid188068	did13369	1
qid188069	did80772	1
qid188074	did1935	1
qid188076	did71478	1
qid188130	did30202	1
qid188145	did80791	1
qid188160	did27445	1
qid188168	did74333	1
qid188179	did60497	1
qid188231	did80818	1
qid188233	did24150	1
qid188246	did36688	1
qid188249	did27766	1
qid188250	did80824	1
qid188255	did21574	1
qid188270	did21355	1
qid188297	did80837	1
qid188299	did30168	1
qid188315	did7052	1
qid188321	did7226	1
qid188322	did80843	1
qid188342	did30612	1
qid188376	did80851	1
qid188377	did80852	1
qid188388	did17637	1
qid188401	did80856	1
qid188418	did11326	1
qid188428	did1493	1
qid188443	did80864	1
qid188444	did13009	1
qid188449	did7889	1
qid188455	did62004	1
qid188463	did14684	1
qid188467	did39446	1
qid188474	did69948	1
qid188478	did671	1
qid188486	did24425	1
qid188490	did43172	1
qid188510	did70896	1
qid188514	did4601	1
qid188530	did12639	1
qid188536	did49075	1
qid188542	did80892	1
qid188579	did80903	1
qid188581	did80904	1
qid188584	did80905	1
qid188602	did80910	1
qid188606	did80911	1
qid188615	did75239	1
qid188626	did80917	1
qid188629	did52226	1
qid188642	did80923	1
qid188645	did56998	1
qid188652	did80927	1
qid188653	did30350	1
qid188675	did66839	1
qid188683	did4631	1
qid188686	did46349	1
qid188705	did80938	1
qid188711	did80940	1
qid188719	did6605	1
qid188720	did80943	1
qid188739	did58347	1
qid188750	did17679	1
qid188770	did9287	1
qid188773	did62262	1
qid188780	did35415	1
qid188782	did10463	1
qid188789	did29002	1
qid188795	did35140	1
qid188797	did24158	1
qid188800	did14994	1
qid188811	did16528	1
qid188833	did31858	1
qid188849	did71196	1
qid188874	did80981	1
qid188900	did80988	1
qid188904	did80990	1
qid188927	did33129	1
qid188932	did80998	1
qid188933	did3428	1
qid188939	did80999	1
qid188946	did81002	1
qid188951	did81004	1
qid188956	did15536	1
qid188963	did78483	1
qid188968	did81008	1
qid188974	did81010	1
qid188987	did60202	1
qid189002	did17411	1
qid189013	did7335	1
qid189032	did48301	1
qid189035	did6152	1
qid189036	did15059	1
qid189043	did81029	1
qid189047	did81030	1
qid189058	did81034	1
qid189068	did50217	1
qid189075	did36241	1
qid189077	did4643	1
qid189097	did81045	1
qid189101	did12852	1
qid189105	did2913	1
qid189110	did71828	1
qid189115	did20066	1
qid189126	did31360	1
qid189153	did27468	1
qid189158	did77666	1
qid189176	did68813	1
qid189179	did1329	1
qid189191	did15871	1
qid189197	did39426	1
qid189207	did81078	1
qid189216	did81081	1
qid189229	did81086	1
qid189232	did9421	1
qid189249	did16675	1
qid189263	did2423	1
qid189275	did81098	1
qid189277	did76535	1
qid189278	did563	1
qid189280	did60813	1
qid189303	did64833	1
qid189309	did35443	1
qid189317	did27773	1
qid189346	did36082	1
qid189352	did81116	1
qid189362	did57755	1
qid189363	did19024	1
qid189366	did19882	1
qid189375	did3943	1
qid189377	did29834	1
qid189382	did81121	1
qid189384	did81122	1
qid189385	did8269	1
qid189387	did39578	1
qid189399	did81125	1
qid189413	did2030	1
qid189432	did1848	1
qid189433	did13709	1
qid189441	did2323	1
qid189452	did27661	1
qid189454	did12984	1
qid189457	did66370	1
qid189460	did2432	1
qid189468	did81150	1
qid189479	did37697	1
qid189495	did65865	1
qid189525	did81163	1
qid189531	did81164	1
qid189534	did31410	1
qid189548	did2228	1
qid189554	did14985	1
qid189558	did81175	1
qid189568	did52789	1
qid189584	did1842	1
qid189587	did81183	1
qid189590	did77880	1
qid189595	did81184	1
qid189596	did11318	1
qid189599	did81185	1
qid189603	did4643	1
qid189608	did23646	1
qid189610	did49911	1
qid189615	did1047	1
qid189617	did26280	1
qid189619	did47448	1
qid189627	did81192	1
qid189637	did28856	1
qid189645	did81198	1
qid189692	did8464	1
qid189699	did22572	1
qid189701	did51470	1
qid189714	did5268	1
qid189724	did81213	1
qid189739	did25714	1
qid189741	did22215	1
qid189748	did39508	1
qid189780	did7102	1
qid189789	did81229	1
qid189819	did81238	1
qid189832	did81244	1
qid189851	did25649	1
qid189853	did19583	1
qid189864	did81249	1
qid189865	did9317	1
qid189871	did81253	1
qid189878	did16839	1
qid189908	did81265	1
qid189945	did2254	1
qid189999	did3847	1
qid190014	did2300	1
qid190035	did80253	1
qid190047	did17728	1
qid190067	did2802	1
qid190068	did38510	1
qid190075	did9	1
qid190087	did11362	1
qid190090	did81307	1
qid190103	did81312	1
qid190111	did40619	1
qid190151	did9685	1
qid190161	did33006	1
qid190170	did81329	1
qid190199	did23367	1
qid190232	did25869	1
qid190236	did7509	1
qid190239	did8373	1
qid190249	did40425	1
qid190261	did53106	1
qid190262	did69865	1
qid190265	did1295	1
qid190283	did11508	1
qid190290	did2931	1
qid190294	did81371	1
qid190303	did20878	1
qid190304	did81374	1
qid190328	did10250	1
qid190330	did8832	1
qid190334	did1290	1
qid190346	did15096	1
qid190353	did81392	1
qid190381	did11748	1
qid190384	did67271	1
qid190390	did69140	1
qid190404	did81408	1
qid190405	did19131	1
qid190413	did160	1
qid190425	did81415	1
qid190430	did8270	1
qid190440	did32774	1
qid190452	did81423	1
qid190466	did39393	1
qid190478	did81430	1
qid190494	did81435	1
qid190505	did40120	1
qid190508	did4829	1
qid190514	did1771	1
qid190521	did81443	1
qid190536	did16584	1
qid190543	did13107	1
qid190546	did12344	1
qid190548	did7784	1
qid190550	did1341	1
qid190559	did3152	1
qid190571	did6491	1
qid190578	did43439	1
qid190582	did81453	1
qid190596	did50783	1
qid190609	did81462	1
qid190615	did48889	1
qid190637	did81474	1
qid190655	did10521	1
qid190678	did81484	1
qid190682	did3337	1
qid190685	did81485	1
qid190723	did81495	1
qid190736	did33384	1
qid190748	did47785	1
qid190756	did81501	1
qid190772	did21434	1
qid190793	did29608	1
qid190803	did10434	1
qid190836	did25161	1
qid190838	did81522	1
qid190849	did7365	1
qid190855	did81527	1
qid190861	did80912	1
qid190875	did47763	1
qid190892	did49747	1
qid190897	did893	1
qid190904	did33241	1
qid190921	did2362	1
qid190935	did66066	1
qid190965	did8920	1
qid190970	did50531	1
qid190976	did33286	1
qid190977	did50634	1
qid190993	did847	1
qid190997	did18565	1
qid191008	did7755	1
qid191013	did3763	1
qid191016	did680	1
qid191021	did71685	1
qid191024	did29881	1
qid191041	did32832	1
qid191043	did1220	1
qid191052	did81577	1
qid191063	did55610	1
qid191069	did14387	1
qid191071	did3256	1
qid191074	did60096	1
qid191078	did4017	1
qid191086	did9424	1
qid191092	did16205	1
qid191116	did77494	1
qid191130	did16831	1
qid191131	did33180	1
qid191143	did53317	1
qid191145	did58115	1
qid191148	did1253	1
qid191151	did38850	1
qid191154	did23488	1
qid191156	did81606	1
qid191160	did27443	1
qid191161	did4737	1
qid191168	did18914	1
qid191184	did51412	1
qid191197	did46303	1
qid191211	did81615	1
qid191241	did371	1
qid191266	did17899	1
qid191281	did81634	1
qid191284	did81635	1
qid191309	did23122	1
qid191327	did18569	1
qid191356	did2432	1
qid191359	did49986	1
qid191369	did81660	1
qid191376	did81663	1
qid191382	did1	1
qid191385	did8620	1
qid191391	did839	1
qid191408	did81669	1
qid191424	did81673	1
qid191434	did81677	1
qid191440	did6074	1
qid191459	did44833	1
qid191460	did11452	1
qid191487	did8373	1
qid191488	did32563	1
qid191490	did29820	1
qid191491	did235	1
qid191508	did81693	1
qid191536	did8787	1
qid191539	did81701	1
qid191553	did66647	1
qid191568	did54551	1
qid191571	did28292	1
qid191572	did15961	1
qid191581	did11717	1
qid191582	did28359	1
qid191615	did43111	1
qid191632	did62265	1
qid191653	did20303	1
qid191654	did4814	1
qid191658	did81735	1
qid191675	did24268	1
qid191682	did81745	1
qid191684	did258	1
qid191690	did81749	1
qid191693	did81751	1
qid191703	did81754	1
qid191720	did73251	1
qid191736	did81762	1
qid191737	did936	1
qid191745	did37300	1
qid191762	did2723	1
qid191776	did81775	1
qid191797	did30724	1
qid191800	did81780	1
qid191814	did2705	1
qid191816	did5816	1
qid191818	did59391	1
qid191831	did81789	1
qid191836	did63410	1
qid191856	did47388	1
qid191858	did28416	1
qid191863	did21299	1
qid191867	did429	1
qid191873	did81800	1
qid191877	did62546	1
qid191886	did81806	1
qid191901	did6049	1
qid191909	did5681	1
qid191914	did81814	1
qid191915	did10490	1
qid191944	did81818	1
qid191947	did4308	1
qid191951	did31673	1
qid191965	did3297	1
qid191970	did7897	1
qid191988	did68421	1
qid191999	did81828	1
qid192026	did24002	1
qid192046	did25680	1
qid192050	did4292	1
qid192056	did22008	1
qid192064	did75385	1
qid192073	did78838	1
qid192089	did81855	1
qid192101	did2060	1
qid192103	did36961	1
qid192115	did10734	1
qid192116	did12876	1
qid192125	did23489	1
qid192144	did8545	1
qid192152	did52100	1
qid192165	did2691	1
qid192167	did12352	1
qid192193	did81873	1
qid192200	did8473	1
qid192213	did21801	1
qid192218	did48626	1
qid192221	did1638	1
qid192233	did81881	1
qid192246	did39317	1
qid192268	did10959	1
qid192276	did17223	1
qid192278	did48194	1
qid192314	did368	1
qid192349	did29410	1
qid192352	did25949	1
qid192358	did9353	1
qid192365	did16699	1
qid192368	did81910	1
qid192387	did81918	1
qid192407	did81926	1
qid192409	did81927	1
qid192446	did21934	1
qid192455	did49320	1
qid192468	did15225	1
qid192486	did81948	1
qid192509	did81953	1
qid192515	did22200	1
qid192518	did7122	1
qid192521	did7464	1
qid192551	did65275	1
qid192566	did461	1
qid192567	did40142	1
qid192579	did306	1
qid192580	did81966	1
qid192582	did81967	1
qid192587	did81969	1
qid192599	did81976	1
qid192601	did81977	1
qid192607	did79088	1
qid192608	did4050	1
qid192609	did1632	1
qid192614	did3726	1
qid192623	did38399	1
qid192645	did27416	1
qid192650	did60905	1
qid192663	did12293	1
qid192693	did81997	1
qid192718	did82006	1
qid192727	did7659	1
qid192748	did22992	1
qid192749	did38612	1
qid192751	did16911	1
qid192752	did2500	1
qid192757	did17048	1
qid192766	did590	1
qid192773	did4152	1
qid192775	did24464	1
qid192776	did49694	1
qid192785	did4273	1
qid192791	did82018	1
qid192831	did82027	1
qid192832	did56419	1
qid192869	did79752	1
qid192882	did82036	1
qid192884	did10533	1
qid192903	did4545	1
qid192914	did21291	1
qid192916	did34928	1
qid192918	did2381	1
qid192932	did4482	1
qid192933	did9124	1
qid192947	did82048	1
qid192950	did921	1
qid192959	did4547	1
qid192967	did15653	1
qid192986	did12340	1
qid192988	did13541	1
qid193000	did1882	1
qid193001	did82065	1
qid193008	did20194	1
qid193063	did25852	1
qid193081	did82089	1
qid193090	did1669	1
qid193096	did31044	1
qid193190	did82122	1
qid193192	did25755	1
qid193213	did24023	1
qid193223	did20647	1
qid193252	did82136	1
qid193255	did56619	1
qid193258	did2212	1
qid193276	did20090	1
qid193282	did2494	1
qid193307	did82145	1
qid193325	did17	1
qid193348	did32458	1
qid193357	did2794	1
qid193360	did11726	1
qid193373	did21685	1
qid193374	did70797	1
qid193379	did82167	1
qid193382	did32353	1
qid193383	did54497	1
qid193389	did12096	1
qid193390	did35533	1
qid193394	did16673	1
qid193398	did5057	1
qid193417	did47051	1
qid193430	did16307	1
qid193446	did2038	1
qid193448	did30996	1
qid193453	did21616	1
qid193470	did46010	1
qid193484	did60518	1
qid193493	did82191	1
qid193497	did22318	1
qid193519	did7819	1
qid193525	did9155	1
qid193539	did82202	1
qid193540	did82203	1
qid193546	did43320	1
qid193547	did5568	1
qid193549	did32	1
qid193552	did17648	1
qid193558	did72752	1
qid193579	did82211	1
qid193580	did1433	1
qid193584	did20564	1
qid193591	did61408	1
qid193592	did19607	1
qid193625	did30950	1
qid193626	did6497	1
qid193638	did11714	1
qid193645	did82169	1
qid193672	did58436	1
qid193690	did82234	1
qid193706	did82239	1
qid193709	did5951	1
qid193714	did27730	1
qid193721	did17277	1
qid193728	did12700	1
qid193738	did82251	1
qid193743	did2305	1
qid193749	did2296	1
qid193751	did9424	1
qid193752	did54589	1
qid193754	did2253	1
qid193765	did82256	1
qid193774	did82258	1
qid193776	did31971	1
qid193780	did35129	1
qid193797	did59985	1
qid193819	did71168	1
qid193830	did350	1
qid193843	did17918	1
qid193846	did24430	1
qid193848	did82276	1
qid193858	did13365	1
qid193898	did82289	1
qid193901	did59031	1
qid193916	did23950	1
qid193959	did82306	1
qid193961	did64104	1
qid193966	did82308	1
qid193967	did25202	1
qid193969	did5250	1
qid193977	did82312	1
qid193981	did82313	1
qid193984	did26018	1
qid193998	did984	1
qid194000	did4868	1
qid194002	did13546	1
qid194006	did57546	1
qid194015	did82326	1
qid194035	did82334	1
qid194045	did82338	1
qid194050	did344	1
qid194052	did47259	1
qid194066	did13718	1
qid194067	did16312	1
qid194068	did67292	1
qid194087	did12997	1
qid194090	did33846	1
qid194093	did22170	1
qid194095	did13724	1
qid194123	did82361	1
qid194135	did81106	1
qid194146	did73213	1
qid194155	did82370	1
qid194171	did82375	1
qid194184	did19656	1
qid194186	did43612	1
qid194207	did2706	1
qid194210	did82389	1
qid194226	did42942	1
qid194227	did15085	1
qid194254	did9154	1
qid194255	did22590	1
qid194257	did344	1
qid194259	did16915	1
qid194261	did13704	1
qid194265	did19506	1
qid194277	did82406	1
qid194294	did27	1
qid194387	did4374	1
qid194393	did56805	1
qid194398	did23146	1
qid194400	did3194	1
qid194422	did16775	1
qid194427	did54410	1
qid194434	did39945	1
qid194438	did20881	1
qid194456	did35224	1
qid194461	did30578	1
qid194462	did2324	1
qid194464	did22076	1
qid194480	did29661	1
qid194499	did33313	1
qid194511	did82468	1
qid194515	did1055	1
qid194549	did11107	1
qid194558	did35038	1
qid194563	did82482	1
qid194571	did63010	1
qid194580	did16859	1
qid194584	did12362	1
qid194598	did5258	1
qid194602	did82494	1
qid194615	did1644	1
qid194618	did40642	1
qid194635	did82505	1
qid194645	did2278	1
qid194670	did4769	1
qid194679	did9124	1
qid194687	did82517	1
qid194694	did82519	1
qid194698	did82521	1
qid194704	did82522	1
qid194728	did38340	1
qid194731	did3489	1
qid194739	did18923	1
qid194752	did27870	1
qid194756	did5961	1
qid194758	did216	1
qid194764	did854	1
qid194777	did82540	1
qid194784	did82542	1
qid194796	did82549	1
qid194801	did815	1
qid194814	did74783	1
qid194816	did82555	1
qid194830	did82560	1
qid194838	did26582	1
qid194842	did6348	1
qid194856	did5802	1
qid194859	did3573	1
qid194864	did20537	1
qid194865	did34693	1
qid194872	did1338	1
qid194874	did52100	1
qid194875	did23421	1
qid194876	did82573	1
qid194881	did82574	1
qid194894	did8791	1
qid194908	did82578	1
qid194914	did66383	1
qid194918	did23610	1
qid194921	did19157	1
qid194922	did2032	1
qid194946	did13328	1
qid194964	did180	1
qid194975	did1549	1
qid194987	did82593	1
qid195002	did4031	1
qid195011	did82601	1
qid195012	did82602	1
qid195059	did14264	1
qid195062	did25627	1
qid195067	did8107	1
qid195071	did54930	1
qid195076	did14216	1
qid195078	did82618	1
qid195126	did4537	1
qid195128	did48503	1
qid195134	did82632	1
qid195147	did82635	1
qid195148	did60126	1
qid195151	did17411	1
qid195156	did30809	1
qid195167	did7033	1
qid195173	did77322	1
qid195196	did12347	1
qid195242	did39493	1
qid195254	did82657	1
qid195256	did12480	1
qid195264	did82663	1
qid195274	did81174	1
qid195283	did36709	1
qid195291	did17912	1
qid195304	did5695	1
qid195307	did6022	1
qid195324	did160	1
qid195354	did82688	1
qid195374	did53777	1
qid195386	did82696	1
qid195438	did14005	1
qid195440	did82708	1
qid195449	did82712	1
qid195454	did2736	1
qid195456	did82714	1
qid195457	did81289	1
qid195461	did65278	1
qid195486	did1467	1
qid195495	did82721	1
qid195511	did64995	1
qid195516	did82728	1
qid195519	did60126	1
qid195525	did13197	1
qid195526	did82731	1
qid195527	did12384	1
qid195541	did24139	1
qid195543	did55078	1
qid195554	did9705	1
qid195556	did82737	1
qid195559	did38514	1
qid195579	did1409	1
qid195606	did82748	1
qid195613	did4773	1
qid195614	did82750	1
qid195629	did27651	1
qid195642	did3047	1
qid195646	did6375	1
qid195654	did3047	1
qid195666	did3810	1
qid195681	did69977	1
qid195727	did65110	1
qid195729	did82775	1
qid195744	did81288	1
qid195771	did22456	1
qid195781	did37381	1
qid195817	did13791	1
qid195833	did82799	1
qid195845	did8742	1
qid195855	did82805	1
qid195873	did63707	1
qid195895	did30368	1
qid195913	did79426	1
qid195935	did82827	1
qid195936	did21652	1
qid195942	did18057	1
qid195956	did10949	1
qid195962	did22011	1
qid195966	did82840	1
qid195978	did60825	1
qid195981	did11849	1
qid195993	did9445	1
qid195994	did32343	1
qid196020	did82852	1
qid196031	did11769	1
qid196040	did82858	1
qid196042	did1138	1
qid196048	did82860	1
qid196062	did14817	1
qid196072	did82866	1
qid196086	did82869	1
qid196096	did32593	1
qid196110	did82879	1
qid196121	did11550	1
qid196125	did48769	1
qid196132	did19024	1
qid196134	did82884	1
qid196137	did3555	1
qid196167	did82891	1
qid196187	did82896	1
qid196192	did41471	1
qid196215	did31503	1
qid196233	did1530	1
qid196274	did2218	1
qid196304	did2680	1
qid196306	did4335	1
qid196314	did34580	1
qid196333	did2436	1
qid196339	did82933	1
qid196345	did20598	1
qid196350	did82938	1
qid196361	did1126	1
qid196379	did82946	1
qid196384	did20649	1
qid196392	did9400	1
qid196396	did9139	1
qid196416	did27103	1
qid196419	did82960	1
qid196421	did52701	1
qid196438	did10362	1
qid196442	did27095	1
qid196459	did16644	1
qid196465	did50526	1
qid196476	did50720	1
qid196480	did35348	1
qid196498	did82980	1
qid196499	did79056	1
qid196516	did41077	1
qid196524	did80293	1
qid196525	did82988	1
qid196533	did12247	1
qid196548	did82996	1
qid196570	did83002	1
qid196574	did3315	1
qid196581	did83005	1
qid196627	did83018	1
qid196629	did15706	1
qid196673	did40418	1
qid196721	did19733	1
qid196733	did5044	1
qid196735	did83055	1
qid196770	did16640	1
qid196773	did58076	1
qid196775	did76698	1
qid196776	did9875	1
qid196794	did83070	1
qid196800	did21829	1
qid196814	did14033	1
qid196816	did1381	1
qid196837	did7006	1
qid196838	did77886	1
qid196843	did83080	1
qid196844	did1544	1
qid196859	did3573	1
qid196870	did83088	1
qid196882	did83095	1
qid196890	did31684	1
qid196895	did1920	1
qid196907	did20329	1
qid196946	did2981	1
qid196960	did7783	1
qid196979	did156	1
qid196981	did65865	1
qid196983	did83125	1
qid196984	did48363	1
qid197010	did48590	1
qid197045	did83138	1
qid197055	did3309	1
qid197056	did15419	1
qid197061	did30806	1
qid197071	did3337	1
qid197084	did15539	1
qid197099	did83151	1
qid197103	did22051	1
qid197115	did839	1
qid197117	did4720	1
qid197123	did79995	1
qid197141	did83161	1
qid197151	did51984	1
qid197159	did2444	1
qid197167	did54311	1
qid197187	did9940	1
qid197199	did83180	1
qid197223	did6779	1
qid197239	did42	1
qid197247	did7459	1
qid197253	did56904	1
qid197269	did1550	1
qid197282	did83205	1
qid197286	did83206	1
qid197289	did83207	1
qid197293	did34854	1
qid197318	did29825	1
qid197322	did32176	1
qid197337	did41544	1
qid197348	did31358	1
qid197351	did9927	1
qid197352	did6279	1
qid197353	did2970	1
qid197379	did83225	1
qid197380	did5324	1
qid197388	did83228	1
qid197395	did34487	1
qid197398	did12877	1
qid197401	did64496	1
qid197404	did47809	1
qid197429	did83238	1
qid197447	did83246	1
qid197448	did67536	1
qid197461	did49496	1
qid197469	did83249	1
qid197470	did30267	1
qid197500	did42228	1
qid197515	did234	1
qid197521	did59809	1
qid197522	did83261	1
qid197523	did83262	1
qid197558	did5499	1
qid197562	did5122	1
qid197576	did83277	1
qid197577	did6328	1
qid197578	did39555	1
qid197600	did83284	1
qid197607	did83285	1
qid197614	did34028	1
qid197621	did57151	1
qid197631	did83291	1
qid197638	did83295	1
qid197644	did83296	1
qid197645	did27150	1
qid197659	did35734	1
qid197664	did54392	1
qid197672	did7431	1
qid197688	did13525	1
qid197690	did83306	1
qid197703	did83310	1
qid197726	did8846	1
qid197744	did763	1
qid197755	did951	1
qid197782	did3315	1
qid197797	did9960	1
qid197816	did59846	1
qid197819	did13369	1
qid197832	did83341	1
qid197848	did83346	1
qid197866	did7245	1
qid197867	did46478	1
qid197873	did2546	1
qid197888	did60234	1
qid197916	did83365	1
qid197938	did3153	1
qid197942	did2470	1
qid197955	did10514	1
qid197957	did83382	1
qid197961	did2842	1
qid197962	did83384	1
qid197980	did299	1
qid197988	did17899	1
qid197989	did83393	1
qid198005	did78125	1
qid198015	did83398	1
qid198020	did83401	1
qid198072	did11373	1
qid198077	did83416	1
qid198087	did56257	1
qid198093	did83422	1
qid198094	did11164	1
qid198116	did44754	1
qid198136	did83432	1
qid198137	did1687	1
qid198150	did19119	1
qid198162	did83437	1
qid198197	did83446	1
qid198206	did8013	1
qid198210	did6154	1
qid198215	did4706	1
qid198227	did21449	1
qid198262	did49189	1
qid198266	did3988	1
qid198267	did22088	1
qid198302	did83470	1
qid198316	did18183	1
qid198323	did83472	1
qid198325	did11991	1
qid198329	did31119	1
qid198345	did83476	1
qid198351	did1045	1
qid198385	did83489	1
qid198395	did7899	1
qid198412	did37186	1
qid198413	did2316	1
qid198430	did44833	1
qid198433	did18339	1
qid198440	did18523	1
qid198442	did2939	1
qid198452	did44654	1
qid198454	did14173	1
qid198455	did52439	1
qid198461	did26409	1
qid198465	did21971	1
qid198466	did40184	1
qid198467	did35656	1
qid198469	did62943	1
qid198475	did80030	1
qid198523	did39390	1
qid198548	did11898	1
qid198554	did83527	1
qid198557	did48858	1
qid198570	did28791	1
qid198586	did83537	1
qid198596	did83541	1
qid198603	did285	1
qid198636	did42980	1
qid198642	did6096	1
qid198646	did25110	1
qid198648	did83557	1
qid198652	did3041	1
qid198658	did11325	1
qid198660	did849	1
qid198661	did83561	1
qid198675	did18375	1
qid198698	did11572	1
qid198711	did35476	1
qid198720	did884	1
qid198722	did30815	1
qid198723	did77577	1
qid198739	did83587	1
qid198740	did38271	1
qid198744	did57066	1
qid198747	did37735	1
qid198759	did13868	1
qid198761	did18510	1
qid198782	did83600	1
qid198794	did9760	1
qid198800	did58409	1
qid198810	did54032	1
qid198827	did30696	1
qid198846	did83615	1
qid198850	did14684	1
qid198880	did83627	1
qid198884	did83630	1
qid198901	did47359	1
qid198904	did47415	1
qid198914	did2997	1
qid198936	did35555	1
qid198937	did13537	1
qid198942	did299	1
qid198945	did24820	1
qid198948	did7185	1
qid198956	did25194	1
qid198971	did58428	1
qid198973	did83650	1
qid198975	did954	1
qid198985	did9657	1
qid198997	did15615	1
qid198999	did83655	1
qid199035	did3157	1
qid199063	did43872	1
qid199083	did83677	1
qid199085	did22682	1
qid199093	did83681	1
qid199107	did9465	1
qid199127	did22480	1
qid199130	did22020	1
qid199132	did83692	1
qid199144	did2518	1
qid199163	did36013	1
qid199168	did83700	1
qid199173	did83701	1
qid199214	did23356	1
qid199215	did26482	1
qid199221	did1624	1
qid199244	did1820	1
qid199260	did10007	1
qid199266	did83716	1
qid199276	did83719	1
qid199285	did3754	1
qid199316	did19587	1
qid199320	did36647	1
qid199331	did15125	1
qid199353	did25341	1
qid199360	did83742	1
qid199365	did14109	1
qid199376	did83748	1
qid199380	did30719	1
qid199383	did33962	1
qid199402	did36929	1
qid199403	did25386	1
qid199409	did1848	1
qid199412	did487	1
qid199419	did18979	1
qid199428	did83763	1
qid199436	did31937	1
qid199441	did38416	1
qid199469	did36298	1
qid199476	did83773	1
qid199486	did4075	1
qid199487	did5562	1
qid199507	did83784	1
qid199524	did83787	1
qid199554	did67590	1
qid199574	did1842	1
qid199599	did17477	1
qid199602	did73897	1
qid199616	did83809	1
qid199617	did30954	1
qid199618	did1669	1
qid199621	did83811	1
qid199626	did37628	1
qid199631	did24148	1
qid199632	did63024	1
qid199640	did83816	1
qid199645	did68811	1
qid199676	did20689	1
qid199683	did10451	1
qid199698	did41802	1
qid199711	did24818	1
qid199731	did54774	1
qid199738	did10480	1
qid199750	did83837	1
qid199774	did5642	1
qid199776	did2423	1
qid199787	did27340	1
qid199793	did69215	1
qid199795	did7185	1
qid199832	did83860	1
qid199834	did8536	1
qid199840	did53383	1
qid199850	did28958	1
qid199876	did83872	1
qid199881	did50810	1
qid199892	did82628	1
qid199908	did49417	1
qid199918	did1467	1
qid199933	did6467	1
qid199939	did77653	1
qid199960	did83888	1
qid199971	did83891	1
qid199983	did55562	1
qid199989	did44538	1
qid200004	did24842	1
qid200015	did6208	1
qid200020	did19682	1
qid200025	did63020	1
qid200026	did2254	1
qid200027	did170	1
qid200046	did29247	1
qid200053	did18899	1
qid200062	did83910	1
qid200069	did81683	1
qid200081	did63000	1
qid200104	did6639	1
qid200110	did83921	1
qid200118	did83922	1
qid200121	did13945	1
qid200122	did22138	1
qid200148	did83927	1
qid200163	did14804	1
qid200166	did41681	1
qid200175	did2522	1
qid200182	did10839	1
qid200190	did83939	1
qid200196	did31457	1
qid200199	did6025	1
qid200202	did15745	1
qid200204	did36248	1
qid200217	did28047	1
qid200221	did83948	1
qid200229	did18056	1
qid200230	did33468	1
qid200246	did83953	1
qid200248	did3194	1
qid200269	did14333	1
qid200270	did1893	1
qid200310	did83967	1
qid200325	did83971	1
qid200347	did12603	1
qid200356	did16325	1
qid200391	did43868	1
qid200401	did51165	1
qid200419	did80823	1
qid200446	did12096	1
qid200457	did74181	1
qid200460	did34048	1
qid200464	did36228	1
qid200478	did47979	1
qid200481	did84007	1
qid200486	did7393	1
qid200497	did84010	1
qid200503	did45767	1
qid200506	did7275	1
qid200507	did17111	1
qid200531	did64058	1
qid200541	did15244	1
qid200542	did1471	1
qid200546	did84022	1
qid200555	did2493	1
qid200557	did40215	1
qid200579	did84028	1
qid200612	did84040	1
qid200616	did84042	1
qid200631	did84049	1
qid200635	did84050	1
qid200637	did14838	1
qid200639	did21910	1
qid200648	did84056	1
qid200675	did44738	1
qid200690	did3264	1
qid200715	did228	1
qid200729	did84076	1
qid200733	did5037	1
qid200735	did84079	1
qid200740	did5359	1
qid200774	did84087	1
qid200776	did2555	1
qid200777	did45780	1
qid200789	did7055	1
qid200791	did30237	1
qid200803	did50811	1
qid200824	did596	1
qid200838	did1958	1
qid200863	did759	1
qid200865	did84108	1
qid200866	did16580	1
qid200868	did579	1
qid200878	did84112	1
qid200882	did1692	1
qid200893	did318	1
qid200894	did42645	1
qid200900	did33146	1
qid200901	did84116	1
qid200944	did84124	1
qid200961	did2301	1
qid200978	did42251	1
qid200982	did6328	1
qid201016	did55419	1
qid201030	did14710	1
qid201035	did84145	1
qid201039	did84147	1
qid201047	did84152	1
qid201054	did53536	1
qid201089	did14319	1
qid201090	did12401	1
qid201098	did84162	1
qid201105	did4233	1
qid201119	did48608	1
qid201122	did84169	1
qid201132	did84172	1
qid201146	did1010	1
qid201164	did11934	1
qid201165	did30807	1
qid201182	did84185	1
qid201186	did40212	1
qid201211	did3275	1
qid201228	did6285	1
qid201237	did1467	1
qid201240	did84203	1
qid201262	did6173	1
qid201263	did2010	1
qid201269	did16902	1
qid201270	did59471	1
qid201305	did84224	1
qid201317	did15071	1
qid201318	did84226	1
qid201319	did27185	1
qid201322	did2214	1
qid201328	did5745	1
qid201334	did84231	1
qid201343	did22818	1
qid201372	did19258	1
qid201380	did681	1
qid201401	did84242	1
qid201405	did84244	1
qid201410	did44873	1
qid201412	did84245	1
qid201417	did84246	1
qid201425	did84250	1
qid201429	did84251	1
qid201487	did84264	1
qid201490	did24354	1
qid201492	did5295	1
qid201495	did45425	1
qid201508	did569	1
qid201509	did84271	1
qid201518	did32512	1
qid201524	did6096	1
qid201532	did84276	1
qid201533	did5983	1
qid201547	did27410	1
qid201548	did46783	1
qid201555	did12733	1
qid201562	did16317	1
qid201569	did79567	1
qid201570	did8649	1
qid201578	did17200	1
qid201579	did34811	1
qid201580	did17922	1
qid201583	did22198	1
qid201600	did34033	1
qid201605	did2648	1
qid201609	did46997	1
qid201652	did33181	1
qid201664	did84306	1
qid201679	did46057	1
qid201682	did371	1
qid201684	did6215	1
qid201716	did6579	1
qid201726	did13099	1
qid201734	did84316	1
qid201738	did22418	1
qid201775	did3141	1
qid201780	did84328	1
qid201788	did11537	1
qid201820	did1240	1
qid201826	did40746	1
qid201838	did3136	1
qid201841	did65762	1
qid201845	did10251	1
qid201857	did368	1
qid201863	did84346	1
qid201866	did36859	1
qid201875	did1521	1
qid201879	did13469	1
qid201894	did40041	1
qid201895	did84354	1
qid201905	did84360	1
qid201936	did33048	1
qid201955	did51234	1
qid201958	did84372	1
qid201959	did42141	1
qid201982	did2108	1
qid202005	did8269	1
qid202026	did8360	1
qid202041	did33827	1
qid202049	did2913	1
qid202066	did36546	1
qid202077	did84407	1
qid202082	did20350	1
qid202083	did24002	1
qid202085	did14597	1
qid202093	did467	1
qid202095	did84409	1
qid202100	did8287	1
qid202106	did3896	1
qid202138	did84417	1
qid202163	did84424	1
qid202166	did84426	1
qid202178	did84428	1
qid202181	did2760	1
qid202194	did24611	1
qid202198	did32674	1
qid202210	did17	1
qid202215	did74410	1
qid202226	did156	1
qid202228	did74376	1
qid202240	did9340	1
qid202258	did50146	1
qid202267	did52434	1
qid202271	did467	1
qid202274	did12333	1
qid202279	did84449	1
qid202281	did17608	1
qid202283	did8930	1
qid202291	did21779	1
qid202293	did596	1
qid202314	did63959	1
qid202315	did21870	1
qid202334	did4188	1
qid202351	did12463	1
qid202371	did18023	1
qid202377	did1898	1
qid202388	did9685	1
qid202424	did20381	1
qid202445	did20343	1
qid202446	did39068	1
qid202454	did16077	1
qid202477	did17189	1
qid202480	did16863	1
qid202490	did7200	1
qid202494	did432	1
qid202497	did84507	1
qid202502	did763	1
qid202522	did40944	1
qid202525	did84509	1
qid202532	did4626	1
qid202553	did84516	1
qid202558	did3805	1
qid202566	did2633	1
qid202577	did10611	1
qid202627	did66087	1
qid202637	did509	1
qid202642	did23397	1
qid202645	did3689	1
qid202670	did569	1
qid202680	did16109	1
qid202684	did10197	1
qid202694	did84563	1
qid202702	did13253	1
qid202704	did56940	1
qid202722	did21075	1
qid202725	did45079	1
qid202729	did84572	1
qid202760	did24330	1
qid202765	did5208	1
qid202768	did84584	1
qid202780	did84586	1
qid202788	did84587	1
qid202806	did84596	1
qid202819	did12179	1
qid202822	did7004	1
qid202829	did84601	1
qid202833	did84602	1
qid202835	did21335	1
qid202841	did806	1
qid202858	did37197	1
qid202881	did49506	1
qid202882	did2584	1
qid202900	did31571	1
qid202902	did8235	1
qid202924	did19731	1
qid202935	did10821	1
qid202960	did763	1
qid202966	did68485	1
qid202977	did37113	1
qid203000	did84637	1
qid203002	did35403	1
qid203016	did35181	1
qid203079	did5374	1
qid203080	did40414	1
qid203082	did8453	1
qid203083	did1672	1
qid203086	did84659	1
qid203089	did57321	1
qid203108	did11544	1
qid203125	did5347	1
qid203130	did38983	1
qid203141	did52777	1
qid203146	did30933	1
qid203154	did12844	1
qid203170	did76674	1
qid203171	did81223	1
qid203175	did84682	1
qid203183	did20007	1
qid203186	did8411	1
qid203187	did3811	1
qid203203	did681	1
qid203207	did17377	1
qid203225	did46043	1
qid203236	did30366	1
qid203238	did3787	1
qid203260	did69678	1
qid203261	did9919	1
qid203268	did9089	1
qid203284	did16018	1
qid203295	did21497	1
qid203301	did30653	1
qid203304	did148	1
qid203307	did15024	1
qid203331	did84724	1
qid203344	did55715	1
qid203345	did11359	1
qid203354	did8559	1
qid203355	did84728	1
qid203356	did26516	1
qid203390	did84736	1
qid203395	did1303	1
qid203424	did84742	1
qid203425	did84743	1
qid203467	did84757	1
qid203479	did3189	1
qid203486	did9807	1
qid203495	did15387	1
qid203500	did6344	1
qid203512	did5788	1
qid203520	did38115	1
qid203535	did18769	1
qid203542	did58381	1
qid203558	did84776	1
qid203597	did84784	1
qid203598	did84785	1
qid203605	did84787	1
qid203607	did13280	1
qid203631	did84793	1
qid203632	did84794	1
qid203638	did42094	1
qid203643	did6487	1
qid203651	did84800	1
qid203658	did8649	1
qid203664	did559	1
qid203665	did48835	1
qid203672	did25248	1
qid203680	did12117	1
qid203681	did10141	1
qid203689	did2616	1
qid203692	did12358	1
qid203697	did19665	1
qid203702	did84810	1
qid203720	did6944	1
qid203727	did20452	1
qid203747	did36184	1
qid203748	did84822	1
qid203754	did84824	1
qid203758	did1	1
qid203782	did24190	1
qid203814	did84837	1
qid203824	did2651	1
qid203825	did84838	1
qid203835	did43687	1
qid203851	did68455	1
qid203859	did76338	1
qid203881	did55867	1
qid203893	did745	1
qid203903	did84859	1
qid203909	did84861	1
qid203913	did84864	1
qid203918	did84865	1
qid203927	did84867	1
qid203933	did84869	1
qid203937	did9814	1
qid203951	did24326	1
qid203958	did60589	1
qid203960	did37413	1
qid203963	did58653	1
qid203969	did84879	1
qid203979	did84882	1
qid203988	did42254	1
qid204003	did59532	1
qid204021	did8052	1
qid204022	did39250	1
qid204056	did31024	1
qid204089	did84908	1
qid204090	did84909	1
qid204096	did76780	1
qid204121	did67618	1
qid204126	did84915	1
qid204135	did53791	1
qid204147	did49516	1
qid204157	did55181	1
qid204165	did5060	1
qid204167	did84926	1
qid204177	did77405	1
qid204181	did54991	1
qid204183	did32504	1
qid204204	did41859	1
qid204207	did40006	1
qid204208	did84938	1
qid204213	did84939	1
qid204215	did84940	1
qid204231	did15392	1
qid204232	did6684	1
qid204234	did40951	1
qid204242	did47721	1
qid204273	did61519	1
qid204274	did84952	1
qid204277	did81678	1
qid204286	did84955	1
qid204295	did84959	1
qid204313	did84964	1
qid204394	did20002	1
qid204409	did84979	1
qid204418	did551	1
qid204427	did84985	1
qid204428	did84986	1
qid204448	did40237	1
qid204452	did16118	1
qid204461	did62707	1
qid204473	did58095	1
qid204474	did19142	1
qid204476	did148	1
qid204490	did2140	1
qid204492	did325	1
qid204502	did18850	1
qid204507	did85010	1
qid204514	did2888	1
qid204538	did8971	1
qid204540	did85016	1
qid204544	did27472	1
qid204550	did6720	1
qid204554	did85021	1
qid204557	did26619	1
qid204562	did14444	1
qid204564	did85024	1
qid204573	did19366	1
qid204579	did1136	1
qid204590	did85028	1
qid204601	did58817	1
qid204605	did85030	1
qid204609	did48706	1
qid204625	did11346	1
qid204642	did4041	1
qid204659	did85044	1
qid204676	did61314	1
qid204681	did85053	1
qid204698	did85055	1
qid204699	did85056	1
qid204700	did1908	1
qid204725	did62024	1
qid204727	did37880	1
qid204733	did22	1
qid204747	did10337	1
qid204755	did22590	1
qid204765	did36400	1
qid204779	did493	1
qid204793	did12069	1
qid204801	did85080	1
qid204818	did16481	1
qid204834	did3849	1
qid204851	did8666	1
qid204854	did55394	1
qid204855	did58536	1
qid204859	did85094	1
qid204878	did85100	1
qid204886	did33778	1
qid204890	did24367	1
qid204906	did1678	1
qid204909	did4155	1
qid204915	did85107	1
qid204918	did85109	1
qid204922	did38158	1
qid204928	did81507	1
qid204965	did857	1
qid205009	did37640	1
qid205014	did54613	1
qid205017	did73775	1
qid205037	did26691	1
qid205101	did10193	1
qid205106	did15088	1
qid205116	did85159	1
qid205147	did17048	1
qid205169	did29460	1
qid205176	did85173	1
qid205205	did85179	1
qid205211	did58250	1
qid205212	did27207	1
qid205213	did85181	1
qid205229	did956	1
qid205234	did85188	1
qid205238	did85190	1
qid205264	did1142	1
qid205270	did60743	1
qid205276	did85196	1
qid205285	did26074	1
qid205290	did68878	1
qid205310	did37896	1
qid205312	did44027	1
qid205343	did24340	1
qid205345	did56073	1
qid205347	did15285	1
qid205349	did15077	1
qid205371	did26456	1
qid205378	did4282	1
qid205386	did24299	1
qid205388	did85220	1
qid205396	did85221	1
qid205419	did34826	1
qid205441	did85234	1
qid205442	did85235	1
qid205484	did30340	1
qid205504	did85252	1
qid205535	did7201	1
qid205548	did14173	1
qid205600	did19034	1
qid205602	did9474	1
qid205611	did85283	1
qid205628	did85291	1
qid205650	did73824	1
qid205652	did20410	1
qid205657	did67160	1
qid205665	did54	1
qid205679	did10717	1
qid205693	did85314	1
qid205701	did22729	1
qid205709	did68731	1
qid205711	did23464	1
qid205720	did36485	1
qid205725	did1305	1
qid205728	did3128	1
qid205740	did13452	1
qid205742	did18879	1
qid205773	did21679	1
qid205780	did5252	1
qid205790	did19945	1
qid205793	did7044	1
qid205800	did69066	1
qid205808	did24274	1
qid205825	did53025	1
qid205830	did61163	1
qid205853	did61982	1
qid205878	did85365	1
qid205889	did85370	1
qid205903	did11772	1
qid205904	did85373	1
qid205905	did368	1
qid205906	did52391	1
qid205910	did9743	1
qid205940	did73587	1
qid205951	did20338	1
qid205958	did39000	1
qid205977	did40308	1
qid205978	did319	1
qid205986	did65346	1
qid205991	did3082	1
qid206002	did85401	1
qid206011	did2638	1
qid206019	did6924	1
qid206020	did9000	1
qid206023	did37171	1
qid206028	did4681	1
qid206046	did85409	1
qid206052	did28028	1
qid206055	did14187	1
qid206060	did29127	1
qid206064	did37703	1
qid206070	did65175	1
qid206083	did35734	1
qid206091	did30681	1
qid206099	did40866	1
qid206106	did85423	1
qid206108	did41142	1
qid206128	did43115	1
qid206138	did85436	1
qid206139	did85437	1
qid206149	did3790	1
qid206172	did25149	1
qid206199	did5877	1
qid206205	did36093	1
qid206211	did7333	1
qid206217	did17528	1
qid206219	did85462	1
qid206224	did21438	1
qid206227	did85466	1
qid206244	did85473	1
qid206255	did20773	1
qid206257	did85475	1
qid206261	did928	1
qid206289	did4021	1
qid206297	did15065	1
qid206303	did18260	1
qid206313	did5670	1
qid206315	did25607	1
qid206320	did26388	1
qid206325	did85490	1
qid206326	did85491	1
qid206329	did11065	1
qid206346	did43503	1
qid206356	did34793	1
qid206357	did57274	1
qid206370	did29726	1
qid206401	did85505	1
qid206451	did85519	1
qid206461	did22282	1
qid206474	did2084	1
qid206485	did85529	1
qid206493	did85534	1
qid206498	did1202	1
qid206507	did891	1
qid206520	did4631	1
qid206525	did10827	1
qid206528	did24700	1
qid206537	did35816	1
qid206563	did85549	1
qid206576	did28025	1
qid206588	did18123	1
qid206613	did37777	1
qid206617	did82563	1
qid206635	did53725	1
qid206671	did34312	1
qid206677	did32587	1
qid206686	did31770	1
qid206697	did1898	1
qid206702	did85588	1
qid206704	did9071	1
qid206711	did85590	1
qid206713	did44095	1
qid206722	did66115	1
qid206724	did69888	1
qid206736	did16001	1
qid206746	did21718	1
qid206749	did85602	1
qid206760	did35068	1
qid206798	did85611	1
qid206799	did24047	1
qid206800	did85612	1
qid206804	did6798	1
qid206819	did39348	1
qid206833	did20283	1
qid206842	did28797	1
qid206848	did16654	1
qid206849	did10688	1
qid206860	did13223	1
qid206870	did85630	1
qid206879	did22851	1
qid206902	did33557	1
qid206903	did85640	1
qid206905	did14901	1
qid206906	did14338	1
qid206918	did21549	1
qid206923	did60204	1
qid206942	did85650	1
qid206943	did36043	1
qid206945	did85651	1
qid206948	did8067	1
qid206957	did7686	1
qid206990	did85663	1
qid206991	did16565	1
qid206992	did38565	1
qid206994	did14922	1
qid207002	did6091	1
qid207003	did85665	1
qid207012	did85669	1
qid207030	did17056	1
qid207041	did82507	1
qid207047	did984	1
qid207086	did30631	1
qid207119	did49435	1
qid207129	did3608	1
qid207133	did5048	1
qid207182	did10276	1
qid207183	did85708	1
qid207184	did66097	1
qid207193	did1958	1
qid207205	did85713	1
qid207218	did85719	1
qid207224	did19632	1
qid207230	did22364	1
qid207242	did85725	1
qid207264	did16178	1
qid207271	did14550	1
qid207277	did51681	1
qid207279	did6096	1
qid207294	did1781	1
qid207302	did30103	1
qid207305	did10337	1
qid207310	did7189	1
qid207318	did65325	1
qid207325	did85744	1
qid207330	did27109	1
qid207332	did85745	1
qid207334	did85746	1
qid207339	did32235	1
qid207366	did21913	1
qid207389	did6506	1
qid207418	did1581	1
qid207420	did57107	1
qid207425	did85766	1
qid207434	did41678	1
qid207480	did11534	1
qid207497	did3323	1
qid207513	did61982	1
qid207523	did85791	1
qid207546	did85796	1
qid207564	did7377	1
qid207571	did38368	1
qid207582	did34741	1
qid207592	did85814	1
qid207598	did3981	1
qid207612	did73555	1
qid207624	did23787	1
qid207634	did85825	1
qid207641	did17318	1
qid207644	did20761	1
qid207668	did4919	1
qid207678	did30448	1
qid207688	did85837	1
qid207713	did12428	1
qid207728	did79516	1
qid207729	did14632	1
qid207735	did37175	1
qid207740	did9194	1
qid207741	did27456	1
qid207752	did838	1
qid207756	did4695	1
qid207790	did7658	1
qid207830	did85867	1
qid207833	did65326	1
qid207834	did4820	1
qid207841	did30105	1
qid207849	did32108	1
qid207867	did48734	1
qid207877	did28786	1
qid207878	did11498	1
qid207881	did85877	1
qid207911	did1842	1
qid207919	did81383	1
qid207927	did6721	1
qid207928	did48194	1
qid207947	did81801	1
qid207958	did14893	1
qid207966	did85894	1
qid207972	did32545	1
qid207981	did19791	1
qid207990	did8287	1
qid208006	did12172	1
qid208012	did85911	1
qid208013	did3108	1
qid208020	did4445	1
qid208035	did24085	1
qid208059	did17056	1
qid208061	did10449	1
qid208073	did65215	1
qid208076	did85934	1
qid208077	did85935	1
qid208081	did85936	1
qid208109	did85947	1
qid208110	did25015	1
qid208112	did85948	1
qid208129	did85189	1
qid208133	did85955	1
qid208136	did50221	1
qid208141	did34888	1
qid208165	did85964	1
qid208168	did11996	1
qid208180	did12318	1
qid208182	did73483	1
qid208187	did54895	1
qid208189	did1413	1
qid208194	did84923	1
qid208196	did33679	1
qid208202	did31863	1
qid208209	did19788	1
qid208219	did44332	1
qid208220	did85978	1
qid208223	did1142	1
qid208232	did85982	1
qid208236	did85984	1
qid208239	did961	1
qid208260	did20180	1
qid208262	did85997	1
qid208266	did19078	1
qid208269	did86000	1
qid208286	did9373	1
qid208290	did16366	1
qid208292	did12129	1
qid208297	did6126	1
qid208298	did86005	1
qid208300	did6075	1
qid208331	did31680	1
qid208352	did86019	1
qid208356	did59892	1
qid208371	did2500	1
qid208385	did4445	1
qid208400	did10213	1
qid208405	did19972	1
qid208419	did25966	1
qid208420	did50080	1
qid208438	did2708	1
qid208445	did19810	1
qid208450	did86042	1
qid208453	did43364	1
qid208460	did86044	1
qid208462	did703	1
qid208478	did8111	1
qid208488	did22170	1
qid208500	did70732	1
qid208530	did7096	1
qid208542	did20537	1
qid208550	did17205	1
qid208553	did41	1
qid208563	did16149	1
qid208589	did86073	1
qid208607	did24578	1
qid208608	did86081	1
qid208612	did86084	1
qid208613	did795	1
qid208615	did22696	1
qid208640	did4644	1
qid208674	did21724	1
qid208676	did65101	1
qid208678	did31006	1
qid208689	did26958	1
qid208704	did86107	1
qid208705	did2607	1
qid208708	did86109	1
qid208744	did82993	1
qid208748	did28318	1
qid208753	did86114	1
qid208764	did36632	1
qid208783	did3584	1
qid208788	did86123	1
qid208803	did67	1
qid208811	did8743	1
qid208834	did1469	1
qid208853	did1899	1
qid208856	did15617	1
qid208863	did7033	1
qid208872	did11170	1
qid208875	did27345	1
qid208880	did29040	1
qid208902	did17274	1
qid208908	did86150	1
qid208919	did12824	1
qid208926	did86156	1
qid208929	did4936	1
qid208932	did21938	1
qid208935	did41015	1
qid208940	did33609	1
qid208941	did6791	1
qid208970	did86169	1
qid208974	did16602	1
qid208995	did1237	1
qid209004	did9522	1
qid209016	did86183	1
qid209017	did85506	1
qid209031	did12463	1
qid209035	did7009	1
qid209039	did31755	1
qid209054	did34174	1
qid209081	did50749	1
qid209083	did64896	1
qid209117	did1451	1
qid209118	did86203	1
qid209122	did29652	1
qid209153	did86214	1
qid209160	did32118	1
qid209161	did86216	1
qid209181	did25035	1
qid209211	did86231	1
qid209219	did86234	1
qid209243	did35876	1
qid209246	did49327	1
qid209249	did14290	1
qid209252	did27154	1
qid209265	did86248	1
qid209270	did8133	1
qid209310	did8269	1
qid209315	did20780	1
qid209317	did72154	1
qid209345	did51375	1
qid209346	did86274	1
qid209362	did18026	1
qid209372	did33449	1
qid209379	did37283	1
qid209381	did86285	1
qid209382	did2286	1
qid209389	did27784	1
qid209394	did36359	1
qid209405	did86292	1
qid209415	did65302	1
qid209434	did21272	1
qid209436	did20984	1
qid209447	did3475	1
qid209465	did2841	1
qid209466	did426	1
qid209470	did43277	1
qid209475	did38332	1
qid209497	did6455	1
qid209514	did86313	1
qid209515	did17454	1
qid209524	did1039	1
qid209529	did86316	1
qid209545	did20791	1
qid209552	did8164	1
qid209563	did72995	1
qid209591	did18577	1
qid209598	did86333	1
qid209611	did26175	1
qid209628	did49323	1
qid209634	did5439	1
qid209652	did86348	1
qid209667	did52288	1
qid209670	did16613	1
qid209685	did71239	1
qid209699	did21080	1
qid209717	did1889	1
qid209718	did2476	1
qid209727	did1958	1
qid209729	did17324	1
qid209742	did86373	1
qid209745	did52618	1
qid209748	did86375	1
qid209754	did27917	1
qid209764	did40623	1
qid209776	did9430	1
qid209793	did75172	1
qid209803	did2061	1
qid209805	did3960	1
qid209849	did86399	1
qid209873	did57969	1
qid209879	did723	1
qid209887	did86406	1
qid209902	did86411	1
qid209910	did3348	1
qid209911	did466	1
qid209915	did86413	1
qid209917	did11141	1
qid209923	did12920	1
qid209926	did2842	1
qid209940	did43702	1
qid209945	did27864	1
qid209953	did73163	1
qid209958	did17147	1
qid209960	did67170	1
qid209961	did16663	1
qid209977	did12569	1
qid210031	did20816	1
qid210033	did965	1
qid210036	did74757	1
qid210040	did16654	1
qid210049	did66392	1
qid210070	did86443	1
qid210072	did32219	1
qid210073	did10055	1
qid210085	did86448	1
qid210087	did11509	1
qid210099	did24605	1
qid210115	did5988	1
qid210118	did16504	1
qid210133	did86461	1
qid210143	did49220	1
qid210151	did19962	1
qid210154	did21498	1
qid210156	did6470	1
qid210167	did86473	1
qid210169	did4545	1
qid210171	did86475	1
qid210207	did86487	1
qid210225	did15556	1
qid210226	did15353	1
qid210241	did86497	1
qid210247	did59295	1
qid210256	did148	1
qid210262	did25101	1
qid210263	did10580	1
qid210282	did16590	1
qid210337	did26661	1
qid210372	did86524	1
qid210375	did8873	1
qid210387	did27780	1
qid210409	did10779	1
qid210413	did86530	1
qid210415	did26399	1
qid210416	did8800	1
qid210418	did86532	1
qid210427	did1360	1
qid210428	did50964	1
qid210429	did21878	1
qid210431	did86538	1
qid210441	did68064	1
qid210445	did3506	1
qid210457	did86542	1
qid210462	did7685	1
qid210475	did14187	1
qid210476	did11349	1
qid210485	did17844	1
qid210499	did14560	1
qid210516	did3428	1
qid210527	did48898	1
qid210529	did4565	1
qid210543	did17288	1
qid210545	did75215	1
qid210562	did86572	1
qid210563	did10783	1
qid210566	did86574	1
qid210571	did12168	1
qid210573	did29817	1
qid210579	did64478	1
qid210604	did37717	1
qid210617	did12196	1
qid210625	did32112	1
qid210653	did57912	1
qid210671	did1223	1
qid210674	did86599	1
qid210675	did40781	1
qid210677	did86600	1
qid210693	did6798	1
qid210696	did86605	1
qid210701	did20986	1
qid210703	did3981	1
qid210710	did86609	1
qid210733	did961	1
qid210738	did45	1
qid210739	did14107	1
qid210742	did86616	1
qid210762	did11813	1
qid210764	did20254	1
qid210777	did10527	1
qid210778	did86627	1
qid210820	did62068	1
qid210836	did65950	1
qid210849	did86643	1
qid210865	did86647	1
qid210867	did86649	1
qid210872	did54183	1
qid210882	did49950	1
qid210894	did4545	1
qid210895	did81267	1
qid210898	did36116	1
qid210904	did50710	1
qid210912	did27907	1
qid210915	did7882	1
qid210916	did86662	1
qid210927	did75265	1
qid210969	did65321	1
qid210978	did44097	1
qid210994	did31840	1
qid211012	did1384	1
qid211036	did28283	1
qid211039	did55851	1
qid211040	did60234	1
qid211047	did17844	1
qid211050	did30125	1
qid211053	did86695	1
qid211070	did50152	1
qid211071	did35181	1
qid211080	did50940	1
qid211116	did554	1
qid211129	did13405	1
qid211133	did20417	1
qid211135	did5264	1
qid211157	did1360	1
qid211169	did10108	1
qid211178	did24326	1
qid211194	did4410	1
qid211196	did86730	1
qid211221	did2034	1
qid211229	did23585	1
qid211247	did35456	1
qid211251	did45102	1
qid211253	did4512	1
qid211256	did5959	1
qid211274	did72924	1
qid211277	did1167	1
qid211284	did2328	1
qid211297	did86746	1
qid211309	did33133	1
qid211318	did86750	1
qid211334	did5999	1
qid211339	did64546	1
qid211340	did49637	1
qid211342	did74361	1
qid211344	did8222	1
qid211352	did86760	1
qid211367	did6051	1
qid211370	did1341	1
qid211373	did21826	1
qid211375	did86767	1
qid211393	did86770	1
qid211400	did86774	1
qid211405	did86775	1
qid211408	did60527	1
qid211415	did86779	1
qid211416	did86780	1
qid211420	did86782	1
qid211423	did1087	1
qid211452	did31930	1
qid211461	did3103	1
qid211473	did86793	1
qid211482	did6375	1
qid211484	did3786	1
qid211494	did86797	1
qid211495	did86798	1
qid211519	did16093	1
qid211537	did48237	1
qid211557	did26819	1
qid211564	did16500	1
qid211580	did17761	1
qid211589	did6401	1
qid211615	did9139	1
qid211618	did55719	1
qid211627	did86598	1
qid211645	did36454	1
qid211663	did16021	1
qid211681	did86832	1
qid211685	did420	1
qid211708	did6415	1
qid211709	did8065	1
qid211742	did33419	1
qid211752	did35816	1
qid211753	did78720	1
qid211756	did86849	1
qid211765	did70203	1
qid211770	did4468	1
qid211783	did34481	1
qid211802	did702	1
qid211813	did45616	1
qid211819	did9719	1
qid211822	did75586	1
qid211823	did51840	1
qid211829	did69074	1
qid211841	did21144	1
qid211849	did86870	1
qid211859	did7557	1
qid211880	did24190	1
qid211913	did52564	1
qid211920	did86890	1
qid211921	did6704	1
qid211926	did34033	1
qid211935	did83044	1
qid211957	did86900	1
qid211971	did40829	1
qid211991	did5264	1
qid211995	did86911	1
qid212027	did14194	1
qid212043	did14780	1
qid212069	did35664	1
qid212082	did16406	1
qid212086	did86937	1
qid212089	did7607	1
qid212099	did22725	1
qid212122	did42631	1
qid212127	did86946	1
qid212138	did40012	1
qid212157	did1987	1
qid212166	did86957	1
qid212168	did86958	1
qid212189	did81359	1
qid212191	did18570	1
qid212192	did7681	1
qid212218	did86972	1
qid212222	did10906	1
qid212229	did86978	1
qid212231	did7586	1
qid212264	did86984	1
qid212332	did4188	1
qid212335	did34740	1
qid212344	did31108	1
qid212355	did7479	1
qid212368	did75527	1
qid212402	did10836	1
qid212435	did2691	1
qid212438	did18419	1
qid212439	did82860	1
qid212453	did2925	1
qid212455	did17311	1
qid212471	did9616	1
qid212478	did87032	1
qid212490	did23477	1
qid212491	did87038	1
qid212492	did87039	1
qid212493	did7218	1
qid212494	did87040	1
qid212511	did14399	1
qid212530	did73995	1
qid212531	did67203	1
qid212541	did15871	1
qid212590	did6294	1
qid212606	did87065	1
qid212609	did46622	1
qid212610	did7185	1
qid212611	did87068	1
qid212613	did87070	1
qid212635	did5951	1
qid212648	did83811	1
qid212660	did87080	1
qid212663	did87081	1
qid212671	did11235	1
qid212674	did1392	1
qid212684	did87085	1
qid212692	did87088	1
qid212699	did5144	1
qid212705	did87093	1
qid212711	did596	1
qid212714	did8816	1
qid212726	did6471	1
qid212732	did7696	1
qid212743	did74098	1
qid212748	did6449	1
qid212761	did12945	1
qid212767	did19846	1
qid212769	did16347	1
qid212777	did87108	1
qid212796	did57576	1
qid212798	did16437	1
qid212804	did73154	1
qid212812	did9262	1
qid212825	did87114	1
qid212827	did554	1
qid212833	did65608	1
qid212835	did87119	1
qid212837	did87120	1
qid212846	did34294	1
qid212851	did78019	1
qid212864	did65961	1
qid212879	did82333	1
qid212929	did10290	1
qid212944	did87138	1
qid212957	did20046	1
qid212964	did1506	1
qid212965	did15693	1
qid212996	did87149	1
qid212997	did87150	1
qid212999	did1987	1
qid213004	did52547	1
qid213007	did13081	1
qid213019	did12455	1
qid213020	did17911	1
qid213034	did65412	1
qid213035	did563	1
qid213036	did7495	1
qid213046	did40452	1
qid213068	did37385	1
qid213082	did23304	1
qid213091	did87171	1
qid213106	did48790	1
qid213107	did45577	1
qid213130	did87178	1
qid213145	did634	1
qid213163	did87187	1
qid213167	did5067	1
qid213192	did70161	1
qid213195	did30964	1
qid213197	did61132	1
qid213214	did45659	1
qid213215	did21578	1
qid213218	did63221	1
qid213220	did87201	1
qid213221	did48443	1
qid213223	did39739	1
qid213234	did49597	1
qid213242	did10670	1
qid213265	did87214	1
qid213268	did26450	1
qid213272	did8520	1
qid213290	did17057	1
qid213299	did87223	1
qid213310	did30726	1
qid213312	did29680	1
qid213324	did87229	1
qid213352	did87239	1
qid213355	did87241	1
qid213371	did11131	1
qid213374	did87249	1
qid213389	did87253	1
qid213400	did87256	1
qid213406	did87258	1
qid213418	did9519	1
qid213432	did81106	1
qid213445	did87268	1
qid213452	did37434	1
qid213462	did6692	1
qid213495	did8621	1
qid213510	did25498	1
qid213513	did28632	1
qid213518	did2663	1
qid213526	did60028	1
qid213529	did87288	1
qid213552	did11834	1
qid213568	did371	1
qid213569	did19407	1
qid213593	did38506	1
qid213599	did6664	1
qid213606	did59218	1
qid213607	did5823	1
qid213610	did2454	1
qid213613	did45209	1
qid213614	did87315	1
qid213626	did8071	1
qid213629	did41162	1
qid213630	did6729	1
qid213634	did20984	1
qid213639	did37141	1
qid213640	did79746	1
qid213641	did39915	1
qid213657	did87326	1
qid213689	did30779	1
qid213691	did18750	1
qid213692	did87331	1
qid213701	did31176	1
qid213702	did84159	1
qid213721	did5529	1
qid213723	did21057	1
qid213739	did5943	1
qid213741	did10895	1
qid213760	did87344	1
qid213781	did72215	1
qid213784	did87355	1
qid213801	did13462	1
qid213808	did87365	1
qid213819	did59391	1
qid213822	did87372	1
qid213839	did2669	1
qid213849	did24023	1
qid213857	did87386	1
qid213863	did11223	1
qid213893	did33088	1
qid213897	did6042	1
qid213899	did1063	1
qid213902	did24990	1
qid213912	did87397	1
qid213928	did87404	1
qid213943	did67711	1
qid213965	did87416	1
qid213968	did3042	1
qid213980	did554	1
qid213988	did51590	1
qid213989	did5458	1
qid213990	did4521	1
qid213999	did87425	1
qid214011	did38669	1
qid214013	did52058	1
qid214018	did87431	1
qid214064	did87447	1
qid214075	did15078	1
qid214080	did34735	1
qid214083	did42814	1
qid214091	did64558	1
qid214119	did34359	1
qid214125	did22943	1
qid214135	did28153	1
qid214136	did87465	1
qid214143	did40849	1
qid214148	did1341	1
qid214162	did1413	1
qid214163	did6819	1
qid214167	did1980	1
qid214170	did22399	1
qid214175	did70774	1
qid214200	did31839	1
qid214202	did87479	1
qid214215	did16411	1
qid214220	did87482	1
qid214230	did2923	1
qid214234	did9361	1
qid214235	did87488	1
qid214265	did19149	1
qid214267	did48435	1
qid214270	did59608	1
qid214310	did36970	1
qid214346	did87512	1
qid214352	did87513	1
qid214353	did29568	1
qid214360	did87514	1
qid214367	did10514	1
qid214369	did79096	1
qid214409	did87530	1
qid214413	did25935	1
qid214419	did18393	1
qid214430	did87535	1
qid214434	did33379	1
qid214435	did84484	1
qid214449	did5122	1
qid214453	did27662	1
qid214459	did16921	1
qid214460	did87546	1
qid214465	did32299	1
qid214466	did630	1
qid214468	did3047	1
qid214478	did1331	1
qid214479	did78872	1
qid214494	did87560	1
qid214512	did87565	1
qid214536	did47073	1
qid214550	did45212	1
qid214577	did19874	1
qid214583	did13277	1
qid214588	did87582	1
qid214593	did87585	1
qid214607	did54920	1
qid214615	did32029	1
qid214624	did15431	1
qid214628	did13735	1
qid214631	did22572	1
qid214640	did4750	1
qid214642	did35797	1
qid214643	did80161	1
qid214655	did702	1
qid214656	did24722	1
qid214669	did12075	1
qid214674	did12069	1
qid214684	did71430	1
qid214688	did87600	1
qid214690	did22572	1
qid214695	did87602	1
qid214699	did87604	1
qid214713	did55893	1
qid214714	did72376	1
qid214719	did37035	1
qid214726	did54893	1
qid214732	did28510	1
qid214735	did31901	1
qid214745	did87617	1
qid214746	did657	1
qid214749	did15875	1
qid214750	did21141	1
qid214766	did43887	1
qid214793	did87627	1
qid214796	did24469	1
qid214797	did33236	1
qid214815	did87632	1
qid214817	did70998	1
qid214820	did16750	1
qid214836	did22708	1
qid214837	did28947	1
qid214838	did26156	1
qid214857	did42777	1
qid214858	did12891	1
qid214859	did87640	1
qid214873	did8932	1
qid214895	did87658	1
qid214915	did67071	1
qid214926	did6917	1
qid214931	did87668	1
qid214935	did31599	1
qid214941	did389	1
qid214942	did87670	1
qid214945	did87672	1
qid214960	did4862	1
qid214971	did9879	1
qid215010	did87688	1
qid215012	did2533	1
qid215013	did75655	1
qid215024	did40844	1
qid215026	did25551	1
qid215042	did3932	1
qid215055	did19003	1
qid215057	did31756	1
qid215076	did6579	1
qid215079	did7467	1
qid215082	did31503	1
qid215089	did4308	1
qid215092	did87701	1
qid215096	did7647	1
qid215102	did10064	1
qid215105	did20356	1
qid215108	did49332	1
qid215123	did7632	1
qid215124	did21247	1
qid215158	did9837	1
qid215166	did8568	1
qid215169	did4656	1
qid215171	did624	1
qid215182	did23537	1
qid215188	did5196	1
qid215202	did17642	1
qid215210	did14281	1
qid215246	did15071	1
qid215251	did631	1
qid215258	did15691	1
qid215274	did3661	1
qid215279	did87741	1
qid215281	did31	1
qid215318	did30361	1
qid215321	did19435	1
qid215324	did37185	1
qid215325	did6362	1
qid215332	did87751	1
qid215343	did82475	1
qid215352	did37687	1
qid215356	did87755	1
qid215358	did49585	1
qid215404	did55851	1
qid215415	did44404	1
qid215420	did8165	1
qid215427	did27274	1
qid215431	did2959	1
qid215449	did702	1
qid215485	did14823	1
qid215509	did9539	1
qid215526	did37667	1
qid215545	did87797	1
qid215560	did87802	1
qid215569	did29249	1
qid215576	did87806	1
qid215587	did310	1
qid215617	did37814	1
qid215627	did41377	1
qid215678	did10468	1
qid215687	did5488	1
qid215690	did87833	1
qid215701	did62078	1
qid215702	did87835	1
qid215716	did51870	1
qid215722	did14010	1
qid215737	did4415	1
qid215741	did56721	1
qid215742	did87845	1
qid215743	did41948	1
qid215747	did87846	1
qid215749	did7534	1
qid215763	did2593	1
qid215779	did55378	1
qid215780	did2865	1
qid215818	did87865	1
qid215829	did87868	1
qid215861	did5793	1
qid215871	did1738	1
qid215872	did15987	1
qid215889	did3377	1
qid215891	did36702	1
qid215938	did46478	1
qid215949	did3315	1
qid215975	did12672	1
qid215996	did87903	1
qid216016	did35050	1
qid216021	did57116	1
qid216041	did15353	1
qid216052	did87917	1
qid216069	did87926	1
qid216077	did1917	1
qid216091	did60756	1
qid216101	did15015	1
qid216106	did13815	1
qid216115	did13133	1
qid216134	did1679	1
qid216154	did13677	1
qid216158	did87945	1
qid216172	did9120	1
qid216205	did2177	1
qid216214	did55801	1
qid216217	did87952	1
qid216246	did87960	1
qid216252	did87963	1
qid216255	did20299	1
qid216275	did56513	1
qid216279	did87970	1
qid216285	did2766	1
qid216296	did1672	1
qid216308	did25283	1
qid216309	did20839	1
qid216390	did10690	1
qid216395	did1462	1
qid216397	did7199	1
qid216422	did2864	1
qid216432	did2923	1
qid216436	did37884	1
qid216515	did15432	1
qid216516	did51936	1
qid216531	did80922	1
qid216538	did88023	1
qid216554	did88027	1
qid216558	did10128	1
qid216572	did34179	1
qid216580	did12792	1
qid216614	did7537	1
qid216618	did88044	1
qid216623	did25591	1
qid216625	did8045	1
qid216628	did17729	1
qid216632	did39061	1
qid216641	did88049	1
qid216652	did79939	1
qid216655	did29032	1
qid216675	did48378	1
qid216677	did18279	1
qid216688	did6038	1
qid216695	did88063	1
qid216696	did88064	1
qid216699	did69493	1
qid216709	did33144	1
qid216710	did27696	1
qid216712	did23569	1
qid216722	did3862	1
qid216723	did88071	1
qid216742	did14187	1
qid216758	did8510	1
qid216761	did23355	1
qid216766	did88083	1
qid216774	did6228	1
qid216777	did27904	1
qid216815	did88095	1
qid216818	did17209	1
qid216831	did707	1
qid216834	did88102	1
qid216851	did11160	1
qid216859	did4298	1
qid216878	did3404	1
qid216880	did26929	1
qid216898	did71968	1
qid216901	did9317	1
qid216913	did55583	1
qid216935	did770	1
qid216945	did60484	1
qid216950	did2857	1
qid216960	did1783	1
qid216987	did1582	1
qid216996	did88135	1
qid217016	did61922	1
qid217019	did75833	1
qid217024	did17615	1
qid217037	did16367	1
qid217050	did55109	1
qid217067	did901	1
qid217072	did16301	1
qid217075	did84921	1
qid217091	did290	1
qid217096	did88153	1
qid217099	did70424	1
qid217100	did43384	1
qid217111	did29311	1
qid217119	did88156	1
qid217125	did88158	1
qid217127	did88159	1
qid217152	did7713	1
qid217176	did25770	1
qid217180	did88174	1
qid217192	did19983	1
qid217196	did19659	1
qid217200	did14160	1
qid217207	did5814	1
qid217208	did88178	1
qid217213	did44417	1
qid217228	did88184	1
qid217243	did11977	1
qid217248	did88192	1
qid217256	did88195	1
qid217267	did88198	1
qid217274	did63786	1
qid217323	did88213	1
qid217325	did12410	1
qid217332	did7670	1
qid217336	did70492	1
qid217339	did13036	1
qid217355	did88220	1
qid217371	did88227	1
qid217381	did88232	1
qid217393	did7799	1
qid217399	did2813	1
qid217404	did23999	1
qid217415	did88242	1
qid217419	did63675	1
qid217434	did80184	1
qid217440	did21330	1
qid217442	did50892	1
qid217451	did37	1
qid217455	did1504	1
qid217462	did88254	1
qid217467	did29335	1
qid217469	did63046	1
qid217470	did5409	1
qid217482	did9517	1
qid217483	did38788	1
qid217487	did2300	1
qid217496	did88261	1
qid217528	did4400	1
qid217554	did36958	1
qid217567	did21829	1
qid217570	did7572	1
qid217573	did8506	1
qid217574	did88275	1
qid217577	did88278	1
qid217590	did88281	1
qid217601	did19187	1
qid217602	did88285	1
qid217609	did18167	1
qid217622	did43202	1
qid217643	did88293	1
qid217653	did6843	1
qid217664	did49449	1
qid217669	did41921	1
qid217676	did26613	1
qid217686	did88303	1
qid217692	did75384	1
qid217697	did7158	1
qid217703	did14355	1
qid217704	did9859	1
qid217706	did88307	1
qid217711	did11907	1
qid217719	did2091	1
qid217739	did7528	1
qid217743	did88318	1
qid217749	did88320	1
qid217757	did6641	1
qid217759	did31624	1
qid217762	did1142	1
qid217765	did43973	1
qid217773	did13876	1
qid217787	did88327	1
qid217793	did88330	1
qid217801	did24369	1
qid217812	did12950	1
qid217813	did66237	1
qid217838	did15904	1
qid217843	did24628	1
qid217845	did88341	1
qid217855	did354	1
qid217864	did88347	1
qid217874	did1809	1
qid217877	did46316	1
qid217909	did34470	1
qid217913	did70650	1
qid217923	did70428	1
qid217929	did38735	1
qid217934	did88359	1
qid217943	did28861	1
qid217967	did88365	1
qid217979	did6049	1
qid217987	did88369	1
qid217991	did88371	1
qid217992	did88372	1
qid218018	did1809	1
qid218035	did35507	1
qid218043	did88387	1
qid218047	did88388	1
qid218050	did46096	1
qid218060	did11867	1
qid218100	did41864	1
qid218107	did2881	1
qid218113	did16533	1
qid218114	did9734	1
qid218116	did7151	1
qid218134	did46093	1
qid218145	did1541	1
qid218151	did5829	1
qid218157	did88416	1
qid218178	did88420	1
qid218184	did58035	1
qid218187	did48895	1
qid218205	did77763	1
qid218206	did59250	1
qid218213	did13512	1
qid218215	did34480	1
qid218220	did25313	1
qid218273	did88438	1
qid218299	did12792	1
qid218311	did88451	1
qid218316	did88454	1
qid218318	did45779	1
qid218325	did14441	1
qid218332	did634	1
qid218339	did1311	1
qid218342	did68185	1
qid218344	did16043	1
qid218354	did3959	1
qid218359	did50940	1
qid218364	did8248	1
qid218375	did3115	1
qid218381	did88473	1
qid218388	did88477	1
qid218391	did1627	1
qid218396	did43069	1
qid218449	did23389	1
qid218453	did46277	1
qid218455	did5286	1
qid218470	did20090	1
qid218490	did24790	1
qid218532	did7923	1
qid218549	did18394	1
qid218559	did18969	1
qid218568	did18686	1
qid218569	did41544	1
qid218570	did47302	1
qid218582	did88536	1
qid218594	did4829	1
qid218597	did88539	1
qid218598	did88540	1
qid218599	did42835	1
qid218602	did37195	1
qid218629	did64027	1
qid218645	did31424	1
qid218652	did41282	1
qid218653	did3664	1
qid218673	did41186	1
qid218686	did88557	1
qid218689	did2600	1
qid218694	did88559	1
qid218699	did21144	1
qid218710	did9127	1
qid218723	did3991	1
qid218736	did6096	1
qid218740	did19513	1
qid218742	did7666	1
qid218747	did2328	1
qid218760	did28134	1
qid218763	did43201	1
qid218769	did5816	1
qid218781	did49410	1
qid218799	did88594	1
qid218803	did88596	1
qid218805	did3181	1
qid218837	did573	1
qid218845	did7212	1
qid218852	did14691	1
qid218858	did88611	1
qid218886	did88619	1
qid218893	did6829	1
qid218906	did3699	1
qid218910	did5949	1
qid218937	did88636	1
qid218939	did48612	1
qid218940	did27751	1
qid218949	did88637	1
qid218953	did34101	1
qid218965	did20338	1
qid218982	did27661	1
qid219005	did19731	1
qid219022	did4395	1
qid219035	did70028	1
qid219040	did12893	1
qid219050	did5512	1
qid219058	did13252	1
qid219080	did87340	1
qid219097	did88663	1
qid219103	did2951	1
qid219115	did2331	1
qid219135	did34521	1
qid219142	did21736	1
qid219151	did72555	1
qid219167	did88679	1
qid219177	did66570	1
qid219179	did45310	1
qid219188	did69168	1
qid219200	did37897	1
qid219214	did1422	1
qid219215	did44999	1
qid219225	did1894	1
qid219246	did88698	1
qid219256	did16743	1
qid219269	did19475	1
qid219270	did17488	1
qid219271	did22274	1
qid219291	did37808	1
qid219294	did4152	1
qid219302	did17199	1
qid219318	did21807	1
qid219330	did180	1
qid219334	did75682	1
qid219343	did117	1
qid219347	did34549	1
qid219356	did88712	1
qid219358	did1828	1
qid219377	did53277	1
qid219390	did15107	1
qid219395	did88719	1
qid219401	did88721	1
qid219428	did25850	1
qid219434	did27662	1
qid219462	did88738	1
qid219463	did88739	1
qid219464	did14271	1
qid219468	did17355	1
qid219469	did4293	1
qid219472	did429	1
qid219478	did88743	1
qid219504	did35721	1
qid219515	did9183	1
qid219535	did1085	1
qid219552	did31666	1
qid219556	did2509	1
qid219570	did88758	1
qid219572	did88759	1
qid219578	did13078	1
qid219579	did88761	1
qid219586	did88764	1
qid219600	did60121	1
qid219616	did69429	1
qid219627	did3573	1
qid219639	did1678	1
qid219683	did17884	1
qid219687	did88793	1
qid219700	did29472	1
qid219715	did6659	1
qid219728	did16831	1
qid219731	did88806	1
qid219737	did8067	1
qid219738	did22993	1
qid219742	did20849	1
qid219763	did70925	1
qid219778	did46510	1
qid219785	did10796	1
qid219787	did4531	1
qid219790	did88817	1
qid219800	did23011	1
qid219803	did18375	1
qid219811	did42090	1
qid219814	did30029	1
qid219827	did8957	1
qid219837	did88829	1
qid219847	did47465	1
qid219854	did12836	1
qid219858	did14956	1
qid219861	did12175	1
qid219868	did88833	1
qid219883	did2348	1
qid219892	did12425	1
qid219902	did5650	1
qid219904	did88841	1
qid219924	did20231	1
qid219933	did31388	1
qid219937	did61806	1
qid219950	did88849	1
qid219977	did88852	1
qid219979	did23988	1
qid219993	did88856	1
qid220012	did41604	1
qid220024	did19585	1
qid220033	did88865	1
qid220057	did80450	1
qid220059	did1770	1
qid220060	did88871	1
qid220083	did4152	1
qid220087	did16449	1
qid220093	did79361	1
qid220119	did88882	1
qid220123	did20542	1
qid220132	did36468	1
qid220149	did4489	1
qid220156	did88890	1
qid220165	did36194	1
qid220168	did4556	1
qid220182	did4860	1
qid220193	did36158	1
qid220197	did88899	1
qid220210	did6652	1
qid220220	did11902	1
qid220238	did20182	1
qid220249	did88908	1
qid220260	did28786	1
qid220273	did34451	1
qid220285	did6036	1
qid220294	did67435	1
qid220306	did19784	1
qid220310	did27559	1
qid220324	did5888	1
qid220330	did18845	1
qid220331	did54963	1
qid220340	did1412	1
qid220368	did13185	1
qid220387	did88940	1
qid220402	did5182	1
qid220450	did10199	1
qid220461	did10888	1
qid220471	did51638	1
qid220482	did117	1
qid220489	did24068	1
qid220490	did88966	1
qid220499	did3814	1
qid220522	did43638	1
qid220525	did72547	1
qid220544	did5271	1
qid220562	did88981	1
qid220567	did87975	1
qid220583	did54784	1
qid220586	did55306	1
qid220602	did88990	1
qid220633	did7597	1
qid220667	did30721	1
qid220672	did89006	1
qid220673	did26652	1
qid220680	did2197	1
qid220688	did44712	1
qid220703	did1993	1
qid220704	did10339	1
qid220754	did10427	1
qid220774	did531	1
qid220779	did18071	1
qid220783	did89033	1
qid220787	did13804	1
qid220817	did4298	1
qid220827	did89048	1
qid220829	did65253	1
qid220841	did4734	1
qid220858	did15571	1
qid220869	did48098	1
qid220875	did76062	1
qid220881	did5324	1
qid220883	did33943	1
qid220899	did19574	1
qid220905	did89065	1
qid220906	did19073	1
qid220913	did13709	1
qid220927	did7944	1
qid220939	did1437	1
qid220952	did61601	1
qid220963	did20188	1
qid220970	did38876	1
qid220986	did1497	1
qid220995	did72136	1
qid220997	did12168	1
qid221007	did24822	1
qid221012	did5443	1
qid221019	did4723	1
qid221030	did20935	1
qid221032	did20001	1
qid221041	did89102	1
qid221045	did16264	1
qid221046	did51956	1
qid221052	did9007	1
qid221059	did10170	1
qid221067	did36041	1
qid221093	did4018	1
qid221121	did46965	1
qid221126	did5990	1
qid221150	did26902	1
qid221152	did6855	1
qid221154	did89125	1
qid221160	did12120	1
qid221162	did33701	1
qid221165	did10544	1
qid221177	did5760	1
qid221186	did4018	1
qid221189	did89135	1
qid221227	did21474	1
qid221231	did16888	1
qid221251	did54878	1
qid221270	did89153	1
qid221283	did15468	1
qid221290	did19195	1
qid221291	did89157	1
qid221292	did89158	1
qid221310	did29541	1
qid221363	did89174	1
qid221377	did1819	1
qid221381	did77921	1
qid221384	did24330	1
qid221385	did31338	1
qid221393	did12910	1
qid221403	did89187	1
qid221417	did89194	1
qid221439	did38058	1
qid221448	did88535	1
qid221462	did89208	1
qid221466	did2386	1
qid221475	did74148	1
qid221476	did89213	1
qid221500	did54247	1
qid221510	did359	1
qid221576	did551	1
qid221590	did1389	1
qid221591	did7761	1
qid221599	did75434	1
qid221604	did54139	1
qid221605	did89246	1
qid221620	did1687	1
qid221636	did23273	1
qid221658	did10355	1
qid221676	did15980	1
qid221686	did13325	1
qid221690	did89266	1
qid221694	did5347	1
qid221714	did89273	1
qid221717	did89274	1
qid221720	did89276	1
qid221722	did12384	1
qid221725	did34549	1
qid221733	did24201	1
qid221755	did3543	1
qid221760	did68081	1
qid221761	did5551	1
qid221762	did9950	1
qid221766	did89288	1
qid221767	did89289	1
qid221769	did44515	1
qid221783	did11575	1
qid221796	did14684	1
qid221807	did89293	1
qid221814	did43223	1
qid221823	did8278	1
qid221831	did44086	1
qid221833	did60202	1
qid221835	did22569	1
qid221845	did52416	1
qid221869	did50190	1
qid221893	did89310	1
qid221912	did34638	1
qid221929	did60268	1
qid221978	did51769	1
qid221981	did89327	1
qid221984	did11002	1
qid222036	did3337	1
qid222039	did1746	1
qid222044	did6924	1
qid222048	did67232	1
qid222049	did23526	1
qid222051	did3754	1
qid222064	did89350	1
qid222080	did89355	1
qid222082	did89356	1
qid222095	did21111	1
qid222098	did52274	1
qid222115	did89362	1
qid222119	did37279	1
qid222127	did62818	1
qid222128	did4716	1
qid222161	did89372	1
qid222172	did76476	1
qid222187	did14326	1
qid222190	did54391	1
qid222192	did5475	1
qid222210	did89384	1
qid222248	did2680	1
qid222253	did1055	1
qid222255	did89401	1
qid222262	did47597	1
qid222265	did89403	1
qid222275	did42609	1
qid222277	did72709	1
qid222327	did21938	1
qid222328	did50305	1
qid222334	did33932	1
qid222339	did26624	1
qid222343	did3515	1
qid222356	did17844	1
qid222360	did89422	1
qid222384	did19056	1
qid222389	did89430	1
qid222398	did89432	1
qid222407	did10366	1
qid222410	did45607	1
qid222413	did190	1
qid222426	did89439	1
qid222436	did52075	1
qid222437	did3006	1
qid222444	did89442	1
qid222452	did9327	1
qid222458	did1709	1
qid222468	did3651	1
qid222484	did89450	1
qid222486	did89452	1
qid222493	did89454	1
qid222503	did83919	1
qid222508	did1603	1
qid222511	did64857	1
qid222514	did2286	1
qid222525	did39711	1
qid222526	did35749	1
qid222542	did12226	1
qid222543	did5397	1
qid222552	did1770	1
qid222553	did3763	1
qid222559	did89468	1
qid222567	did34388	1
qid222576	did3165	1
qid222579	did34063	1
qid222584	did29944	1
qid222596	did89480	1
qid222599	did4059	1
qid222607	did5715	1
qid222618	did1898	1
qid222644	did89485	1
qid222649	did1142	1
qid222651	did89486	1
qid222654	did20357	1
qid222697	did2287	1
qid222706	did22157	1
qid222711	did11926	1
qid222717	did5462	1
qid222723	did89498	1
qid222725	did89499	1
qid222740	did27283	1
qid222742	did21521	1
qid222744	did84286	1
qid222759	did89506	1
qid222767	did89510	1
qid222775	did29606	1
qid222779	did10629	1
qid222788	did89515	1
qid222789	did89516	1
qid222791	did2387	1
qid222837	did89528	1
qid222867	did3640	1
qid222873	did89536	1
qid222874	did2228	1
qid222881	did89537	1
qid222882	did33075	1
qid222897	did33178	1
qid222917	did7365	1
qid222932	did89546	1
qid222947	did89549	1
qid222953	did29709	1
qid222955	did89552	1
qid222969	did51940	1
qid222985	did2717	1
qid222986	did89563	1
qid223002	did27306	1
qid223011	did5937	1
qid223019	did523	1
qid223024	did27200	1
qid223026	did1898	1
qid223035	did43566	1
qid223042	did23968	1
qid223047	did58471	1
qid223054	did1489	1
qid223062	did14364	1
qid223072	did17737	1
qid223078	did89585	1
qid223079	did55519	1
qid223080	did74590	1
qid223094	did3755	1
qid223107	did12390	1
qid223118	did9296	1
qid223123	did47953	1
qid223130	did27410	1
qid223137	did37997	1
qid223144	did89599	1
qid223157	did9112	1
qid223160	did5938	1
qid223161	did89602	1
qid223167	did73667	1
qid223171	did89603	1
qid223175	did89604	1
qid223190	did89607	1
qid223194	did8285	1
qid223198	did89610	1
qid223243	did12933	1
qid223246	did89625	1
qid223260	did44653	1
qid223272	did89636	1
qid223280	did8442	1
qid223282	did21691	1
qid223311	did7480	1
qid223312	did89645	1
qid223321	did2509	1
qid223358	did52036	1
qid223363	did31752	1
qid223366	did89657	1
qid223374	did78850	1
qid223385	did9822	1
qid223392	did11066	1
qid223401	did33419	1
qid223402	did81842	1
qid223406	did1463	1
qid223411	did89672	1
qid223412	did18116	1
qid223421	did21449	1
qid223424	did30270	1
qid223446	did8681	1
qid223449	did74534	1
qid223456	did30321	1
qid223476	did8476	1
qid223479	did23460	1
qid223494	did47249	1
qid223503	did13233	1
qid223514	did25337	1
qid223523	did5312	1
qid223534	did10533	1
qid223558	did1224	1
qid223577	did11540	1
qid223578	did86461	1
qid223587	did8753	1
qid223591	did89710	1
qid223600	did14910	1
qid223639	did8169	1
qid223649	did842	1
qid223666	did4919	1
qid223675	did83778	1
qid223687	did23838	1
qid223688	did4308	1
qid223700	did69606	1
qid223704	did8900	1
qid223707	did2516	1
qid223711	did38882	1
qid223716	did48790	1
qid223719	did10240	1
qid223729	did78796	1
qid223731	did34316	1
qid223749	did89752	1
qid223757	did4668	1
qid223768	did78340	1
qid223778	did89761	1
qid223783	did30153	1
qid223785	did1864	1
qid223786	did55998	1
qid223809	did10696	1
qid223835	did53248	1
qid223840	did33768	1
qid223841	did35865	1
qid223854	did89781	1
qid223857	did20344	1
qid223858	did89784	1
qid223879	did63161	1
qid223887	did77694	1
qid223889	did34567	1
qid223891	did2362	1
qid223920	did1898	1
qid223931	did69347	1
qid223938	did75384	1
qid223939	did22929	1
qid223953	did8835	1
qid223959	did12605	1
qid223987	did38423	1
qid223995	did7600	1
qid224012	did14684	1
qid224048	did7438	1
qid224062	did42785	1
qid224070	did40233	1
qid224083	did70248	1
qid224103	did89839	1
qid224105	did29035	1
qid224112	did12207	1
qid224140	did33505	1
qid224147	did21860	1
qid224150	did58498	1
qid224152	did89847	1
qid224157	did10916	1
qid224163	did89852	1
qid224177	did36072	1
qid224182	did32666	1
qid224214	did74081	1
qid224219	did2504	1
qid224220	did251	1
qid224229	did7607	1
qid224235	did89868	1
qid224237	did39997	1
qid224246	did89871	1
qid224248	did3540	1
qid224252	did89872	1
qid224255	did41817	1
qid224259	did41594	1
qid224261	did89874	1
qid224263	did39223	1
qid224285	did11320	1
qid224313	did89883	1
qid224326	did20712	1
qid224338	did71696	1
qid224357	did89893	1
qid224371	did89899	1
qid224398	did15816	1
qid224402	did26768	1
qid224440	did10615	1
qid224464	did27070	1
qid224481	did20059	1
qid224491	did42620	1
qid224498	did89922	1
qid224499	did89923	1
qid224503	did8880	1
qid224510	did25558	1
qid224515	did52947	1
qid224568	did76484	1
qid224579	did15636	1
qid224594	did65644	1
qid224600	did13636	1
qid224601	did1085	1
qid224603	did371	1
qid224616	did3092	1
qid224630	did6287	1
qid224647	did89954	1
qid224670	did89962	1
qid224675	did89963	1
qid224676	did89964	1
qid224693	did35704	1
qid224700	did65665	1
qid224731	did25474	1
qid224738	did47103	1
qid224756	did85049	1
qid224760	did89985	1
qid224785	did37216	1
qid224801	did89999	1
qid224802	did90000	1
qid224804	did90001	1
qid224807	did38452	1
qid224827	did28424	1
qid224848	did90014	1
qid224854	did90015	1
qid224863	did39258	1
qid224873	did90018	1
qid224920	did41424	1
qid224923	did90031	1
qid224930	did6873	1
qid224938	did19931	1
qid224944	did9254	1
qid224959	did90038	1
qid224968	did90040	1
qid224973	did6038	1
qid224975	did90041	1
qid224988	did50412	1
qid224989	did90045	1
qid225004	did5388	1
qid225008	did19746	1
qid225010	did2228	1
qid225022	did21627	1
qid225036	did61385	1
qid225044	did39215	1
qid225047	did82162	1
qid225073	did62610	1
qid225089	did30939	1
qid225095	did9936	1
qid225096	did10850	1
qid225122	did2108	1
qid225127	did1805	1
qid225133	did75197	1
qid225166	did80414	1
qid225174	did8062	1
qid225189	did3287	1
qid225191	did15901	1
qid225197	did14945	1
qid225207	did17115	1
qid225220	did78907	1
qid225240	did73230	1
qid225247	did90097	1
qid225266	did90103	1
qid225272	did90105	1
qid225292	did5023	1
qid225293	did375	1
qid225296	did90116	1
qid225303	did29455	1
qid225311	did7209	1
qid225334	did45172	1
qid225337	did1692	1
qid225373	did8649	1
qid225395	did1305	1
qid225396	did56415	1
qid225424	did90143	1
qid225431	did26047	1
qid225437	did32197	1
qid225440	did25280	1
qid225448	did90149	1
qid225463	did13197	1
qid225480	did90157	1
qid225482	did4769	1
qid225483	did65252	1
qid225485	did15536	1
qid225490	did90159	1
qid225499	did29936	1
qid225500	did26240	1
qid225502	did90163	1
qid225503	did90164	1
qid225514	did8002	1
qid225515	did90167	1
qid225526	did90168	1
qid225527	did33649	1
qid225528	did90169	1
qid225529	did85501	1
qid225540	did90173	1
qid225567	did80102	1
qid225577	did83047	1
qid225588	did81696	1
qid225601	did55775	1
qid225608	did22479	1
qid225617	did90188	1
qid225632	did45321	1
qid225643	did90191	1
qid225654	did27862	1
qid225671	did90196	1
qid225683	did6234	1
qid225690	did13113	1
qid225710	did3389	1
qid225727	did79316	1
qid225734	did90212	1
qid225742	did16148	1
qid225774	did90222	1
qid225783	did42672	1
qid225799	did50551	1
qid225806	did25134	1
qid225815	did72639	1
qid225837	did1506	1
qid225847	did29275	1
qid225864	did51742	1
qid225869	did66915	1
qid225872	did12868	1
qid225885	did8113	1
qid225901	did4238	1
qid225903	did11114	1
qid225905	did90266	1
qid225910	did90268	1
qid225922	did87796	1
qid225926	did3276	1
qid225939	did56976	1
qid225966	did8599	1
qid225974	did15967	1
qid225982	did17617	1
qid225985	did90291	1
qid225991	did3969	1
qid225996	did90295	1
qid226005	did1116	1
qid226014	did396	1
qid226017	did77659	1
qid226021	did90303	1
qid226024	did46463	1
qid226058	did35181	1
qid226069	did30057	1
qid226078	did49868	1
qid226090	did26187	1
qid226103	did90327	1
qid226113	did73844	1
qid226122	did90331	1
qid226140	did34213	1
qid226142	did55152	1
qid226146	did11484	1
qid226155	did6888	1
qid226157	did34197	1
qid226185	did83979	1
qid226195	did115	1
qid226205	did50986	1
qid226223	did89513	1
qid226231	did12727	1
qid226238	did2922	1
qid226246	did90358	1
qid226252	did36192	1
qid226253	did17479	1
qid226272	did90361	1
qid226274	did65393	1
qid226284	did69280	1
qid226296	did6361	1
qid226299	did38998	1
qid226309	did90369	1
qid226312	did16670	1
qid226339	did6292	1
qid226342	did51804	1
qid226368	did3362	1
qid226396	did1648	1
qid226407	did90393	1
qid226426	did90400	1
qid226428	did90401	1
qid226435	did10735	1
qid226438	did6096	1
qid226439	did21763	1
qid226441	did90403	1
qid226483	did7200	1
qid226484	did90414	1
qid226487	did90415	1
qid226495	did34859	1
qid226501	did90421	1
qid226507	did90422	1
qid226547	did90430	1
qid226548	did3483	1
qid226554	did55617	1
qid226565	did18757	1
qid226591	did44061	1
qid226593	did14959	1
qid226675	did74300	1
qid226678	did52977	1
qid226690	did90465	1
qid226740	did19699	1
qid226747	did24430	1
qid226773	did90485	1
qid226796	did20155	1
qid226798	did943	1
qid226808	did821	1
qid226810	did18659	1
qid226823	did90495	1
qid226834	did90497	1
qid226835	did53126	1
qid226851	did15529	1
qid226855	did90501	1
qid226859	did902	1
qid226874	did77306	1
qid226875	did24004	1
qid226882	did4484	1
qid226893	did44429	1
qid226904	did14147	1
qid226927	did5695	1
qid226930	did90518	1
qid226932	did13868	1
qid226936	did70394	1
qid226979	did57205	1
qid227002	did2968	1
qid227006	did14566	1
qid227015	did12100	1
qid227036	did90544	1
qid227041	did2842	1
qid227044	did53101	1
qid227051	did4891	1
qid227055	did3790	1
qid227056	did30524	1
qid227064	did569	1
qid227081	did33995	1
qid227087	did6610	1
qid227096	did29043	1
qid227100	did25430	1
qid227110	did7167	1
qid227125	did2667	1
qid227159	did90577	1
qid227166	did29053	1
qid227176	did1181	1
qid227181	did2893	1
qid227186	did11666	1
qid227200	did50320	1
qid227201	did90585	1
qid227211	did90589	1
qid227223	did15500	1
qid227257	did43929	1
qid227260	did47236	1
qid227275	did90608	1
qid227278	did90610	1
qid227284	did71678	1
qid227298	did14754	1
qid227301	did15646	1
qid227330	did84911	1
qid227334	did15784	1
qid227336	did8285	1
qid227337	did12217	1
qid227340	did3432	1
qid227348	did29508	1
qid227360	did6375	1
qid227364	did90625	1
qid227368	did78699	1
qid227371	did90628	1
qid227421	did19014	1
qid227443	did17867	1
qid227469	did34417	1
qid227481	did34215	1
qid227485	did2169	1
qid227493	did60313	1
qid227500	did90658	1
qid227507	did90662	1
qid227513	did10490	1
qid227523	did15251	1
qid227525	did47328	1
qid227539	did90671	1
qid227545	did2113	1
qid227551	did90674	1
qid227573	did4331	1
qid227581	did13120	1
qid227599	did40341	1
qid227607	did15987	1
qid227614	did17840	1
qid227634	did6934	1
qid227664	did90697	1
qid227670	did51270	1
qid227691	did591	1
qid227706	did5123	1
qid227711	did570	1
qid227716	did60017	1
qid227733	did90715	1
qid227735	did884	1
qid227742	did81049	1
qid227750	did2825	1
qid227751	did90720	1
qid227753	did36841	1
qid227756	did43894	1
qid227772	did32613	1
qid227779	did953	1
qid227785	did6832	1
qid227797	did90732	1
qid227812	did1232	1
qid227831	did1615	1
qid227872	did2804	1
qid227885	did90759	1
qid227891	did59603	1
qid227909	did40491	1
qid227920	did21238	1
qid227945	did6358	1
qid227948	did53446	1
qid227955	did7530	1
qid227971	did13968	1
qid227973	did90778	1
qid227992	did26206	1
qid228019	did10141	1
qid228037	did13265	1
qid228044	did40697	1
qid228050	did90792	1
qid228052	did1087	1
qid228059	did17356	1
qid228061	did531	1
qid228065	did90794	1
qid228084	did9415	1
qid228103	did13406	1
qid228117	did90807	1
qid228133	did13848	1
qid228136	did90812	1
qid228148	did4324	1
qid228165	did90817	1
qid228174	did7178	1
qid228186	did90824	1
qid228195	did61006	1
qid228212	did54270	1
qid228213	did90832	1
qid228216	did71169	1
qid228221	did47748	1
qid228262	did90847	1
qid228272	did3114	1
qid228276	did8021	1
qid228287	did495	1
qid228291	did30806	1
qid228292	did12855	1
qid228299	did31987	1
qid228309	did90854	1
qid228316	did75442	1
qid228325	did90859	1
qid228346	did90863	1
qid228347	did25334	1
qid228351	did29564	1
qid228360	did13181	1
qid228363	did90869	1
qid228366	did139	1
qid228367	did90870	1
qid228376	did90874	1
qid228380	did4246	1
qid228394	did9154	1
qid228397	did6684	1
qid228411	did32219	1
qid228428	did45688	1
qid228433	did7899	1
qid228435	did55985	1
qid228452	did28405	1
qid228464	did17697	1
qid228467	did9740	1
qid228486	did90898	1
qid228495	did9089	1
qid228497	did30060	1
qid228502	did16590	1
qid228524	did90910	1
qid228528	did38587	1
qid228530	did24742	1
qid228541	did2593	1
qid228549	did90918	1
qid228552	did5293	1
qid228561	did44628	1
qid228573	did58338	1
qid228585	did90928	1
qid228608	did66931	1
qid228610	did33260	1
qid228615	did76685	1
qid228618	did5851	1
qid228621	did7867	1
qid228623	did27930	1
qid228628	did14016	1
qid228645	did7793	1
qid228646	did90940	1
qid228648	did15318	1
qid228663	did21498	1
qid228678	did90951	1
qid228692	did2324	1
qid228700	did90955	1
qid228712	did9817	1
qid228739	did979	1
qid228742	did90967	1
qid228743	did11796	1
qid228761	did13456	1
qid228777	did12733	1
qid228783	did90975	1
qid228787	did10584	1
qid228792	did90979	1
qid228828	did4748	1
qid228841	did2423	1
qid228858	did14850	1
qid228861	did7280	1
qid228875	did90994	1
qid228877	did18799	1
qid228900	did19096	1
qid228902	did52288	1
qid228932	did91006	1
qid228947	did91009	1
qid228949	did3019	1
qid228952	did6096	1
qid228955	did91012	1
qid228967	did922	1
qid228971	did12681	1
qid228972	did91014	1
qid228975	did11882	1
qid228979	did27525	1
qid228985	did11160	1
qid228996	did21026	1
qid229019	did35403	1
qid229043	did3609	1
qid229045	did70422	1
qid229047	did58641	1
qid229051	did91028	1
qid229054	did3323	1
qid229064	did5786	1
qid229074	did27122	1
qid229087	did79083	1
qid229099	did7987	1
qid229134	did10912	1
qid229157	did601	1
qid229161	did91055	1
qid229178	did58620	1
qid229182	did12096	1
qid229183	did91062	1
qid229210	did4383	1
qid229213	did91067	1
qid229219	did25566	1
qid229229	did37711	1
qid229233	did91070	1
qid229261	did91076	1
qid229262	did91077	1
qid229267	did8791	1
qid229278	did9869	1
qid229285	did37599	1
qid229295	did21227	1
qid229298	did7540	1
qid229317	did7346	1
qid229323	did52684	1
qid229333	did396	1
qid229347	did14847	1
qid229353	did4850	1
qid229368	did30924	1
qid229388	did91101	1
qid229391	did6717	1
qid229400	did2296	1
qid229440	did50595	1
qid229446	did39122	1
qid229459	did13036	1
qid229488	did55936	1
qid229493	did31	1
qid229511	did16457	1
qid229544	did91130	1
qid229571	did26557	1
qid229583	did18617	1
qid229593	did2112	1
qid229596	did91144	1
qid229608	did91150	1
qid229609	did500	1
qid229619	did55824	1
qid229639	did64120	1
qid229666	did40463	1
qid229675	did14016	1
qid229677	did11005	1
qid229688	did32348	1
qid229691	did91169	1
qid229694	did91170	1
qid229697	did28519	1
qid229700	did17844	1
qid229702	did343	1
qid229710	did77599	1
qid229716	did35913	1
qid229719	did40200	1
qid229724	did91178	1
qid229726	did8434	1
qid229744	did78133	1
qid229765	did17591	1
qid229772	did52073	1
qid229779	did91190	1
qid229788	did6161	1
qid229794	did19079	1
qid229804	did26363	1
qid229813	did9204	1
qid229814	did91200	1
qid229830	did20055	1
qid229837	did43984	1
qid229841	did54270	1
qid229850	did4773	1
qid229922	did91226	1
qid229959	did91237	1
qid229988	did91245	1
qid230015	did1099	1
qid230048	did91256	1
qid230067	did91260	1
qid230079	did938	1
qid230087	did9726	1
qid230099	did11679	1
qid230108	did91269	1
qid230118	did91272	1
qid230126	did5926	1
qid230150	did695	1
qid230151	did29909	1
qid230166	did56038	1
qid230185	did4152	1
qid230190	did75597	1
qid230198	did91286	1
qid230232	did5942	1
qid230245	did20918	1
qid230285	did31024	1
qid230289	did569	1
qid230291	did7461	1
qid230304	did4521	1
qid230310	did34335	1
qid230331	did40615	1
qid230340	did44557	1
qid230346	did79936	1
qid230349	did27621	1
qid230356	did8171	1
qid230368	did28801	1
qid230375	did31740	1
qid230380	did4331	1
qid230392	did47997	1
qid230397	did17385	1
qid230401	did91322	1
qid230435	did29422	1
qid230451	did3966	1
qid230464	did91338	1
qid230472	did44048	1
qid230473	did22306	1
qid230480	did48917	1
qid230488	did6151	1
qid230489	did30846	1
qid230492	did91345	1
qid230503	did1644	1
qid230549	did2997	1
qid230556	did6926	1
qid230561	did15827	1
qid230595	did91370	1
qid230613	did39423	1
qid230615	did9027	1
qid230618	did6729	1
qid230630	did2564	1
qid230631	did4060	1
qid230638	did73156	1
qid230639	did28061	1
qid230644	did5691	1
qid230650	did7509	1
qid230675	did16851	1
qid230681	did164	1
qid230695	did12878	1
qid230700	did2727	1
qid230712	did1691	1
qid230731	did27452	1
qid230736	did23368	1
qid230746	did13512	1
qid230747	did91415	1
qid230757	did15738	1
qid230759	did55211	1
qid230767	did91419	1
qid230777	did91422	1
qid230813	did6378	1
qid230825	did3959	1
qid230832	did91434	1
qid230834	did8360	1
qid230842	did40747	1
qid230844	did91439	1
qid230847	did57953	1
qid230872	did91447	1
qid230875	did79690	1
qid230891	did61566	1
qid230895	did45650	1
qid230930	did91460	1
qid230942	did54511	1
qid230957	did81034	1
qid230979	did91473	1
qid230988	did740	1
qid230993	did25273	1
qid230994	did91475	1
qid230998	did15106	1
qid231008	did19119	1
qid231051	did91489	1
qid231053	did91491	1
qid231062	did30821	1
qid231084	did21267	1
qid231087	did91501	1
qid231099	did91506	1
qid231115	did91510	1
qid231130	did14161	1
qid231131	did47610	1
qid231154	did6868	1
qid231179	did91519	1
qid231189	did24923	1
qid231195	did9651	1
qid231207	did22482	1
qid231208	did21428	1
qid231210	did5309	1
qid231216	did69868	1
qid231218	did1770	1
qid231244	did35476	1
qid231263	did3163	1
qid231270	did91538	1
qid231290	did7899	1
qid231301	did1295	1
qid231312	did15443	1
qid231316	did6428	1
qid231317	did45419	1
qid231318	did74337	1
qid231319	did81176	1
qid231331	did596	1
qid231342	did91557	1
qid231358	did37769	1
qid231367	did53670	1
qid231369	did91564	1
qid231390	did23898	1
qid231395	did17257	1
qid231400	did65680	1
qid231401	did1603	1
qid231435	did9317	1
qid231440	did31049	1
qid231448	did37242	1
qid231449	did91583	1
qid231475	did48325	1
qid231489	did9459	1
qid231490	did23423	1
qid231491	did2108	1
qid231497	did91588	1
qid231502	did41606	1
qid231504	did91590	1
qid231530	did79654	1
qid231535	did91595	1
qid231537	did37785	1
qid231539	did2327	1
qid231555	did91597	1
qid231558	did31	1
qid231561	did26446	1
qid231590	did9380	1
qid231594	did15326	1
qid231595	did10899	1
qid231597	did31592	1
qid231607	did156	1
qid231612	did71486	1
qid231623	did91614	1
qid231635	did35352	1
qid231636	did8579	1
qid231657	did39041	1
qid231660	did10180	1
qid231666	did21777	1
qid231669	did3404	1
qid231695	did12803	1
qid231697	did1183	1
qid231714	did6238	1
qid231715	did73494	1
qid231716	did13066	1
qid231718	did30140	1
qid231731	did91640	1
qid231732	did22572	1
qid231738	did285	1
qid231749	did37253	1
qid231766	did1656	1
qid231769	did3293	1
qid231777	did91650	1
qid231781	did3058	1
qid231807	did58268	1
qid231829	did6212	1
qid231842	did9327	1
qid231857	did27626	1
qid231864	did31357	1
qid231882	did91679	1
qid231897	did13628	1
qid231906	did91686	1
qid231921	did76677	1
qid231928	did285	1
qid231929	did10761	1
qid231930	did35980	1
qid231935	did91693	1
qid231945	did11981	1
qid231958	did8645	1
qid231969	did69335	1
qid231981	did2195	1
qid231991	did91700	1
qid231994	did11725	1
qid231998	did1826	1
qid232018	did17256	1
qid232031	did94	1
qid232041	did41646	1
qid232050	did13534	1
qid232061	did44098	1
qid232072	did15248	1
qid232074	did6049	1
qid232094	did2017	1
qid232096	did68769	1
qid232121	did44620	1
qid232137	did36512	1
qid232166	did66810	1
qid232174	did38799	1
qid232184	did91740	1
qid232187	did52212	1
qid232191	did68076	1
qid232193	did59210	1
qid232238	did23020	1
qid232259	did76166	1
qid232262	did65930	1
qid232278	did17914	1
qid232280	did4295	1
qid232284	did32937	1
qid232303	did71547	1
qid232310	did75157	1
qid232316	did1088	1
qid232317	did6107	1
qid232325	did15603	1
qid232327	did2253	1
qid232329	did1644	1
qid232343	did91776	1
qid232344	did79079	1
qid232359	did54324	1
qid232366	did78	1
qid232380	did31252	1
qid232382	did87612	1
qid232398	did57950	1
qid232410	did80887	1
qid232427	did91799	1
qid232448	did91805	1
qid232465	did17593	1
qid232475	did13590	1
qid232484	did18596	1
qid232488	did4315	1
qid232493	did31690	1
qid232504	did91811	1
qid232524	did1142	1
qid232528	did52102	1
qid232530	did91817	1
qid232550	did43573	1
qid232554	did67191	1
qid232562	did91825	1
qid232563	did2004	1
qid232583	did91828	1
qid232584	did14772	1
qid232588	did56646	1
qid232599	did7048	1
qid232613	did1624	1
qid232614	did91532	1
qid232623	did91836	1
qid232632	did91838	1
qid232634	did54958	1
qid232636	did46780	1
qid232639	did91839	1
qid232643	did24461	1
qid232662	did47683	1
qid232670	did26862	1
qid232683	did13862	1
qid232685	did5522	1
qid232706	did31445	1
qid232721	did44345	1
qid232727	did4609	1
qid232734	did91862	1
qid232744	did6091	1
qid232747	did18075	1
qid232766	did13457	1
qid232816	did49567	1
qid232822	did91889	1
qid232844	did41504	1
qid232848	did91897	1
qid232851	did3689	1
qid232871	did16854	1
qid232885	did9089	1
qid232889	did55043	1
qid232896	did4138	1
qid232902	did52117	1
qid232904	did17850	1
qid232909	did91906	1
qid232930	did45147	1
qid232931	did38098	1
qid232934	did26768	1
qid232957	did91912	1
qid232968	did6334	1
qid232992	did11770	1
qid233000	did91925	1
qid233008	did27311	1
qid233009	did37037	1
qid233030	did2941	1
qid233059	did842	1
qid233068	did29167	1
qid233090	did91943	1
qid233091	did91944	1
qid233101	did91947	1
qid233109	did91949	1
qid233115	did91952	1
qid233149	did44648	1
qid233150	did91960	1
qid233167	did18086	1
qid233172	did62226	1
qid233175	did24503	1
qid233195	did8171	1
qid233209	did88638	1
qid233227	did6050	1
qid233228	did13122	1
qid233251	did21572	1
qid233264	did6368	1
qid233301	did91998	1
qid233311	did28959	1
qid233328	did7595	1
qid233332	did7873	1
qid233333	did23616	1
qid233346	did66741	1
qid233386	did92015	1
qid233390	did8103	1
qid233391	did14780	1
qid233392	did375	1
qid233395	did6487	1
qid233400	did39896	1
qid233431	did2066	1
qid233432	did74775	1
qid233434	did71994	1
qid233438	did64643	1
qid233442	did11892	1
qid233450	did9615	1
qid233451	did92028	1
qid233470	did68451	1
qid233502	did69728	1
qid233505	did14129	1
qid233506	did16315	1
qid233516	did2365	1
qid233521	did5842	1
qid233554	did14805	1
qid233567	did6341	1
qid233568	did19683	1
qid233589	did92060	1
qid233595	did92061	1
qid233598	did307	1
qid233604	did56802	1
qid233611	did7987	1
qid233634	did10657	1
qid233641	did43609	1
qid233664	did92072	1
qid233678	did10580	1
qid233679	did92076	1
qid233707	did92081	1
qid233709	did25123	1
qid233716	did6387	1
qid233721	did42730	1
qid233742	did11751	1
qid233757	did45137	1
qid233786	did92102	1
qid233794	did92105	1
qid233807	did12022	1
qid233817	did5057	1
qid233835	did92115	1
qid233854	did3896	1
qid233869	did16604	1
qid233873	did92125	1
qid233874	did92126	1
qid233887	did15693	1
qid233890	did2334	1
qid233895	did17275	1
qid233896	did32118	1
qid233911	did15357	1
qid233917	did92137	1
qid233919	did16604	1
qid233939	did62276	1
qid233964	did92147	1
qid233966	did92148	1
qid233977	did11938	1
qid233989	did37842	1
qid233992	did65315	1
qid234021	did17869	1
qid234031	did2737	1
qid234038	did92161	1
qid234057	did27247	1
qid234063	did3298	1
qid234066	did43445	1
qid234080	did92168	1
qid234090	did48894	1
qid234098	did11160	1
qid234103	did41777	1
qid234119	did6838	1
qid234142	did23855	1
qid234153	did25393	1
qid234157	did92	1
qid234179	did79576	1
qid234191	did2086	1
qid234200	did84342	1
qid234208	did92201	1
qid234222	did92205	1
qid234227	did18237	1
qid234238	did73637	1
qid234240	did12172	1
qid234245	did92212	1
qid234251	did92215	1
qid234253	did88877	1
qid234265	did4442	1
qid234286	did92222	1
qid234290	did17220	1
qid234295	did1920	1
qid234298	did19562	1
qid234307	did48697	1
qid234312	did11922	1
qid234320	did92226	1
qid234327	did11537	1
qid234350	did43911	1
qid234359	did36715	1
qid234365	did92237	1
qid234377	did20869	1
qid234391	did49705	1
qid234392	did423	1
qid234406	did6610	1
qid234415	did4346	1
qid234437	did42683	1
qid234467	did37646	1
qid234494	did30204	1
qid234497	did92265	1
qid234501	did92267	1
qid234518	did12876	1
qid234519	did92275	1
qid234525	did92276	1
qid234528	did92278	1
qid234540	did30726	1
qid234546	did55466	1
qid234564	did66152	1
qid234608	did11640	1
qid234620	did92299	1
qid234623	did7924	1
qid234624	did50254	1
qid234654	did50472	1
qid234669	did29137	1
qid234680	did92316	1
qid234681	did4850	1
qid234691	did30068	1
qid234705	did21739	1
qid234709	did8839	1
qid234740	did42824	1
qid234748	did5057	1
qid234755	did53259	1
qid234778	did92337	1
qid234802	did92343	1
qid234815	did34918	1
qid234837	did92347	1
qid234838	did9423	1
qid234844	did92349	1
qid234870	did50154	1
qid234878	did13848	1
qid234881	did92362	1
qid234887	did15566	1
qid234894	did723	1
qid234908	did46216	1
qid234913	did92367	1
qid234926	did11168	1
qid234933	did24308	1
qid234939	did4083	1
qid234942	did559	1
qid234951	did9929	1
qid234955	did92379	1
qid234956	did19444	1
qid234963	did92383	1
qid234972	did5523	1
qid234979	did7171	1
qid235011	did17411	1
qid235015	did1752	1
qid235016	did2718	1
qid235020	did17082	1
qid235021	did10657	1
qid235032	did2976	1
qid235044	did13740	1
qid235048	did34581	1
qid235052	did12570	1
qid235060	did19662	1
qid235063	did92405	1
qid235065	did16228	1
qid235099	did4927	1
qid235110	did72136	1
qid235113	did36409	1
qid235114	did10997	1
qid235116	did92414	1
qid235117	did76567	1
qid235127	did1820	1
qid235134	did92420	1
qid235152	did66745	1
qid235156	did2276	1
qid235169	did92427	1
qid235174	did40601	1
qid235177	did92431	1
qid235201	did60330	1
qid235206	did49895	1
qid235247	did86451	1
qid235266	did11125	1
qid235275	did82772	1
qid235292	did92457	1
qid235320	did40338	1
qid235333	did4827	1
qid235353	did35865	1
qid235366	did50843	1
qid235384	did85318	1
qid235398	did39232	1
qid235407	did92487	1
qid235414	did4770	1
qid235415	did92489	1
qid235440	did2040	1
qid235448	did19524	1
qid235460	did35107	1
qid235464	did64059	1
qid235479	did6985	1
qid235486	did41703	1
qid235488	did563	1
qid235490	did92509	1
qid235504	did92511	1
qid235510	did74163	1
qid235511	did92513	1
qid235540	did42382	1
qid235546	did92520	1
qid235576	did84872	1
qid235586	did9145	1
qid235588	did86178	1
qid235605	did313	1
qid235627	did6739	1
qid235640	did78368	1
qid235647	did17781	1
qid235649	did8828	1
qid235656	did702	1
qid235663	did8421	1
qid235672	did63313	1
qid235677	did92559	1
qid235688	did4550	1
qid235706	did2856	1
qid235718	did23393	1
qid235722	did92570	1
qid235725	did48053	1
qid235728	did92572	1
qid235734	did92576	1
qid235760	did15812	1
qid235778	did8852	1
qid235786	did14142	1
qid235805	did5800	1
qid235818	did55529	1
qid235826	did18714	1
qid235844	did11806	1
qid235863	did15115	1
qid235864	did92602	1
qid235865	did64241	1
qid235868	did92604	1
qid235874	did92608	1
qid235889	did65067	1
qid235893	did92613	1
qid235900	did36999	1
qid235913	did57386	1
qid235967	did24287	1
qid235970	did92630	1
qid235996	did53923	1
qid236002	did92636	1
qid236007	did92639	1
qid236008	did260	1
qid236020	did70696	1
qid236038	did50769	1
qid236039	did2316	1
qid236047	did44995	1
qid236048	did92645	1
qid236076	did1388	1
qid236092	did24475	1
qid236108	did18564	1
qid236109	did204	1
qid236145	did92667	1
qid236164	did23582	1
qid236189	did75755	1
qid236207	did22820	1
qid236215	did44901	1
qid236219	did20910	1
qid236229	did92681	1
qid236241	did4395	1
qid236243	did92685	1
qid236288	did92692	1
qid236302	did92696	1
qid236304	did37149	1
qid236307	did35868	1
qid236311	did16750	1
qid236322	did17683	1
qid236343	did9250	1
qid236365	did19981	1
qid236366	did26875	1
qid236377	did60983	1
qid236380	did88554	1
qid236381	did61869	1
qid236420	did10197	1
qid236423	did92721	1
qid236433	did92727	1
qid236451	did5193	1
qid236459	did83960	1
qid236475	did22661	1
qid236476	did92736	1
qid236479	did1746	1
qid236480	did2746	1
qid236500	did36945	1
qid236511	did92744	1
qid236514	did17090	1
qid236515	did92746	1
qid236527	did92749	1
qid236528	did92750	1
qid236529	did24722	1
qid236533	did17780	1
qid236561	did64455	1
qid236563	did5696	1
qid236579	did51642	1
qid236584	did20257	1
qid236588	did48531	1
qid236615	did5851	1
qid236617	did26422	1
qid236626	did3763	1
qid236627	did92766	1
qid236635	did11916	1
qid236636	did6319	1
qid236637	did27228	1
qid236639	did12893	1
qid236640	did8269	1
qid236656	did41139	1
qid236671	did57418	1
qid236684	did43503	1
qid236685	did14	1
qid236691	did49533	1
qid236694	did92779	1
qid236697	did23856	1
qid236703	did2603	1
qid236711	did42313	1
qid236713	did92785	1
qid236728	did13338	1
qid236734	did26809	1
qid236739	did92790	1
qid236740	did34627	1
qid236751	did1889	1
qid236781	did1658	1
qid236784	did92799	1
qid236787	did5487	1
qid236804	did17906	1
qid236811	did26141	1
qid236814	did3870	1
qid236822	did5795	1
qid236829	did92810	1
qid236846	did22362	1
qid236847	did92816	1
qid236854	did92820	1
qid236859	did18412	1
qid236860	did92821	1
qid236869	did19213	1
qid236875	did995	1
qid236876	did66932	1
qid236877	did14672	1
qid236897	did16699	1
qid236913	did6287	1
qid236915	did92835	1
qid236938	did2922	1
qid236941	did90064	1
qid236961	did92849	1
qid236988	did615	1
qid236990	did92859	1
qid236993	did26460	1
qid237004	did26544	1
qid237019	did36008	1
qid237020	did13663	1
qid237047	did9796	1
qid237050	did92880	1
qid237053	did92882	1
qid237078	did6459	1
qid237083	did2902	1
qid237104	did23797	1
qid237107	did92902	1
qid237119	did2811	1
qid237135	did1667	1
qid237136	did23898	1
qid237164	did17703	1
qid237182	did92927	1
qid237189	did85488	1
qid237196	did630	1
qid237210	did84204	1
qid237211	did15570	1
qid237212	did28308	1
qid237215	did8453	1
qid237229	did13724	1
qid237230	did35300	1
qid237231	did92940	1
qid237264	did16921	1
qid237267	did9202	1
qid237272	did92947	1
qid237281	did87560	1
qid237293	did10573	1
qid237295	did30376	1
qid237315	did40677	1
qid237332	did23216	1
qid237334	did29944	1
qid237335	did2881	1
qid237347	did92966	1
qid237351	did92967	1
qid237374	did72403	1
qid237375	did63044	1
qid237376	did84240	1
qid237384	did92976	1
qid237387	did18935	1
qid237390	did15219	1
qid237393	did92978	1
qid237409	did11394	1
qid237416	did92981	1
qid237429	did69578	1
qid237431	did34449	1
qid237443	did4324	1
qid237456	did3943	1
qid237458	did2228	1
qid237476	did20001	1
qid237478	did92991	1
qid237481	did92993	1
qid237494	did92998	1
qid237503	did61105	1
qid237505	did30168	1
qid237521	did2942	1
qid237535	did25273	1
qid237543	did16708	1
qid237557	did51635	1
qid237560	did22534	1
qid237563	did93020	1
qid237564	did93021	1
qid237567	did30547	1
qid237572	did59793	1
qid237577	did285	1
qid237600	did93034	1
qid237601	did6505	1
qid237616	did55342	1
qid237634	did7002	1
qid237635	did23533	1
qid237638	did69376	1
qid237648	did8067	1
qid237662	did15415	1
qid237681	did18991	1
qid237686	did33684	1
qid237706	did5258	1
qid237722	did78967	1
qid237741	did4537	1
qid237748	did13636	1
qid237754	did86920	1
qid237756	did93075	1
qid237758	did36702	1
qid237765	did6753	1
qid237768	did67166	1
qid237769	did8107	1
qid237794	did93082	1
qid237796	did5057	1
qid237799	did54065	1
qid237810	did93084	1
qid237811	did10080	1
qid237824	did93088	1
qid237827	did93090	1
qid237832	did34768	1
qid237836	did29869	1
qid237844	did93095	1
qid237854	did32543	1
qid237905	did1388	1
qid237906	did93107	1
qid237919	did30036	1
qid237935	did884	1
qid237938	did26694	1
qid237939	did90764	1
qid237941	did81570	1
qid237965	did9818	1
qid237979	did6606	1
qid237980	did4512	1
qid237981	did93127	1
qid238010	did40681	1
qid238026	did19782	1
qid238070	did8473	1
qid238078	did5684	1
qid238090	did31328	1
qid238093	did13126	1
qid238101	did13534	1
qid238108	did34935	1
qid238115	did36999	1
qid238127	did35312	1
qid238131	did16856	1
qid238136	did16894	1
qid238139	did5842	1
qid238141	did23752	1
qid238154	did49854	1
qid238155	did53076	1
qid238165	did88542	1
qid238189	did93163	1
qid238197	did14468	1
qid238211	did9119	1
qid238234	did39798	1
qid238252	did57886	1
qid238265	did93179	1
qid238266	did93180	1
qid238272	did41125	1
qid238277	did3724	1
qid238286	did14823	1
qid238301	did40181	1
qid238306	did32376	1
qid238317	did9967	1
qid238344	did29131	1
qid238362	did31399	1
qid238363	did93202	1
qid238382	did93209	1
qid238398	did2211	1
qid238400	did13491	1
qid238409	did12780	1
qid238415	did42328	1
qid238426	did1743	1
qid238437	did43220	1
qid238448	did50615	1
qid238453	did1451	1
qid238458	did25334	1
qid238486	did9387	1
qid238497	did34801	1
qid238507	did93233	1
qid238524	did21800	1
qid238535	did5763	1
qid238539	did1142	1
qid238542	did45008	1
qid238548	did4036	1
qid238549	did10539	1
qid238564	did25911	1
qid238565	did59546	1
qid238598	did1561	1
qid238602	did93254	1
qid238603	did81663	1
qid238619	did93259	1
qid238652	did2253	1
qid238657	did4754	1
qid238663	did14437	1
qid238665	did26896	1
qid238669	did2432	1
qid238671	did93266	1
qid238676	did93268	1
qid238677	did93269	1
qid238708	did84240	1
qid238715	did9148	1
qid238727	did93279	1
qid238730	did25586	1
qid238735	did18564	1
qid238749	did53870	1
qid238756	did6033	1
qid238759	did79408	1
qid238780	did27226	1
qid238786	did1022	1
qid238809	did69715	1
qid238812	did57950	1
qid238817	did3608	1
qid238824	did15960	1
qid238857	did93307	1
qid238874	did6616	1
qid238891	did1087	1
qid238902	did5695	1
qid238911	did53340	1
qid238914	did20930	1
qid238916	did93319	1
qid238924	did53053	1
qid238939	did24248	1
qid238959	did5089	1
qid238976	did93334	1
qid239011	did17754	1
qid239015	did82069	1
qid239030	did93341	1
qid239035	did8507	1
qid239040	did92078	1
qid239058	did51707	1
qid239070	did5680	1
qid239073	did5333	1
qid239074	did23906	1
qid239084	did10849	1
qid239088	did76246	1
qid239108	did34567	1
qid239115	did93356	1
qid239132	did86016	1
qid239136	did8787	1
qid239139	did41570	1
qid239148	did20380	1
qid239167	did93371	1
qid239176	did16531	1
qid239178	did32341	1
qid239181	did24605	1
qid239185	did93376	1
qid239192	did30091	1
qid239195	did93381	1
qid239200	did28292	1
qid239207	did65694	1
qid239218	did16541	1
qid239220	did91061	1
qid239226	did56570	1
qid239261	did482	1
qid239274	did10666	1
qid239275	did93401	1
qid239287	did66985	1
qid239297	did39370	1
qid239298	did1898	1
qid239309	did7467	1
qid239342	did4883	1
qid239350	did15974	1
qid239362	did469	1
qid239367	did93417	1
qid239372	did24174	1
qid239399	did2789	1
qid239413	did93429	1
qid239416	did38916	1
qid239462	did12658	1
qid239471	did52107	1
qid239476	did10188	1
qid239483	did93440	1
qid239506	did40640	1
qid239508	did55402	1
qid239519	did93446	1
qid239532	did11037	1
qid239535	did2058	1
qid239539	did11694	1
qid239553	did47716	1
qid239565	did765	1
qid239571	did1253	1
qid239588	did32437	1
qid239591	did67014	1
qid239605	did6513	1
qid239616	did35249	1
qid239628	did18881	1
qid239640	did971	1
qid239641	did93473	1
qid239654	did93477	1
qid239667	did44515	1
qid239670	did10257	1
qid239689	did42147	1
qid239693	did821	1
qid239695	did64359	1
qid239723	did72205	1
qid239728	did93494	1
qid239736	did12987	1
qid239759	did93496	1
qid239788	did6358	1
qid239794	did74864	1
qid239838	did43604	1
qid239854	did30369	1
qid239865	did5171	1
qid239866	did5816	1
qid239868	did93518	1
qid239870	did17240	1
qid239886	did93523	1
qid239908	did58723	1
qid239917	did3865	1
qid239919	did93529	1
qid239944	did12139	1
qid239947	did46897	1
qid239957	did842	1
qid239990	did21772	1
qid239993	did55767	1
qid239995	did13430	1
qid240003	did85264	1
qid240016	did1221	1
qid240019	did8085	1
qid240020	did8645	1
qid240031	did30343	1
qid240035	did9765	1
qid240037	did9023	1
qid240056	did93560	1
qid240073	did59941	1
qid240078	did35783	1
qid240087	did19908	1
qid240098	did14141	1
qid240103	did93572	1
qid240124	did78677	1
qid240128	did8874	1
qid240176	did2707	1
qid240178	did17487	1
qid240217	did93595	1
qid240229	did93599	1
qid240236	did952	1
qid240258	did58035	1
qid240283	did33156	1
qid240300	did58660	1
qid240305	did93609	1
qid240306	did530	1
qid240315	did44362	1
qid240329	did347	1
qid240331	did93615	1
qid240372	did58358	1
qid240382	did25034	1
qid240387	did8891	1
qid240388	did93629	1
qid240410	did44999	1
qid240425	did49854	1
qid240428	did54168	1
qid240432	did68704	1
qid240452	did90455	1
qid240458	did22566	1
qid240475	did14214	1
qid240477	did93646	1
qid240490	did93648	1
qid240508	did34070	1
qid240521	did93655	1
qid240528	did89121	1
qid240542	did89864	1
qid240543	did4496	1
qid240554	did93661	1
qid240559	did93663	1
qid240561	did3689	1
qid240564	did4477	1
qid240574	did46777	1
qid240585	did93668	1
qid240588	did24330	1
qid240593	did27830	1
qid240604	did23910	1
qid240613	did723	1
qid240666	did93686	1
qid240675	did93690	1
qid240679	did10912	1
qid240713	did8101	1
qid240719	did429	1
qid240721	did19752	1
qid240753	did11427	1
qid240754	did93710	1
qid240759	did89698	1
qid240760	did6613	1
qid240765	did27283	1
qid240767	did32042	1
qid240782	did5235	1
qid240804	did93719	1
qid240831	did93726	1
qid240840	did93728	1
qid240842	did93729	1
qid240853	did190	1
qid240854	did16244	1
qid240864	did14567	1
qid240885	did93740	1
qid240888	did8809	1
qid240900	did3735	1
qid240910	did1177	1
qid240913	did4773	1
qid240951	did93756	1
qid240953	did30311	1
qid240986	did93768	1
qid240992	did93769	1
qid241004	did4187	1
qid241009	did86023	1
qid241011	did4504	1
qid241017	did22392	1
qid241045	did93782	1
qid241057	did11346	1
qid241062	did93785	1
qid241093	did13000	1
qid241100	did93794	1
qid241102	did91893	1
qid241103	did997	1
qid241104	did1898	1
qid241117	did37309	1
qid241121	did93801	1
qid241126	did93802	1
qid241131	did93805	1
qid241133	did55242	1
qid241149	did23140	1
qid241162	did93812	1
qid241170	did896	1
qid241191	did93818	1
qid241204	did93822	1
qid241210	did93824	1
qid241211	did954	1
qid241214	did93827	1
qid241216	did11525	1
qid241231	did5464	1
qid241232	did22765	1
qid241238	did93832	1
qid241260	did13290	1
qid241261	did29171	1
qid241284	did17260	1
qid241346	did1487	1
qid241348	did31972	1
qid241354	did7582	1
qid241361	did22695	1
qid241366	did24779	1
qid241367	did19493	1
qid241377	did48276	1
qid241386	did56681	1
qid241393	did93863	1
qid241394	did10487	1
qid241407	did83809	1
qid241410	did24523	1
qid241427	did4656	1
qid241431	did17205	1
qid241441	did93876	1
qid241449	did9127	1
qid241454	did70012	1
qid241455	did8814	1
qid241468	did45	1
qid241472	did17761	1
qid241474	did1142	1
qid241477	did11102	1
qid241503	did15380	1
qid241507	did1656	1
qid241520	did2997	1
qid241524	did82046	1
qid241538	did14921	1
qid241539	did12659	1
qid241549	did8932	1
qid241553	did68902	1
qid241556	did19665	1
qid241557	did37499	1
qid241585	did93914	1
qid241593	did36357	1
qid241610	did80896	1
qid241615	did22726	1
qid241654	did80950	1
qid241659	did93928	1
qid241661	did93929	1
qid241669	did93930	1
qid241674	did52635	1
qid241696	did93939	1
qid241699	did67945	1
qid241701	did75047	1
qid241730	did27973	1
qid241732	did40427	1
qid241754	did5069	1
qid241762	did5844	1
qid241788	did31738	1
qid241804	did42539	1
qid241822	did8521	1
qid241842	did93976	1
qid241855	did93981	1
qid241869	did60249	1
qid241877	did93986	1
qid241887	did23336	1
qid241902	did10226	1
qid241923	did37124	1
qid241932	did30297	1
qid241947	did55391	1
qid241973	did26125	1
qid241996	did3974	1
qid242015	did55476	1
qid242023	did8579	1
qid242039	did94019	1
qid242040	did15077	1
qid242041	did16477	1
qid242047	did28136	1
qid242049	did12848	1
qid242068	did4871	1
qid242087	did47960	1
qid242096	did3320	1
qid242106	did86767	1
qid242108	did94032	1
qid242114	did14685	1
qid242115	did43281	1
qid242117	did2228	1
qid242135	did48612	1
qid242167	did77841	1
qid242168	did94045	1
qid242175	did115	1
qid242179	did2478	1
qid242180	did94046	1
qid242206	did3862	1
qid242208	did89989	1
qid242210	did94049	1
qid242213	did94050	1
qid242234	did94055	1
qid242243	did94059	1
qid242254	did37530	1
qid242255	did33299	1
qid242269	did15078	1
qid242285	did22252	1
qid242289	did22364	1
qid242320	did24110	1
qid242386	did94094	1
qid242401	did94099	1
qid242406	did94100	1
qid242412	did94102	1
qid242418	did11160	1
qid242423	did25864	1
qid242426	did6612	1
qid242427	did16459	1
qid242452	did2005	1
qid242453	did11167	1
qid242456	did46720	1
qid242459	did11222	1
qid242466	did45178	1
qid242474	did3959	1
qid242483	did7191	1
qid242537	did73294	1
qid242547	did20906	1
qid242557	did5701	1
qid242566	did23377	1
qid242569	did21971	1
qid242576	did24002	1
qid242580	did13677	1
qid242629	did3309	1
qid242630	did235	1
qid242634	did12750	1
qid242640	did26951	1
qid242647	did94154	1
qid242658	did1451	1
qid242680	did11320	1
qid242689	did2406	1
qid242696	did19115	1
qid242703	did83847	1
qid242720	did32847	1
qid242743	did11898	1
qid242747	did67012	1
qid242751	did8498	1
qid242753	did94174	1
qid242762	did73728	1
qid242764	did3587	1
qid242792	did47703	1
qid242803	did8821	1
qid242815	did94188	1
qid242816	did24584	1
qid242831	did2600	1
qid242851	did591	1
qid242852	did94201	1
qid242867	did33718	1
qid242870	did94207	1
qid242883	did28231	1
qid242888	did94216	1
qid242908	did57752	1
qid242916	did30271	1
qid242937	did13569	1
qid242939	did45083	1
qid242942	did1348	1
qid242943	did58908	1
qid242949	did7998	1
qid242950	did9817	1
qid242967	did31379	1
qid242973	did86041	1
qid242976	did94239	1
qid242981	did81566	1
qid242982	did39885	1
qid243006	did55610	1
qid243047	did4196	1
qid243050	did33149	1
qid243058	did13241	1
qid243067	did3634	1
qid243086	did72705	1
qid243099	did94264	1
qid243106	did8871	1
qid243115	did3023	1
qid243135	did44650	1
qid243144	did34418	1
qid243154	did2108	1
qid243163	did16248	1
qid243164	did33823	1
qid243171	did32417	1
qid243181	did5561	1
qid243206	did21863	1
qid243207	did8974	1
qid243216	did94289	1
qid243218	did73210	1
qid243235	did17439	1
qid243242	did18393	1
qid243262	did14260	1
qid243265	did23257	1
qid243270	did9434	1
qid243280	did27511	1
qid243313	did54146	1
qid243326	did94313	1
qid243330	did4174	1
qid243331	did94314	1
qid243340	did42600	1
qid243348	did22558	1
qid243350	did20252	1
qid243357	did32751	1
qid243367	did94324	1
qid243379	did25483	1
qid243380	did2253	1
qid243381	did4593	1
qid243400	did29249	1
qid243406	did8376	1
qid243408	did90620	1
qid243416	did26889	1
qid243417	did7542	1
qid243423	did7050	1
qid243441	did94338	1
qid243448	did1985	1
qid243460	did12165	1
qid243462	did1063	1
qid243467	did37223	1
qid243489	did3789	1
qid243504	did76125	1
qid243518	did92195	1
qid243531	did94354	1
qid243536	did94357	1
qid243539	did57811	1
qid243553	did1772	1
qid243569	did94368	1
qid243570	did15494	1
qid243572	did2707	1
qid243574	did1489	1
qid243586	did13663	1
qid243611	did49823	1
qid243614	did70087	1
qid243616	did94376	1
qid243618	did94377	1
qid243622	did55470	1
qid243634	did8169	1
qid243645	did68176	1
qid243655	did94385	1
qid243657	did45882	1
qid243660	did350	1
qid243673	did1678	1
qid243677	did45950	1
qid243691	did4829	1
qid243706	did5487	1
qid243713	did69895	1
qid243763	did35910	1
qid243764	did77993	1
qid243771	did94405	1
qid243775	did8798	1
qid243798	did4631	1
qid243819	did31953	1
qid243820	did56409	1
qid243823	did63566	1
qid243828	did49531	1
qid243829	did11481	1
qid243844	did52742	1
qid243862	did81429	1
qid243872	did27368	1
qid243875	did80770	1
qid243884	did94425	1
qid243895	did94428	1
qid243906	did94432	1
qid243909	did22886	1
qid243914	did55479	1
qid243917	did10655	1
qid243918	did16108	1
qid243919	did7134	1
qid243925	did91171	1
qid243930	did2084	1
qid243932	did4158	1
qid243941	did5915	1
qid243951	did23692	1
qid243958	did8761	1
qid243975	did88826	1
qid243980	did9821	1
qid244002	did4723	1
qid244017	did6096	1
qid244024	did35546	1
qid244033	did11318	1
qid244038	did94461	1
qid244046	did5659	1
qid244055	did94464	1
qid244059	did4642	1
qid244083	did17348	1
qid244089	did31	1
qid244098	did94475	1
qid244116	did19360	1
qid244120	did94480	1
qid244123	did54995	1
qid244135	did67474	1
qid244155	did5915	1
qid244156	did59034	1
qid244158	did54350	1
qid244160	did2691	1
qid244177	did231	1
qid244180	did77273	1
qid244184	did69260	1
qid244190	did94495	1
qid244192	did10977	1
qid244195	did74107	1
qid244219	did17494	1
qid244221	did10463	1
qid244226	did52685	1
qid244230	did94502	1
qid244236	did893	1
qid244248	did48423	1
qid244255	did6416	1
qid244267	did51767	1
qid244280	did94509	1
qid244307	did94516	1
qid244308	did18086	1
qid244313	did7721	1
qid244334	did7924	1
qid244339	did19404	1
qid244351	did1495	1
qid244353	did22364	1
qid244358	did7570	1
qid244388	did94525	1
qid244401	did30408	1
qid244447	did11147	1
qid244451	did94545	1
qid244458	did94547	1
qid244464	did94549	1
qid244495	did94556	1
qid244507	did2995	1
qid244509	did71843	1
qid244514	did79670	1
qid244515	did1240	1
qid244524	did22103	1
qid244535	did94567	1
qid244537	did38288	1
qid244553	did94572	1
qid244555	did13552	1
qid244572	did22588	1
qid244584	did10670	1
qid244589	did24584	1
qid244592	did50324	1
qid244596	did5336	1
qid244604	did94584	1
qid244607	did32914	1
qid244610	did24066	1
qid244618	did10516	1
qid244644	did94595	1
qid244654	did19693	1
qid244683	did10058	1
qid244692	did56686	1
qid244701	did9847	1
qid244703	did2723	1
qid244708	did47290	1
qid244721	did43464	1
qid244727	did1873	1
qid244750	did54874	1
qid244753	did20669	1
qid244772	did94625	1
qid244803	did25972	1
qid244820	did94631	1
qid244825	did1640	1
qid244834	did94634	1
qid244848	did7540	1
qid244863	did94643	1
qid244871	did62145	1
qid244890	did17175	1
qid244891	did72383	1
qid244893	did6342	1
qid244901	did27345	1
qid244908	did25756	1
qid244918	did54227	1
qid244919	did36675	1
qid244930	did51978	1
qid244938	did49454	1
qid244946	did94660	1
qid244949	did17727	1
qid244971	did94667	1
qid244978	did8800	1
qid244979	did94668	1
qid245018	did24323	1
qid245044	did60255	1
qid245050	did23903	1
qid245055	did30914	1
qid245056	did21787	1
qid245066	did4152	1
qid245071	did6351	1
qid245086	did32087	1
qid245093	did39648	1
qid245097	did1545	1
qid245117	did2034	1
qid245156	did7998	1
qid245164	did81433	1
qid245165	did60623	1
qid245170	did34753	1
qid245174	did43158	1
qid245177	did1077	1
qid245200	did86261	1
qid245207	did40812	1
qid245212	did94719	1
qid245217	did18495	1
qid245227	did20663	1
qid245237	did57003	1
qid245246	did82521	1
qid245256	did9765	1
qid245264	did94723	1
qid245268	did21315	1
qid245280	did11924	1
qid245281	did94727	1
qid245282	did50342	1
qid245295	did4063	1
qid245312	did18155	1
qid245323	did1379	1
qid245326	did5259	1
qid245333	did67589	1
qid245337	did1077	1
qid245342	did2354	1
qid245347	did94744	1
qid245364	did42713	1
qid245375	did26254	1
qid245377	did94753	1
qid245391	did60317	1
qid245404	did12390	1
qid245416	did32414	1
qid245469	did954	1
qid245476	did28717	1
qid245497	did92731	1
qid245533	did94786	1
qid245534	did94787	1
qid245563	did26216	1
qid245567	did47971	1
qid245568	did1958	1
qid245606	did9227	1
qid245612	did24282	1
qid245618	did94806	1
qid245619	did94807	1
qid245621	did21927	1
qid245623	did12217	1
qid245625	did75508	1
qid245631	did94809	1
qid245633	did94810	1
qid245634	did34094	1
qid245645	did94814	1
qid245647	did76714	1
qid245658	did23991	1
qid245667	did41529	1
qid245669	did20028	1
qid245706	did37886	1
qid245755	did22118	1
qid245760	did21508	1
qid245761	did94837	1
qid245767	did94840	1
qid245796	did15771	1
qid245797	did2090	1
qid245806	did22782	1
qid245832	did25273	1
qid245850	did12392	1
qid245859	did94861	1
qid245865	did1920	1
qid245870	did6310	1
qid245876	did33162	1
qid245898	did15536	1
qid245900	did94871	1
qid245914	did94876	1
qid245917	did94877	1
qid245923	did2718	1
qid245924	did94880	1
qid245939	did94883	1
qid245947	did47917	1
qid245962	did94889	1
qid245963	did59840	1
qid245969	did7243	1
qid245970	did28282	1
qid245977	did15231	1
qid245978	did94893	1
qid245985	did22004	1
qid245990	did23334	1
qid246017	did37536	1
qid246034	did38589	1
qid246040	did94640	1
qid246053	did34033	1
qid246058	did15393	1
qid246095	did1802	1
qid246126	did60881	1
qid246133	did1341	1
qid246148	did5732	1
qid246149	did53190	1
qid246150	did1314	1
qid246158	did10839	1
qid246175	did14860	1
qid246189	did29278	1
qid246202	did94938	1
qid246252	did11945	1
qid246267	did94954	1
qid246279	did94961	1
qid246295	did11235	1
qid246306	did14817	1
qid246327	did53	1
qid246328	did12401	1
qid246344	did94976	1
qid246348	did94978	1
qid246363	did9768	1
qid246366	did52224	1
qid246367	did55639	1
qid246369	did94983	1
qid246385	did94987	1
qid246398	did94988	1
qid246403	did4811	1
qid246445	did14577	1
qid246455	did33046	1
qid246467	did2669	1
qid246477	did60934	1
qid246481	did32414	1
qid246490	did12216	1
qid246501	did95017	1
qid246515	did19794	1
qid246537	did15396	1
qid246550	did14275	1
qid246556	did95028	1
qid246565	did68559	1
qid246588	did1751	1
qid246599	did95037	1
qid246605	did190	1
qid246611	did4409	1
qid246622	did11795	1
qid246624	did8359	1
qid246627	did95042	1
qid246630	did9776	1
qid246637	did33260	1
qid246651	did25582	1
qid246655	did3706	1
qid246658	did24415	1
qid246677	did50815	1
qid246686	did95055	1
qid246697	did31992	1
qid246713	did25318	1
qid246724	did68353	1
qid246726	did95065	1
qid246729	did11052	1
qid246767	did95074	1
qid246776	did51426	1
qid246777	did48506	1
qid246783	did95077	1
qid246810	did73406	1
qid246840	did77993	1
qid246843	did35702	1
qid246850	did40252	1
qid246861	did11051	1
qid246865	did95096	1
qid246877	did95100	1
qid246881	did35912	1
qid246882	did5559	1
qid246887	did29052	1
qid246892	did37520	1
qid246895	did1433	1
qid246912	did43819	1
qid246920	did12091	1
qid246929	did95111	1
qid246930	did28227	1
qid246936	did95112	1
qid246961	did5715	1
qid246963	did37085	1
qid246980	did95123	1
qid246991	did12510	1
qid247011	did14281	1
qid247023	did1706	1
qid247025	did52984	1
qid247030	did60345	1
qid247033	did93803	1
qid247034	did3309	1
qid247038	did67012	1
qid247045	did95136	1
qid247059	did39592	1
qid247065	did67880	1
qid247074	did2698	1
qid247083	did1619	1
qid247086	did95147	1
qid247089	did43300	1
qid247115	did76263	1
qid247122	did27646	1
qid247130	did22170	1
qid247152	did1085	1
qid247183	did12168	1
qid247188	did94184	1
qid247193	did9132	1
qid247196	did15689	1
qid247202	did6692	1
qid247216	did49709	1
qid247217	did281	1
qid247218	did95174	1
qid247223	did15852	1
qid247236	did95178	1
qid247258	did2537	1
qid247262	did24560	1
qid247266	did42603	1
qid247273	did734	1
qid247286	did31167	1
qid247314	did20315	1
qid247329	did60990	1
qid247354	did89693	1
qid247360	did63502	1
qid247384	did47229	1
qid247385	did48491	1
qid247402	did1240	1
qid247406	did95220	1
qid247415	did60286	1
qid247423	did13072	1
qid247424	did421	1
qid247429	did47439	1
qid247441	did8676	1
qid247444	did77433	1
qid247445	did20548	1
qid247447	did4537	1
qid247460	did95226	1
qid247468	did95230	1
qid247481	did95232	1
qid247485	did1021	1
qid247487	did1638	1
qid247492	did95238	1
qid247498	did13187	1
qid247510	did10020	1
qid247522	did34414	1
qid247524	did95245	1
qid247535	did95251	1
qid247542	did36911	1
qid247549	did38878	1
qid247585	did10538	1
qid247611	did47665	1
qid247633	did95278	1
qid247638	did95280	1
qid247647	did29409	1
qid247662	did4021	1
qid247672	did90748	1
qid247680	did13748	1
qid247686	did92	1
qid247698	did95298	1
qid247703	did95299	1
qid247751	did72457	1
qid247755	did9562	1
qid247763	did95314	1
qid247767	did95315	1
qid247791	did3943	1
qid247817	did4897	1
qid247848	did3225	1
qid247851	did44348	1
qid247886	did770	1
qid247887	did37199	1
qid247888	did4211	1
qid247907	did95354	1
qid247928	did53529	1
qid247932	did1973	1
qid247935	did95357	1
qid247943	did39319	1
qid247947	did34789	1
qid247952	did58612	1
qid247965	did95366	1
qid247968	did7196	1
qid247980	did52849	1
qid247992	did50353	1
qid247999	did95373	1
qid248002	did24695	1
qid248021	did95374	1
qid248028	did4142	1
qid248058	did71843	1
qid248071	did3243	1
qid248088	did8979	1
qid248108	did95393	1
qid248142	did58106	1
qid248157	did19824	1
qid248175	did95409	1
qid248189	did95412	1
qid248193	did95414	1
qid248221	did22058	1
qid248224	did60535	1
qid248250	did19578	1
qid248263	did9960	1
qid248269	did58990	1
qid248271	did446	1
qid248277	did90974	1
qid248279	did65514	1
qid248287	did249	1
qid248288	did11160	1
qid248294	did95426	1
qid248302	did32635	1
qid248327	did1020	1
qid248333	did20944	1
qid248359	did5409	1
qid248375	did33797	1
qid248376	did95453	1
qid248380	did3788	1
qid248395	did727	1
qid248397	did53041	1
qid248413	did12583	1
qid248431	did5560	1
qid248435	did13848	1
qid248436	did14597	1
qid248450	did13514	1
qid248462	did52117	1
qid248464	did13369	1
qid248508	did1267	1
qid248509	did11947	1
qid248521	did18197	1
qid248544	did2513	1
qid248565	did95500	1
qid248569	did95501	1
qid248575	did34182	1
qid248590	did95508	1
qid248615	did44027	1
qid248619	did23544	1
qid248622	did12611	1
qid248641	did80942	1
qid248670	did86886	1
qid248672	did95527	1
qid248675	did2972	1
qid248681	did21341	1
qid248688	did88319	1
qid248691	did95533	1
qid248706	did12933	1
qid248710	did95539	1
qid248714	did32431	1
qid248745	did47058	1
qid248766	did37195	1
qid248776	did653	1
qid248779	did78596	1
qid248784	did86516	1
qid248791	did12120	1
qid248792	did3799	1
qid248808	did9248	1
qid248826	did20810	1
qid248833	did13001	1
qid248866	did95579	1
qid248902	did11901	1
qid248909	did1580	1
qid248912	did8124	1
qid248916	did15692	1
qid248924	did6594	1
qid248926	did11766	1
qid248947	did95599	1
qid248950	did34812	1
qid248954	did17947	1
qid248960	did18346	1
qid248979	did17915	1
qid249003	did2574	1
qid249005	did46500	1
qid249012	did11003	1
qid249020	did26511	1
qid249027	did52686	1
qid249039	did56460	1
qid249041	did40194	1
qid249052	did15443	1
qid249075	did95620	1
qid249078	did56964	1
qid249088	did1871	1
qid249094	did462	1
qid249098	did28797	1
qid249100	did19945	1
qid249102	did2348	1
qid249129	did95631	1
qid249150	did95637	1
qid249172	did95641	1
qid249173	did9549	1
qid249175	did20840	1
qid249177	did22099	1
qid249190	did341	1
qid249210	did15396	1
qid249213	did95651	1
qid249215	did71814	1
qid249220	did52766	1
qid249221	did95654	1
qid249268	did4241	1
qid249287	did95666	1
qid249298	did4724	1
qid249303	did42732	1
qid249307	did54655	1
qid249320	did3918	1
qid249325	did41458	1
qid249336	did95676	1
qid249338	did95678	1
qid249343	did95679	1
qid249348	did16251	1
qid249360	did45304	1
qid249364	did75999	1
qid249371	did2300	1
qid249378	did32887	1
qid249381	did11723	1
qid249412	did31424	1
qid249434	did3099	1
qid249445	did938	1
qid249454	did3323	1
qid249469	did95701	1
qid249487	did3943	1
qid249499	did7074	1
qid249502	did95706	1
qid249505	did61793	1
qid249515	did2864	1
qid249523	did20832	1
qid249545	did29806	1
qid249549	did95717	1
qid249591	did5757	1
qid249592	did43358	1
qid249600	did95729	1
qid249643	did13571	1
qid249660	did3047	1
qid249667	did95742	1
qid249674	did95747	1
qid249680	did19762	1
qid249698	did133	1
qid249708	did740	1
qid249717	did60536	1
qid249727	did7622	1
qid249739	did33006	1
qid249742	did17249	1
qid249744	did19477	1
qid249765	did38506	1
qid249767	did95765	1
qid249769	did85547	1
qid249786	did31424	1
qid249792	did4204	1
qid249840	did87368	1
qid249842	did95776	1
qid249844	did25806	1
qid249851	did2308	1
qid249880	did68096	1
qid249888	did95793	1
qid249889	did26978	1
qid249891	did16574	1
qid249897	did65164	1
qid249909	did95797	1
qid249914	did14299	1
qid249915	did2437	1
qid249926	did310	1
qid249931	did73350	1
qid249958	did95809	1
qid249963	did5902	1
qid250017	did59188	1
qid250026	did4120	1
qid250034	did95827	1
qid250035	did95828	1
qid250042	did2324	1
qid250053	did33569	1
qid250070	did80706	1
qid250077	did95838	1
qid250096	did31911	1
qid250101	did7867	1
qid250104	did64352	1
qid250135	did47822	1
qid250139	did8009	1
qid250151	did8040	1
qid250160	did28509	1
qid250166	did95858	1
qid250174	did28248	1
qid250190	did13590	1
qid250194	did5908	1
qid250200	did319	1
qid250212	did95872	1
qid250215	did14444	1
qid250218	did42400	1
qid250231	did28498	1
qid250240	did31655	1
qid250244	did95879	1
qid250245	did46468	1
qid250246	did60983	1
qid250247	did9115	1
qid250250	did26559	1
qid250253	did27352	1
qid250262	did26626	1
qid250273	did95885	1
qid250279	did28072	1
qid250304	did4754	1
qid250309	did34275	1
qid250320	did21438	1
qid250324	did95890	1
qid250327	did95892	1
qid250330	did43271	1
qid250333	did95895	1
qid250346	did12024	1
qid250347	did37578	1
qid250360	did19063	1
qid250362	did23515	1
qid250368	did95906	1
qid250389	did95911	1
qid250395	did76492	1
qid250406	did48787	1
qid250414	did95915	1
qid250439	did1142	1
qid250443	did37762	1
qid250447	did81538	1
qid250469	did10753	1
qid250470	did95925	1
qid250502	did95932	1
qid250517	did95937	1
qid250522	did51190	1
qid250529	did28810	1
qid250532	did3903	1
qid250562	did34010	1
qid250563	did7191	1
qid250574	did56371	1
qid250600	did32561	1
qid250610	did4477	1
qid250611	did95958	1
qid250615	did95959	1
qid250616	did5816	1
qid250646	did36834	1
qid250661	did3244	1
qid250662	did19447	1
qid250680	did11114	1
qid250684	did26401	1
qid250687	did95973	1
qid250692	did79961	1
qid250708	did28631	1
qid250729	did22830	1
qid250751	did95981	1
qid250779	did68931	1
qid250780	did156	1
qid250790	did95987	1
qid250792	did23695	1
qid250808	did5878	1
qid250815	did95996	1
qid250828	did28529	1
qid250850	did26997	1
qid250868	did12143	1
qid250876	did398	1
qid250904	did40168	1
qid250925	did19332	1
qid250928	did96022	1
qid250941	did13423	1
qid250942	did2387	1
qid250947	did47641	1
qid250948	did96026	1
qid250965	did96031	1
qid250983	did12663	1
qid250996	did2112	1
qid251002	did26054	1
qid251019	did50493	1
qid251021	did723	1
qid251031	did2108	1
qid251032	did80805	1
qid251045	did44231	1
qid251046	did35722	1
qid251059	did64825	1
qid251074	did10621	1
qid251085	did66187	1
qid251086	did96053	1
qid251090	did96055	1
qid251091	did57634	1
qid251092	did96056	1
qid251100	did96060	1
qid251102	did8122	1
qid251114	did19746	1
qid251125	did21631	1
qid251129	did74287	1
qid251132	did4709	1
qid251141	did6682	1
qid251146	did11845	1
qid251154	did96068	1
qid251158	did45721	1
qid251165	did7542	1
qid251171	did19954	1
qid251188	did29628	1
qid251191	did20800	1
qid251208	did36956	1
qid251230	did1433	1
qid251237	did10997	1
qid251242	did7720	1
qid251276	did96092	1
qid251289	did49889	1
qid251321	did19407	1
qid251323	did6101	1
qid251334	did6634	1
qid251348	did4545	1
qid251349	did51638	1
qid251351	did46740	1
qid251359	did14823	1
qid251369	did96112	1
qid251400	did96121	1
qid251417	did56927	1
qid251421	did17844	1
qid251430	did15318	1
qid251470	did29116	1
qid251474	did6062	1
qid251486	did8674	1
qid251521	did1842	1
qid251522	did88	1
qid251534	did96150	1
qid251539	did5284	1
qid251545	did5170	1
qid251550	did30041	1
qid251554	did96156	1
qid251565	did7185	1
qid251587	did3400	1
qid251595	did24217	1
qid251597	did87482	1
qid251639	did27150	1
qid251642	did58164	1
qid251663	did24725	1
qid251675	did96187	1
qid251694	did96191	1
qid251704	did2006	1
qid251715	did26661	1
qid251724	did96195	1
qid251741	did87276	1
qid251745	did69134	1
qid251754	did8760	1
qid251765	did19104	1
qid251797	did96209	1
qid251806	did6868	1
qid251845	did96223	1
qid251876	did96229	1
qid251880	did2551	1
qid251894	did96231	1
qid251917	did2802	1
qid251918	did96234	1
qid251924	did7544	1
qid251937	did96237	1
qid251939	did47235	1
qid251943	did2923	1
qid251969	did17467	1
qid251978	did96244	1
qid251984	did44079	1
qid251985	did20224	1
qid251993	did36224	1
qid251996	did10143	1
qid251999	did37197	1
qid252007	did96249	1
qid252009	did96250	1
qid252022	did94886	1
qid252033	did17277	1
qid252043	did24219	1
qid252052	did339	1
qid252074	did15748	1
qid252081	did96266	1
qid252086	did37676	1
qid252093	did96268	1
qid252127	did1678	1
qid252130	did2005	1
qid252141	did723	1
qid252175	did13421	1
qid252177	did48590	1
qid252178	did9387	1
qid252181	did13481	1
qid252203	did23350	1
qid252215	did16475	1
qid252224	did57443	1
qid252232	did3010	1
qid252247	did11339	1
qid252255	did21549	1
qid252261	did37322	1
qid252269	did3626	1
qid252280	did96303	1
qid252281	did12542	1
qid252291	did19794	1
qid252316	did96313	1
qid252323	did96317	1
qid252327	did96319	1
qid252331	did2197	1
qid252333	did14	1
qid252344	did90801	1
qid252348	did94159	1
qid252366	did96327	1
qid252377	did96328	1
qid252382	did33261	1
qid252385	did63927	1
qid252390	did1723	1
qid252395	did96334	1
qid252399	did40896	1
qid252403	did3608	1
qid252408	did29234	1
qid252409	did38117	1
qid252411	did20383	1
qid252433	did15857	1
qid252451	did5300	1
qid252461	did51419	1
qid252465	did7744	1
qid252480	did71963	1
qid252482	did160	1
qid252492	did37197	1
qid252515	did58507	1
qid252536	did1582	1
qid252538	did45804	1
qid252540	did96366	1
qid252562	did51288	1
qid252566	did80184	1
qid252577	did96378	1
qid252606	did8066	1
qid252609	did4725	1
qid252627	did96388	1
qid252648	did73190	1
qid252718	did2680	1
qid252745	did5438	1
qid252746	did53	1
qid252747	did37788	1
qid252750	did96418	1
qid252760	did96420	1
qid252775	did96426	1
qid252787	did51785	1
qid252795	did1174	1
qid252812	did1731	1
qid252817	did1418	1
qid252832	did10514	1
qid252833	did598	1
qid252842	did96443	1
qid252843	did96444	1
qid252848	did579	1
qid252854	did47579	1
qid252855	did83077	1
qid252862	did2086	1
qid252873	did66597	1
qid252943	did24834	1
qid252952	did96470	1
qid252957	did38894	1
qid252965	did33323	1
qid252975	did24330	1
qid252983	did96475	1
qid253005	did92265	1
qid253011	did798	1
qid253049	did96492	1
qid253058	did31356	1
qid253065	did2489	1
qid253081	did33018	1
qid253083	did96500	1
qid253102	did96504	1
qid253104	did1649	1
qid253106	did83175	1
qid253143	did16772	1
qid253144	did5509	1
qid253150	did38238	1
qid253152	did48467	1
qid253159	did13813	1
qid253188	did11490	1
qid253194	did96522	1
qid253206	did60938	1
qid253208	did96527	1
qid253215	did15670	1
qid253231	did10668	1
qid253245	did96536	1
qid253247	did22849	1
qid253248	did39561	1
qid253249	did4247	1
qid253253	did96538	1
qid253262	did96543	1
qid253276	did82012	1
qid253279	did96547	1
qid253296	did19943	1
qid253309	did3958	1
qid253320	did25552	1
qid253327	did38299	1
qid253332	did21874	1
qid253334	did96558	1
qid253336	did88607	1
qid253344	did66097	1
qid253352	did96562	1
qid253355	did4021	1
qid253358	did10345	1
qid253372	did7472	1
qid253394	did49393	1
qid253402	did11533	1
qid253408	did51602	1
qid253409	did60545	1
qid253416	did96579	1
qid253438	did96585	1
qid253441	did17079	1
qid253455	did96589	1
qid253464	did96590	1
qid253473	did7924	1
qid253475	did96593	1
qid253503	did38662	1
qid253507	did2281	1
qid253533	did31593	1
qid253543	did6652	1
qid253552	did96614	1
qid253556	did13636	1
qid253557	did96616	1
qid253582	did15080	1
qid253616	did6753	1
qid253626	did5462	1
qid253639	did96640	1
qid253652	did23250	1
qid253684	did27191	1
qid253687	did96648	1
qid253706	did96655	1
qid253722	did28163	1
qid253762	did46096	1
qid253777	did96673	1
qid253778	did21097	1
qid253780	did41325	1
qid253792	did65631	1
qid253801	did96679	1
qid253856	did10652	1
qid253900	did53055	1
qid253915	did67937	1
qid253934	did41802	1
qid253968	did17734	1
qid253972	did49323	1
qid253978	did11143	1
qid253980	did14702	1
qid253986	did27664	1
qid253987	did31938	1
qid253997	did5414	1
qid254007	did96723	1
qid254019	did96726	1
qid254023	did58643	1
qid254032	did3104	1
qid254052	did96734	1
qid254061	did37115	1
qid254062	did26420	1
qid254064	did73842	1
qid254085	did23819	1
qid254086	did6803	1
qid254100	did96744	1
qid254129	did68557	1
qid254130	did17982	1
qid254217	did96768	1
qid254222	did14778	1
qid254224	did20160	1
qid254235	did30775	1
qid254244	did988	1
qid254253	did3922	1
qid254260	did20959	1
qid254263	did96777	1
qid254268	did9579	1
qid254276	did96781	1
qid254294	did96789	1
qid254300	did23471	1
qid254308	did96795	1
qid254310	did21538	1
qid254317	did7677	1
qid254332	did20659	1
qid254333	did35216	1
qid254350	did42258	1
qid254356	did18327	1
qid254359	did28161	1
qid254360	did96803	1
qid254363	did66194	1
qid254368	did96804	1
qid254369	did96805	1
qid254374	did96808	1
qid254380	did86344	1
qid254410	did6152	1
qid254414	did28128	1
qid254456	did27238	1
qid254468	did26028	1
qid254501	did8446	1
qid254509	did12504	1
qid254522	did96838	1
qid254523	did47561	1
qid254524	did584	1
qid254538	did28183	1
qid254540	did5477	1
qid254545	did96845	1
qid254567	did3587	1
qid254569	did48295	1
qid254570	did76669	1
qid254577	did25334	1
qid254588	did7072	1
qid254593	did96855	1
qid254597	did11061	1
qid254606	did96860	1
qid254614	did72543	1
qid254628	did96379	1
qid254629	did12866	1
qid254631	did75425	1
qid254632	did467	1
qid254644	did78183	1
qid254687	did4838	1
qid254694	did96872	1
qid254701	did16859	1
qid254703	did96875	1
qid254704	did54797	1
qid254757	did96885	1
qid254760	did34760	1
qid254761	did13625	1
qid254778	did20439	1
qid254780	did19440	1
qid254801	did96892	1
qid254819	did13152	1
qid254825	did85353	1
qid254832	did593	1
qid254833	did4853	1
qid254843	did11723	1
qid254855	did96902	1
qid254857	did3788	1
qid254858	did57758	1
qid254892	did8447	1
qid254896	did16025	1
qid254898	did60911	1
qid254903	did859	1
qid254907	did1978	1
qid254908	did32682	1
qid254915	did96910	1
qid254918	did1672	1
qid254930	did22947	1
qid254958	did21115	1
qid254959	did21710	1
qid254997	did44045	1
qid255014	did96935	1
qid255020	did96937	1
qid255041	did48354	1
qid255070	did96949	1
qid255097	did226	1
qid255128	did4645	1
qid255135	did15909	1
qid255145	did34218	1
qid255172	did96973	1
qid255178	did716	1
qid255192	did2011	1
qid255210	did598	1
qid255213	did35017	1
qid255220	did9676	1
qid255234	did96991	1
qid255237	did3349	1
qid255248	did43852	1
qid255249	did35702	1
qid255250	did6378	1
qid255264	did12181	1
qid255271	did11956	1
qid255278	did97001	1
qid255296	did3317	1
qid255305	did37742	1
qid255318	did15564	1
qid255319	did52574	1
qid255323	did39688	1
qid255334	did244	1
qid255337	did3464	1
qid255338	did65516	1
qid255347	did18311	1
qid255360	did41902	1
qid255364	did26613	1
qid255392	did86515	1
qid255398	did97025	1
qid255408	did97026	1
qid255430	did2804	1
qid255446	did86877	1
qid255467	did97042	1
qid255471	did429	1
qid255478	did31118	1
qid255509	did29944	1
qid255525	did11692	1
qid255535	did3300	1
qid255537	did97056	1
qid255554	did5528	1
qid255561	did97065	1
qid255581	did31074	1
qid255590	did97068	1
qid255593	did97069	1
qid255608	did40006	1
qid255632	did97077	1
qid255653	did26650	1
qid255662	did97089	1
qid255665	did12002	1
qid255669	did73611	1
qid255673	did32330	1
qid255682	did569	1
qid255689	did97095	1
qid255697	did13491	1
qid255707	did97098	1
qid255718	did9372	1
qid255721	did1622	1
qid255726	did97101	1
qid255734	did50022	1
qid255744	did5598	1
qid255761	did27791	1
qid255777	did97112	1
qid255793	did7213	1
qid255800	did24679	1
qid255816	did9919	1
qid255828	did39211	1
qid255833	did97125	1
qid255854	did42847	1
qid255870	did47301	1
qid255875	did39556	1
qid255887	did1966	1
qid255903	did16622	1
qid255904	did97143	1
qid255907	did97144	1
qid255915	did97146	1
qid255926	did615	1
qid255932	did37324	1
qid255960	did28179	1
qid255963	did4471	1
qid255964	did3528	1
qid255965	did1622	1
qid255992	did1233	1
qid256007	did97163	1
qid256010	did8068	1
qid256016	did5169	1
qid256045	did10635	1
qid256054	did58985	1
qid256059	did64478	1
qid256078	did97179	1
qid256093	did31464	1
qid256122	did5211	1
qid256131	did24928	1
qid256141	did97193	1
qid256152	did55648	1
qid256153	did12301	1
qid256181	did83798	1
qid256196	did68654	1
qid256203	did22703	1
qid256242	did22038	1
qid256247	did4423	1
qid256248	did97221	1
qid256250	did50188	1
qid256254	did69650	1
qid256259	did39417	1
qid256263	did97227	1
qid256266	did2813	1
qid256275	did833	1
qid256318	did48327	1
qid256341	did17488	1
qid256363	did97253	1
qid256364	did11617	1
qid256389	did10243	1
qid256395	did28795	1
qid256396	did97260	1
qid256409	did18348	1
qid256439	did2651	1
qid256446	did8258	1
qid256449	did6151	1
qid256454	did6208	1
qid256458	did1142	1
qid256463	did18967	1
qid256477	did97275	1
qid256484	did10752	1
qid256488	did7517	1
qid256499	did355	1
qid256500	did56474	1
qid256511	did12907	1
qid256522	did77933	1
qid256554	did10565	1
qid256557	did5189	1
qid256566	did481	1
qid256572	did3437	1
qid256604	did33807	1
qid256612	did97299	1
qid256636	did61348	1
qid256644	did5690	1
qid256658	did2594	1
qid256664	did97316	1
qid256672	did28510	1
qid256682	did310	1
qid256690	did54450	1
qid256704	did53003	1
qid256705	did8927	1
qid256713	did7526	1
qid256714	did46435	1
qid256719	did75508	1
qid256841	did37631	1
qid256843	did29219	1
qid256856	did97361	1
qid256882	did1678	1
qid256891	did19799	1
qid256895	did2769	1
qid256910	did61646	1
qid256911	did29873	1
qid256920	did12262	1
qid256930	did97373	1
qid256941	did8528	1
qid256946	did6635	1
qid256956	did97153	1
qid256968	did34034	1
qid256988	did5940	1
qid257045	did49716	1
qid257063	did19060	1
qid257079	did97409	1
qid257084	did9353	1
qid257085	did1115	1
qid257098	did13567	1
qid257104	did29724	1
qid257105	did16839	1
qid257111	did79738	1
qid257113	did9317	1
qid257131	did4914	1
qid257147	did6455	1
qid257155	did405	1
qid257164	did10982	1
qid257186	did97432	1
qid257202	did5308	1
qid257204	did66074	1
qid257205	did22119	1
qid257208	did19592	1
qid257230	did17568	1
qid257237	did97444	1
qid257254	did83367	1
qid257272	did97455	1
qid257302	did97459	1
qid257310	did97462	1
qid257318	did1826	1
qid257320	did12656	1
qid257321	did71128	1
qid257326	did14566	1
qid257335	did6667	1
qid257339	did97466	1
qid257341	did51695	1
qid257352	did34333	1
qid257358	did97473	1
qid257369	did97475	1
qid257370	did22196	1
qid257374	did14767	1
qid257376	did97477	1
qid257384	did2078	1
qid257431	did20001	1
qid257453	did25742	1
qid257467	did97494	1
qid257472	did26280	1
qid257474	did910	1
qid257483	did33182	1
qid257499	did97499	1
qid257515	did1194	1
qid257526	did97502	1
qid257530	did96259	1
qid257545	did9299	1
qid257559	did97510	1
qid257581	did27296	1
qid257590	did11648	1
qid257591	did21825	1
qid257598	did97517	1
qid257625	did355	1
qid257645	did10400	1
qid257651	did193	1
qid257667	did11559	1
qid257682	did68193	1
qid257693	did1770	1
qid257695	did82393	1
qid257708	did43712	1
qid257717	did97542	1
qid257733	did8045	1
qid257742	did173	1
qid257753	did43196	1
qid257765	did1074	1
qid257769	did13927	1
qid257781	did97558	1
qid257787	did97560	1
qid257793	did2388	1
qid257802	did56045	1
qid257803	did97561	1
qid257835	did97572	1
qid257844	did14147	1
qid257863	did97580	1
qid257887	did42504	1
qid257909	did97588	1
qid257921	did2985	1
qid257946	did90873	1
qid257947	did33613	1
qid257951	did36898	1
qid257959	did97599	1
qid257966	did32553	1
qid257967	did1821	1
qid257975	did11023	1
qid257977	did56321	1
qid257978	did56364	1
qid257992	did25296	1
qid257998	did97610	1
qid258019	did38704	1
qid258024	did97614	1
qid258038	did65227	1
qid258043	did44854	1
qid258047	did97617	1
qid258057	did531	1
qid258078	did40755	1
qid258080	did1386	1
qid258088	did70641	1
qid258091	did32556	1
qid258095	did97625	1
qid258104	did78201	1
qid258106	did2717	1
qid258107	did1039	1
qid258123	did59156	1
qid258135	did2064	1
qid258139	did68421	1
qid258142	did74870	1
qid258147	did34489	1
qid258163	did29018	1
qid258166	did97637	1
qid258196	did59191	1
qid258243	did92726	1
qid258249	did75486	1
qid258250	did97655	1
qid258255	did12346	1
qid258263	did11557	1
qid258278	did61636	1
qid258283	did3943	1
qid258287	did29440	1
qid258299	did2218	1
qid258319	did54693	1
qid258322	did36715	1
qid258333	did33286	1
qid258345	did67845	1
qid258367	did86491	1
qid258371	did78483	1
qid258381	did1958	1
qid258387	did97675	1
qid258397	did11046	1
qid258412	did4236	1
qid258415	did15399	1
qid258418	did97680	1
qid258420	did97681	1
qid258426	did97683	1
qid258440	did97685	1
qid258443	did13534	1
qid258487	did97697	1
qid258500	did41055	1
qid258508	did7389	1
qid258511	did19413	1
qid258516	did97699	1
qid258518	did50728	1
qid258565	did81815	1
qid258567	did32568	1
qid258582	did97716	1
qid258588	did97718	1
qid258615	did36648	1
qid258622	did67900	1
qid258637	did3159	1
qid258642	did14260	1
qid258677	did2271	1
qid258679	did23834	1
qid258690	did74684	1
qid258695	did97067	1
qid258702	did25315	1
qid258703	did13598	1
qid258717	did4695	1
qid258719	did25393	1
qid258758	did76424	1
qid258771	did54921	1
qid258782	did21758	1
qid258805	did96823	1
qid258812	did97765	1
qid258815	did9846	1
qid258818	did10286	1
qid258854	did4176	1
qid258858	did97772	1
qid258861	did75166	1
qid258862	did3260	1
qid258903	did18001	1
qid258921	did97787	1
qid258925	did22804	1
qid258926	did97788	1
qid258940	did70985	1
qid258963	did57308	1
qid258989	did3921	1
qid259001	did97803	1
qid259010	did1077	1
qid259037	did175	1
qid259041	did25566	1
qid259044	did58009	1
qid259056	did97817	1
qid259067	did40385	1
qid259069	did4658	1
qid259077	did2382	1
qid259079	did2850	1
qid259096	did24587	1
qid259098	did1133	1
qid259099	did4900	1
qid259108	did26134	1
qid259117	did49531	1
qid259135	did97830	1
qid259142	did58840	1
qid259144	did44132	1
qid259148	did9950	1
qid259156	did7728	1
qid259167	did59600	1
qid259169	did97837	1
qid259171	did97838	1
qid259193	did97841	1
qid259212	did1909	1
qid259218	did35344	1
qid259224	did35980	1
qid259225	did6814	1
qid259275	did29298	1
qid259279	did97863	1
qid259289	did18200	1
qid259297	did97870	1
qid259302	did55181	1
qid259303	did67048	1
qid259329	did97882	1
qid259331	did4319	1
qid259333	did235	1
qid259346	did45719	1
qid259352	did61019	1
qid259358	did62965	1
qid259366	did47484	1
qid259391	did10779	1
qid259398	did97898	1
qid259419	did97904	1
qid259420	did7542	1
qid259427	did4050	1
qid259474	did37982	1
qid259475	did2707	1
qid259494	did17925	1
qid259500	did19562	1
qid259517	did28602	1
qid259532	did69750	1
qid259537	did97927	1
qid259541	did97928	1
qid259573	did2669	1
qid259601	did37714	1
qid259615	did97940	1
qid259621	did28641	1
qid259644	did28398	1
qid259657	did4379	1
qid259664	did20995	1
qid259677	did28331	1
qid259716	did58100	1
qid259723	did11563	1
qid259734	did4346	1
qid259765	did20609	1
qid259768	did23	1
qid259781	did11027	1
qid259788	did10086	1
qid259792	did6506	1
qid259794	did97977	1
qid259804	did38850	1
qid259816	did4637	1
qid259818	did2897	1
qid259836	did16293	1
qid259838	did3041	1
qid259843	did12692	1
qid259858	did8777	1
qid259882	did16370	1
qid259892	did14673	1
qid259898	did21469	1
qid259900	did55939	1
qid259902	did25010	1
qid259912	did15011	1
qid259937	did17169	1
qid259948	did31209	1
qid259959	did971	1
qid259960	did98013	1
qid259970	did23149	1
qid259974	did17454	1
qid259981	did98016	1
qid259993	did12978	1
qid259995	did68556	1
qid260008	did98020	1
qid260020	did28541	1
qid260024	did1467	1
qid260038	did27452	1
qid260048	did98029	1
qid260063	did98034	1
qid260097	did98044	1
qid260099	did12901	1
qid260110	did938	1
qid260111	did6610	1
qid260115	did3766	1
qid260133	did28283	1
qid260140	did569	1
qid260143	did11321	1
qid260157	did69116	1
qid260163	did98056	1
qid260173	did447	1
qid260181	did15025	1
qid260214	did47856	1
qid260216	did98066	1
qid260219	did98067	1
qid260221	did94717	1
qid260228	did14767	1
qid260243	did48605	1
qid260266	did98078	1
qid260270	did98079	1
qid260271	did2588	1
qid260273	did11766	1
qid260280	did24475	1
qid260283	did98081	1
qid260299	did3558	1
qid260305	did49578	1
qid260324	did10567	1
qid260340	did69298	1
qid260346	did98100	1
qid260347	did98101	1
qid260366	did42336	1
qid260382	did11160	1
qid260401	did34639	1
qid260405	did41	1
qid260409	did98113	1
qid260417	did52087	1
qid260431	did47924	1
qid260438	did55734	1
qid260445	did86655	1
qid260483	did98132	1
qid260491	did31574	1
qid260500	did98136	1
qid260514	did29000	1
qid260516	did6362	1
qid260519	did13805	1
qid260523	did33544	1
qid260526	did17884	1
qid260530	did579	1
qid260533	did6579	1
qid260536	did98144	1
qid260541	did30177	1
qid260559	did20768	1
qid260574	did1060	1
qid260594	did16234	1
qid260609	did43835	1
qid260644	did2432	1
qid260650	did88465	1
qid260651	did43698	1
qid260653	did70591	1
qid260667	did16682	1
qid260672	did98175	1
qid260677	did75023	1
qid260693	did44233	1
qid260700	did43821	1
qid260702	did4557	1
qid260717	did98185	1
qid260720	did98187	1
qid260722	did98188	1
qid260746	did58339	1
qid260813	did1785	1
qid260815	did43653	1
qid260816	did47588	1
qid260830	did5841	1
qid260844	did45229	1
qid260863	did59778	1
qid260866	did19043	1
qid260871	did596	1
qid260876	did39538	1
qid260878	did93792	1
qid260889	did1303	1
qid260914	did15906	1
qid260928	did60671	1
qid260933	did9485	1
qid260938	did98232	1
qid260940	did34580	1
qid261003	did2300	1
qid261006	did98243	1
qid261022	did98248	1
qid261023	did17718	1
qid261034	did1809	1
qid261038	did37014	1
qid261043	did13648	1
qid261045	did37078	1
qid261046	did98253	1
qid261052	did5941	1
qid261059	did4720	1
qid261065	did28786	1
qid261079	did98263	1
qid261083	did792	1
qid261087	did10337	1
qid261127	did2279	1
qid261131	did35845	1
qid261135	did24103	1
qid261138	did35522	1
qid261143	did98273	1
qid261148	did98275	1
qid261150	did541	1
qid261157	did2502	1
qid261163	did98278	1
qid261176	did34861	1
qid261182	did95505	1
qid261210	did51009	1
qid261212	did98298	1
qid261219	did37777	1
qid261224	did73342	1
qid261242	did1095	1
qid261246	did63549	1
qid261258	did43698	1
qid261274	did4970	1
qid261275	did39521	1
qid261295	did98319	1
qid261298	did7065	1
qid261306	did6540	1
qid261331	did1709	1
qid261356	did18668	1
qid261372	did881	1
qid261387	did88893	1
qid261391	did4519	1
qid261396	did5918	1
qid261427	did98347	1
qid261460	did98357	1
qid261464	did98359	1
qid261471	did98360	1
qid261489	did739	1
qid261516	did98368	1
qid261531	did1769	1
qid261541	did98378	1
qid261550	did98380	1
qid261566	did7484	1
qid261569	did38598	1
qid261586	did75289	1
qid261594	did13902	1
qid261609	did77734	1
qid261611	did12997	1
qid261612	did98398	1
qid261622	did3512	1
qid261624	did28683	1
qid261629	did98400	1
qid261635	did24531	1
qid261637	did10435	1
qid261639	did9127	1
qid261640	did19131	1
qid261671	did6336	1
qid261675	did62677	1
qid261676	did81253	1
qid261677	did98410	1
qid261686	did21126	1
qid261703	did69710	1
qid261713	did15935	1
qid261718	did98417	1
qid261719	did12070	1
qid261743	did9919	1
qid261748	did98429	1
qid261749	did80111	1
qid261760	did98433	1
qid261763	did38383	1
qid261770	did98438	1
qid261790	did73370	1
qid261802	did8572	1
qid261820	did98450	1
qid261861	did615	1
qid261908	did23311	1
qid261919	did98474	1
qid261934	did98478	1
qid261937	did27214	1
qid261945	did26809	1
qid261979	did18640	1
qid261980	did98487	1
qid261983	did68966	1
qid262015	did84733	1
qid262021	did98495	1
qid262022	did25195	1
qid262050	did98499	1
qid262053	did26629	1
qid262057	did51667	1
qid262073	did98502	1
qid262076	did98504	1
qid262079	did1379	1
qid262087	did936	1
qid262091	did43871	1
qid262110	did55920	1
qid262116	did36164	1
qid262141	did4866	1
qid262153	did46905	1
qid262158	did75404	1
qid262161	did569	1
qid262162	did25584	1
qid262180	did28844	1
qid262192	did35919	1
qid262197	did45321	1
qid262200	did39023	1
qid262250	did9559	1
qid262251	did31482	1
qid262253	did8911	1
qid262254	did98539	1
qid262271	did98542	1
qid262278	did16810	1
qid262286	did7686	1
qid262293	did29398	1
qid262298	did34799	1
qid262310	did32708	1
qid262352	did12840	1
qid262364	did954	1
qid262374	did98567	1
qid262376	did34829	1
qid262406	did45423	1
qid262409	did34985	1
qid262433	did3943	1
qid262434	did21457	1
qid262438	did50690	1
qid262457	did6003	1
qid262473	did17030	1
qid262495	did39738	1
qid262498	did64622	1
qid262519	did58416	1
qid262528	did11311	1
qid262530	did79442	1
qid262539	did11438	1
qid262540	did98596	1
qid262551	did26125	1
qid262578	did65442	1
qid262580	did9821	1
qid262584	did35591	1
qid262593	did44103	1
qid262595	did47006	1
qid262599	did1021	1
qid262643	did2680	1
qid262646	did83600	1
qid262662	did98620	1
qid262665	did45	1
qid262686	did5559	1
qid262691	did43239	1
qid262694	did98629	1
qid262695	did4661	1
qid262702	did69514	1
qid262712	did25009	1
qid262717	did40524	1
qid262721	did98632	1
qid262732	did82265	1
qid262733	did31845	1
qid262757	did68949	1
qid262760	did98640	1
qid262764	did98642	1
qid262770	did598	1
qid262791	did2917	1
qid262802	did48496	1
qid262803	did98647	1
qid262813	did6427	1
qid262815	did59131	1
qid262816	did26600	1
qid262833	did985	1
qid262840	did86563	1
qid262860	did45150	1
qid262864	did30585	1
qid262875	did1869	1
qid262880	did40491	1
qid262881	did2641	1
qid262892	did24605	1
qid262900	did13090	1
qid262901	did3568	1
qid262904	did30433	1
qid262905	did12533	1
qid262914	did98666	1
qid262924	did12360	1
qid262930	did16574	1
qid262933	did25475	1
qid262939	did19822	1
qid262960	did98686	1
qid262988	did36269	1
qid262994	did37032	1
qid263003	did31199	1
qid263014	did5925	1
qid263024	did25950	1
qid263046	did42720	1
qid263047	did13462	1
qid263055	did16307	1
qid263058	did17275	1
qid263064	did180	1
qid263066	did81444	1
qid263069	did16285	1
qid263099	did60182	1
qid263102	did7245	1
qid263103	did98716	1
qid263111	did17772	1
qid263123	did6279	1
qid263131	did98723	1
qid263138	did13766	1
qid263141	did98725	1
qid263145	did21201	1
qid263171	did98730	1
qid263172	did71611	1
qid263175	did26783	1
qid263177	did36184	1
qid263190	did938	1
qid263196	did17040	1
qid263198	did33911	1
qid263200	did18137	1
qid263202	did12002	1
qid263218	did98738	1
qid263237	did24654	1
qid263248	did87920	1
qid263249	did98745	1
qid263264	did3563	1
qid263266	did14018	1
qid263279	did73404	1
qid263282	did65193	1
qid263296	did4374	1
qid263341	did12002	1
qid263349	did19122	1
qid263351	did98767	1
qid263374	did27825	1
qid263376	did49513	1
qid263382	did4061	1
qid263386	did26921	1
qid263388	did98774	1
qid263391	did8901	1
qid263413	did98781	1
qid263421	did32042	1
qid263428	did66214	1
qid263430	did2020	1
qid263432	did58612	1
qid263455	did19024	1
qid263483	did4862	1
qid263492	did11772	1
qid263507	did4308	1
qid263534	did4366	1
qid263544	did98813	1
qid263548	did52620	1
qid263550	did32564	1
qid263551	did42452	1
qid263559	did98817	1
qid263561	did15820	1
qid263563	did35904	1
qid263575	did27709	1
qid263583	did48434	1
qid263586	did39181	1
qid263596	did36143	1
qid263603	did16303	1
qid263609	did57803	1
qid263614	did615	1
qid263624	did66210	1
qid263642	did13939	1
qid263645	did98831	1
qid263664	did7249	1
qid263667	did62297	1
qid263679	did3256	1
qid263694	did98843	1
qid263734	did4095	1
qid263748	did98857	1
qid263752	did14741	1
qid263772	did20413	1
qid263774	did53576	1
qid263806	did36223	1
qid263827	did5915	1
qid263828	did18462	1
qid263829	did98871	1
qid263851	did76211	1
qid263869	did5417	1
qid263873	did41369	1
qid263896	did98885	1
qid263901	did23170	1
qid263906	did19831	1
qid263950	did38067	1
qid263952	did1462	1
qid263964	did1809	1
qid263968	did63173	1
qid263970	did35546	1
qid263973	did17609	1
qid263993	did20329	1
qid263995	did4188	1
qid264024	did18178	1
qid264026	did631	1
qid264027	did21611	1
qid264035	did44489	1
qid264039	did8551	1
qid264051	did98917	1
qid264052	did98918	1
qid264053	did3694	1
qid264057	did84186	1
qid264059	did98919	1
qid264066	did98920	1
qid264075	did24022	1
qid264077	did24679	1
qid264092	did98930	1
qid264098	did62466	1
qid264102	did28136	1
qid264104	did98933	1
qid264109	did1644	1
qid264115	did98935	1
qid264117	did98936	1
qid264124	did56678	1
qid264141	did893	1
qid264160	did38603	1
qid264164	did52850	1
qid264166	did12656	1
qid264168	did98948	1
qid264197	did16458	1
qid264206	did50892	1
qid264221	did47833	1
qid264243	did67379	1
qid264249	did37660	1
qid264254	did39478	1
qid264270	did69388	1
qid264289	did46817	1
qid264304	did98978	1
qid264309	did26929	1
qid264342	did12391	1
qid264356	did1292	1
qid264366	did9087	1
qid264380	did2666	1
qid264381	did3557	1
qid264383	did38483	1
qid264384	did98993	1
qid264388	did98994	1
qid264397	did26510	1
qid264405	did25154	1
qid264406	did88972	1
qid264411	did77590	1
qid264419	did32581	1
qid264430	did31158	1
qid264437	did55839	1
qid264444	did3045	1
qid264455	did18241	1
qid264478	did5139	1
qid264483	did10226	1
qid264494	did82625	1
qid264495	did99012	1
qid264518	did33211	1
qid264547	did63023	1
qid264563	did99030	1
qid264564	did5050	1
qid264565	did4620	1
qid264579	did99034	1
qid264603	did99041	1
qid264607	did23995	1
qid264614	did27150	1
qid264615	did10924	1
qid264619	did55160	1
qid264625	did17407	1
qid264627	did3754	1
qid264629	did50928	1
qid264632	did74213	1
qid264639	did3616	1
qid264653	did99053	1
qid264657	did99054	1
qid264661	did78405	1
qid264688	did44317	1
qid264698	did19187	1
qid264701	did54026	1
qid264704	did5700	1
qid264717	did36241	1
qid264729	did30297	1
qid264734	did12347	1
qid264740	did601	1
qid264743	did33489	1
qid264752	did16958	1
qid264772	did86693	1
qid264781	did3484	1
qid264786	did84397	1
qid264794	did32145	1
qid264801	did57188	1
qid264808	did22288	1
qid264809	did73370	1
qid264825	did15181	1
qid264838	did1345	1
qid264853	did91821	1
qid264855	did16932	1
qid264878	did7081	1
qid264883	did27713	1
qid264890	did2707	1
qid264892	did4072	1
qid264896	did99105	1
qid264900	did4820	1
qid264912	did45147	1
qid264922	did39772	1
qid264940	did48500	1
qid264972	did13644	1
qid264973	did36705	1
qid264975	did2120	1
qid264979	did7122	1
qid264991	did2343	1
qid265009	did5393	1
qid265010	did99134	1
qid265016	did32572	1
qid265017	did99137	1
qid265019	did99138	1
qid265044	did39365	1
qid265066	did99147	1
qid265070	did165	1
qid265073	did23787	1
qid265098	did70684	1
qid265105	did4643	1
qid265129	did13197	1
qid265160	did4856	1
qid265174	did6186	1
qid265175	did95585	1
qid265179	did16118	1
qid265180	did99166	1
qid265182	did99167	1
qid265216	did99180	1
qid265221	did3424	1
qid265226	did2522	1
qid265229	did32863	1
qid265239	did15028	1
qid265247	did877	1
qid265249	did13005	1
qid265250	did48089	1
qid265255	did81856	1
qid265261	did81059	1
qid265263	did99188	1
qid265266	did99191	1
qid265285	did99195	1
qid265286	did99196	1
qid265295	did53555	1
qid265303	did3555	1
qid265310	did20773	1
qid265361	did99215	1
qid265366	did6358	1
qid265368	did99217	1
qid265380	did99223	1
qid265396	did1931	1
qid265398	did11108	1
qid265423	did16508	1
qid265443	did24950	1
qid265447	did99241	1
qid265494	did467	1
qid265511	did2747	1
qid265529	did11063	1
qid265536	did76122	1
qid265540	did27809	1
qid265557	did99268	1
qid265558	did81569	1
qid265568	did99270	1
qid265590	did9373	1
qid265598	did99273	1
qid265607	did7790	1
qid265612	did28683	1
qid265616	did59985	1
qid265620	did18324	1
qid265647	did15249	1
qid265666	did58265	1
qid265681	did15192	1
qid265697	did99287	1
qid265709	did35421	1
qid265718	did10160	1
qid265726	did21447	1
qid265769	did6663	1
qid265773	did53397	1
qid265789	did32778	1
qid265803	did73025	1
qid265809	did99314	1
qid265810	did99315	1
qid265815	did38232	1
qid265817	did99317	1
qid265825	did99320	1
qid265834	did16327	1
qid265850	did579	1
qid265858	did95788	1
qid265863	did3287	1
qid265881	did71257	1
qid265917	did5366	1
qid265936	did2770	1
qid265937	did1898	1
qid265949	did33718	1
qid265983	did51544	1
qid265988	did62815	1
qid266022	did30782	1
qid266037	did22037	1
qid266039	did13129	1
qid266060	did51709	1
qid266079	did43329	1
qid266080	did36042	1
qid266083	did99360	1
qid266091	did99363	1
qid266094	did25071	1
qid266104	did12167	1
qid266116	did26388	1
qid266118	did8269	1
qid266122	did4720	1
qid266123	did99371	1
qid266129	did22075	1
qid266130	did2996	1
qid266153	did10880	1
qid266156	did6081	1
qid266167	did10474	1
qid266179	did7572	1
qid266190	did12041	1
qid266200	did41210	1
qid266206	did34978	1
qid266208	did13231	1
qid266211	did1142	1
qid266215	did99388	1
qid266236	did27968	1
qid266270	did27929	1
qid266284	did29452	1
qid266296	did8107	1
qid266301	did3309	1
qid266312	did78	1
qid266317	did99407	1
qid266330	did4323	1
qid266336	did99413	1
qid266339	did40393	1
qid266340	did99414	1
qid266343	did99416	1
qid266357	did76971	1
qid266378	did19524	1
qid266388	did53977	1
qid266409	did1031	1
qid266423	did71576	1
qid266432	did99438	1
qid266462	did25958	1
qid266466	did21633	1
qid266490	did99446	1
qid266498	did22418	1
qid266501	did16902	1
qid266503	did30523	1
qid266517	did17499	1
qid266543	did4477	1
qid266570	did4324	1
qid266574	did3891	1
qid266599	did83433	1
qid266613	did1782	1
qid266616	did99473	1
qid266624	did34033	1
qid266627	did38444	1
qid266633	did99477	1
qid266638	did19969	1
qid266651	did99484	1
qid266655	did61497	1
qid266658	did99486	1
qid266663	did99488	1
qid266677	did99495	1
qid266680	did19297	1
qid266692	did99500	1
qid266694	did34056	1
qid266708	did1809	1
qid266731	did6657	1
qid266740	did99512	1
qid266744	did99513	1
qid266754	did17262	1
qid266772	did9932	1
qid266773	did90571	1
qid266774	did99519	1
qid266776	did34374	1
qid266781	did55881	1
qid266785	did8540	1
qid266797	did99525	1
qid266842	did99539	1
qid266849	did99342	1
qid266872	did1364	1
qid266874	did24994	1
qid266875	did64072	1
qid266890	did19910	1
qid266895	did15245	1
qid266909	did10772	1
qid266910	did1244	1
qid266913	did47008	1
qid266924	did15540	1
qid266949	did99561	1
qid266950	did60225	1
qid266962	did99564	1
qid266978	did70992	1
qid266981	did28931	1
qid266993	did161	1
qid267025	did596	1
qid267053	did99584	1
qid267067	did99588	1
qid267082	did99590	1
qid267092	did6729	1
qid267117	did99601	1
qid267128	did99603	1
qid267134	did19656	1
qid267135	did1761	1
qid267142	did17397	1
qid267144	did99605	1
qid267155	did99607	1
qid267158	did13392	1
qid267162	did99609	1
qid267171	did29459	1
qid267184	did9682	1
qid267199	did6309	1
qid267208	did607	1
qid267215	did99618	1
qid267226	did7822	1
qid267227	did99621	1
qid267244	did1644	1
qid267253	did57636	1
qid267262	did84034	1
qid267270	did7785	1
qid267285	did15692	1
qid267291	did27453	1
qid267310	did18693	1
qid267355	did99645	1
qid267385	did15118	1
qid267404	did99656	1
qid267406	did26207	1
qid267409	did58781	1
qid267421	did34116	1
qid267441	did13105	1
qid267450	did6017	1
qid267456	did99665	1
qid267464	did76492	1
qid267496	did18564	1
qid267502	did63728	1
qid267504	did99673	1
qid267506	did5677	1
qid267513	did3043	1
qid267527	did99676	1
qid267550	did19477	1
qid267561	did22817	1
qid267569	did3028	1
qid267582	did95035	1
qid267586	did4453	1
qid267592	did47908	1
qid267603	did36907	1
qid267614	did57105	1
qid267624	did99691	1
qid267640	did99696	1
qid267642	did36024	1
qid267643	did4386	1
qid267646	did18596	1
qid267652	did25020	1
qid267671	did32919	1
qid267683	did3386	1
qid267691	did11335	1
qid267698	did11296	1
qid267701	did14522	1
qid267703	did63508	1
qid267719	did19731	1
qid267727	did7137	1
qid267761	did2985	1
qid267766	did13441	1
qid267784	did99722	1
qid267815	did17530	1
qid267824	did2123	1
qid267834	did1267	1
qid267835	did1088	1
qid267838	did99732	1
qid267859	did99739	1
qid267862	did71072	1
qid267863	did75404	1
qid267864	did43526	1
qid267866	did99742	1
qid267877	did82054	1
qid267881	did42993	1
qid267892	did24949	1
qid267894	did16013	1
qid267926	did4917	1
qid267932	did72006	1
qid267947	did26018	1
qid267957	did84967	1
qid267964	did99765	1
qid267982	did83020	1
qid267984	did25978	1
qid268001	did4202	1
qid268007	did60132	1
qid268019	did12683	1
qid268026	did47434	1
qid268031	did38440	1
qid268054	did4181	1
qid268059	did35132	1
qid268068	did5388	1
qid268074	did4386	1
qid268079	did23569	1
qid268080	did3607	1
qid268081	did11608	1
qid268090	did17575	1
qid268091	did27368	1
qid268097	did14141	1
qid268108	did99797	1
qid268117	did13218	1
qid268119	did16503	1
qid268123	did45380	1
qid268125	did99802	1
qid268140	did25287	1
qid268142	did234	1
qid268151	did1864	1
qid268157	did99810	1
qid268158	did7048	1
qid268172	did8287	1
qid268177	did9837	1
qid268179	did77074	1
qid268183	did6211	1
qid268188	did4478	1
qid268196	did2252	1
qid268201	did81631	1
qid268207	did99820	1
qid268221	did99822	1
qid268257	did99835	1
qid268259	did47119	1
qid268264	did56353	1
qid268274	did119	1
qid268313	did2124	1
qid268320	did38058	1
qid268321	did6096	1
qid268334	did10556	1
qid268337	did44794	1
qid268341	did95164	1
qid268343	did25294	1
qid268346	did5142	1
qid268347	did55619	1
qid268370	did3204	1
qid268371	did99858	1
qid268372	did99859	1
qid268373	did99860	1
qid268380	did99862	1
qid268388	did11737	1
qid268393	did55735	1
qid268398	did31022	1
qid268401	did56652	1
qid268402	did9936	1
qid268425	did5508	1
qid268434	did18857	1
qid268442	did99878	1
qid268451	did72801	1
qid268511	did54324	1
qid268538	did99902	1
qid268539	did55439	1
qid268541	did12684	1
qid268565	did42945	1
qid268572	did99905	1
qid268587	did42508	1
qid268596	did15230	1
qid268616	did11346	1
qid268617	did42901	1
qid268619	did2348	1
qid268635	did3126	1
qid268664	did52145	1
qid268669	did99932	1
qid268681	did1742	1
qid268692	did38316	1
qid268703	did57022	1
qid268736	did3136	1
qid268760	did20027	1
qid268778	did71771	1
qid268779	did99963	1
qid268784	did8177	1
qid268786	did10440	1
qid268788	did11068	1
qid268797	did99965	1
qid268802	did225	1
qid268817	did99969	1
qid268818	did41597	1
qid268834	did39578	1
qid268837	did6790	1
qid268840	did983	1
qid268886	did74530	1
qid268895	did99984	1
qid268923	did99988	1
qid268926	did79259	1
qid268942	did69181	1
qid268948	did21585	1
qid268951	did18061	1
qid268953	did23701	1
qid268960	did69559	1
qid268966	did53972	1
qid268983	did8322	1
qid268985	did2331	1
qid268988	did13451	1
qid268997	did30992	1
qid269010	did4352	1
qid269015	did100001	1
qid269047	did100008	1
qid269051	did100009	1
qid269062	did13237	1
qid269068	did2965	1
qid269083	did34701	1
qid269107	did8791	1
qid269108	did27609	1
qid269116	did4526	1
qid269129	did87842	1
qid269166	did79058	1
qid269168	did49195	1
qid269169	did33180	1
qid269177	did100036	1
qid269178	did46489	1
qid269180	did4142	1
qid269184	did13017	1
qid269197	did100042	1
qid269218	did100046	1
qid269220	did8399	1
qid269289	did7597	1
qid269290	did25696	1
qid269323	did49497	1
qid269341	did67893	1
qid269343	did608	1
qid269352	did100074	1
qid269386	did31358	1
qid269389	did100085	1
qid269405	did3400	1
qid269406	did33192	1
qid269411	did1709	1
qid269432	did11003	1
qid269438	did17689	1
qid269439	did18319	1
qid269440	did46602	1
qid269441	did100101	1
qid269449	did34794	1
qid269465	did51025	1
qid269471	did100105	1
qid269474	did202	1
qid269517	did38297	1
qid269520	did22076	1
qid269521	did3687	1
qid269524	did100111	1
qid269544	did1370	1
qid269554	did38544	1
qid269560	did100122	1
qid269561	did12993	1
qid269564	did32504	1
qid269614	did54801	1
qid269616	did8799	1
qid269617	did100138	1
qid269618	did2932	1
qid269627	did2665	1
qid269648	did1541	1
qid269670	did26406	1
qid269679	did34117	1
qid269685	did100151	1
qid269687	did13452	1
qid269707	did100157	1
qid269721	did59854	1
qid269728	did31309	1
qid269744	did89906	1
qid269756	did29879	1
qid269759	did100166	1
qid269761	did51806	1
qid269764	did51208	1
qid269794	did100174	1
qid269809	did36361	1
qid269839	did44024	1
qid269882	did2842	1
qid269894	did22030	1
qid269924	did110	1
qid269929	did9550	1
qid269931	did100198	1
qid269939	did257	1
qid269946	did41277	1
qid269947	did48107	1
qid269960	did33144	1
qid269965	did6032	1
qid269981	did96217	1
qid269987	did18982	1
qid270007	did3480	1
qid270025	did13459	1
qid270033	did1830	1
qid270037	did100224	1
qid270055	did3696	1
qid270056	did32402	1
qid270063	did100227	1
qid270064	did100228	1
qid270065	did28606	1
qid270081	did6579	1
qid270088	did100236	1
qid270096	did56059	1
qid270098	did15377	1
qid270101	did2607	1
qid270113	did11112	1
qid270122	did100240	1
qid270123	did12188	1
qid270125	did40820	1
qid270131	did19685	1
qid270132	did310	1
qid270156	did9841	1
qid270161	did2155	1
qid270190	did10737	1
qid270203	did100252	1
qid270252	did83559	1
qid270271	did100267	1
qid270299	did11899	1
qid270314	did83983	1
qid270318	did17879	1
qid270322	did100278	1
qid270325	did2286	1
qid270328	did100280	1
qid270345	did14405	1
qid270347	did1352	1
qid270351	did25776	1
qid270442	did34016	1
qid270446	did8925	1
qid270451	did8147	1
qid270472	did30105	1
qid270484	did27253	1
qid270491	did77453	1
qid270501	did20102	1
qid270519	did11807	1
qid270525	did12835	1
qid270526	did21611	1
qid270541	did100326	1
qid270542	did83823	1
qid270561	did7888	1
qid270567	did100331	1
qid270582	did100339	1
qid270586	did100341	1
qid270593	did59355	1
qid270594	did16461	1
qid270595	did22138	1
qid270618	did13324	1
qid270637	did100356	1
qid270647	did56047	1
qid270654	did81673	1
qid270668	did702	1
qid270695	did100373	1
qid270725	did5869	1
qid270726	did3040	1
qid270730	did18166	1
qid270739	did21082	1
qid270743	did100380	1
qid270745	did46084	1
qid270749	did35451	1
qid270762	did28012	1
qid270772	did100387	1
qid270776	did100388	1
qid270807	did45911	1
qid270814	did787	1
qid270824	did100393	1
qid270862	did100400	1
qid270886	did39011	1
qid270890	did19003	1
qid270900	did100408	1
qid270915	did9154	1
qid270917	did34623	1
qid270931	did1176	1
qid270945	did2510	1
qid270951	did14921	1
qid270957	did98908	1
qid270960	did15230	1
qid270979	did3122	1
qid270997	did13120	1
qid271051	did10734	1
qid271057	did10127	1
qid271076	did25637	1
qid271095	did56316	1
qid271100	did100455	1
qid271108	did52763	1
qid271110	did24229	1
qid271161	did100469	1
qid271168	did7652	1
qid271175	did30816	1
qid271194	did5196	1
qid271203	did100474	1
qid271206	did12718	1
qid271211	did100475	1
qid271216	did20015	1
qid271220	did15470	1
qid271223	did100477	1
qid271239	did53360	1
qid271252	did18419	1
qid271256	did924	1
qid271257	did3943	1
qid271266	did100485	1
qid271276	did99892	1
qid271280	did5681	1
qid271297	did100494	1
qid271312	did67359	1
qid271313	did100497	1
qid271364	did13575	1
qid271366	did48830	1
qid271376	did100511	1
qid271392	did1021	1
qid271404	did7225	1
qid271420	did52976	1
qid271425	did94002	1
qid271433	did80018	1
qid271443	did43363	1
qid271451	did6894	1
qid271466	did36127	1
qid271476	did81650	1
qid271477	did29726	1
qid271487	did9198	1
qid271488	did5599	1
qid271528	did6659	1
qid271538	did1518	1
qid271539	did12152	1
qid271554	did31643	1
qid271565	did73121	1
qid271569	did8057	1
qid271582	did56213	1
qid271585	did100553	1
qid271612	did100558	1
qid271616	did5163	1
qid271622	did100561	1
qid271631	did19156	1
qid271633	did100565	1
qid271636	did33404	1
qid271642	did100566	1
qid271647	did42207	1
qid271650	did24871	1
qid271653	did100568	1
qid271673	did47895	1
qid271676	did100575	1
qid271686	did16735	1
qid271700	did16577	1
qid271705	did50656	1
qid271712	did847	1
qid271713	did26729	1
qid271739	did100587	1
qid271754	did54481	1
qid271756	did11766	1
qid271757	did13888	1
qid271761	did100589	1
qid271793	did43452	1
qid271794	did22894	1
qid271808	did100601	1
qid271809	did3805	1
qid271829	did2723	1
qid271849	did100607	1
qid271860	did43186	1
qid271890	did6126	1
qid271897	did21557	1
qid271909	did10935	1
qid271923	did8258	1
qid271936	did37347	1
qid271937	did100624	1
qid271954	did1817	1
qid271987	did6101	1
qid271996	did100637	1
qid272004	did100640	1
qid272015	did35984	1
qid272025	did90663	1
qid272038	did6513	1
qid272052	did92924	1
qid272055	did66048	1
qid272102	did100663	1
qid272111	did76091	1
qid272112	did100665	1
qid272151	did92902	1
qid272162	did34081	1
qid272165	did42217	1
qid272167	did28950	1
qid272185	did31661	1
qid272190	did100679	1
qid272221	did100686	1
qid272227	did7006	1
qid272239	did16628	1
qid272257	did99793	1
qid272258	did8067	1
qid272264	did1360	1
qid272265	did12011	1
qid272269	did25475	1
qid272271	did100695	1
qid272272	did19672	1
qid272301	did1385	1
qid272320	did10540	1
qid272331	did28311	1
qid272332	did31599	1
qid272337	did26068	1
qid272344	did1045	1
qid272345	did42901	1
qid272354	did53444	1
qid272359	did43489	1
qid272365	did65691	1
qid272376	did9569	1
qid272377	did10002	1
qid272383	did216	1
qid272394	did100718	1
qid272395	did31456	1
qid272397	did100719	1
qid272412	did100721	1
qid272414	did23841	1
qid272429	did9896	1
qid272433	did39397	1
qid272446	did71382	1
qid272456	did43724	1
qid272457	did44221	1
qid272459	did7136	1
qid272462	did2077	1
qid272471	did2707	1
qid272483	did14418	1
qid272492	did36288	1
qid272499	did7600	1
qid272501	did16087	1
qid272504	did100732	1
qid272522	did15397	1
qid272530	did77009	1
qid272540	did96692	1
qid272545	did100742	1
qid272546	did7620	1
qid272552	did100744	1
qid272556	did25480	1
qid272581	did30060	1
qid272602	did2374	1
qid272603	did37416	1
qid272604	did26744	1
qid272615	did42862	1
qid272617	did32867	1
qid272620	did15429	1
qid272627	did5582	1
qid272652	did12727	1
qid272656	did100765	1
qid272672	did12126	1
qid272674	did43753	1
qid272682	did41564	1
qid272688	did2893	1
qid272692	did3139	1
qid272693	did100772	1
qid272718	did4709	1
qid272724	did1142	1
qid272737	did100782	1
qid272749	did100784	1
qid272766	did100791	1
qid272801	did93906	1
qid272805	did9363	1
qid272815	did100802	1
qid272824	did51920	1
qid272835	did4432	1
qid272840	did23958	1
qid272841	did100808	1
qid272843	did100809	1
qid272848	did9938	1
qid272872	did27429	1
qid272876	did100814	1
qid272885	did6905	1
qid272889	did51782	1
qid272892	did6584	1
qid272895	did22160	1
qid272905	did91177	1
qid272910	did6797	1
qid272912	did33309	1
qid272922	did37499	1
qid272925	did1242	1
qid272944	did99333	1
qid272946	did117	1
qid272948	did14029	1
qid272967	did24680	1
qid272983	did6572	1
qid272999	did100830	1
qid273004	did31748	1
qid273040	did5712	1
qid273090	did918	1
qid273092	did13218	1
qid273122	did8041	1
qid273123	did100856	1
qid273124	did100857	1
qid273127	did100859	1
qid273146	did32524	1
qid273155	did100864	1
qid273162	did22753	1
qid273169	did20256	1
qid273170	did4015	1
qid273177	did100868	1
qid273181	did5153	1
qid273184	did45607	1
qid273187	did2	1
qid273191	did43640	1
qid273203	did607	1
qid273205	did41823	1
qid273226	did22988	1
qid273227	did12876	1
qid273231	did1864	1
qid273239	did11503	1
qid273253	did23018	1
qid273255	did33906	1
qid273261	did45310	1
qid273273	did24871	1
qid273275	did100894	1
qid273278	did228	1
qid273287	did100898	1
qid273305	did100904	1
qid273319	did12883	1
qid273329	did877	1
qid273377	did15694	1
qid273384	did2339	1
qid273388	did29926	1
qid273410	did16537	1
qid273411	did96423	1
qid273417	did32233	1
qid273422	did13691	1
qid273445	did601	1
qid273449	did5468	1
qid273457	did74654	1
qid273489	did43796	1
qid273510	did100948	1
qid273522	did94576	1
qid273533	did100953	1
qid273551	did17881	1
qid273557	did1777	1
qid273563	did91221	1
qid273578	did4487	1
qid273579	did11647	1
qid273586	did100965	1
qid273605	did29999	1
qid273617	did35484	1
qid273619	did24873	1
qid273627	did11985	1
qid273645	did81776	1
qid273656	did25911	1
qid273658	did43086	1
qid273666	did3754	1
qid273667	did1864	1
qid273672	did56183	1
qid273681	did59405	1
qid273753	did21931	1
qid273757	did101004	1
qid273760	did9740	1
qid273767	did101008	1
qid273771	did101010	1
qid273784	did13545	1
qid273794	did11495	1
qid273798	did23555	1
qid273799	did4773	1
qid273844	did18509	1
qid273861	did1966	1
qid273880	did101043	1
qid273909	did20872	1
qid273910	did19562	1
qid273913	did101047	1
qid273914	did11026	1
qid273919	did9499	1
qid273962	did9899	1
qid273964	did41408	1
qid273978	did11346	1
qid274015	did859	1
qid274037	did7110	1
qid274038	did65644	1
qid274052	did27823	1
qid274057	did71350	1
qid274066	did23516	1
qid274078	did14318	1
qid274087	did477	1
qid274099	did4206	1
qid274139	did1131	1
qid274148	did31390	1
qid274165	did101096	1
qid274179	did18308	1
qid274188	did9930	1
qid274193	did101102	1
qid274215	did88251	1
qid274237	did90976	1
qid274242	did12286	1
qid274252	did101112	1
qid274254	did33345	1
qid274258	did101113	1
qid274292	did55574	1
qid274297	did50716	1
qid274317	did28924	1
qid274329	did15719	1
qid274330	did101127	1
qid274331	did101128	1
qid274332	did101129	1
qid274348	did101133	1
qid274359	did38281	1
qid274363	did101138	1
qid274381	did2255	1
qid274382	did54468	1
qid274386	did101139	1
qid274391	did5280	1
qid274409	did101146	1
qid274440	did7888	1
qid274445	did101157	1
qid274484	did15161	1
qid274486	did15035	1
qid274526	did6505	1
qid274562	did2450	1
qid274574	did101184	1
qid274579	did21300	1
qid274598	did3315	1
qid274600	did156	1
qid274604	did94310	1
qid274606	did3680	1
qid274612	did4018	1
qid274613	did6030	1
qid274617	did10046	1
qid274620	did101193	1
qid274624	did8387	1
qid274627	did61158	1
qid274628	did24760	1
qid274635	did3045	1
qid274648	did31982	1
qid274675	did18317	1
qid274696	did695	1
qid274712	did52415	1
qid274725	did22833	1
qid274733	did101215	1
qid274773	did7077	1
qid274783	did22540	1
qid274785	did101224	1
qid274786	did32662	1
qid274787	did50668	1
qid274788	did14380	1
qid274790	did5327	1
qid274794	did54197	1
qid274811	did101229	1
qid274814	did3256	1
qid274834	did3468	1
qid274838	did101239	1
qid274845	did49321	1
qid274851	did10618	1
qid274860	did3058	1
qid274867	did101244	1
qid274875	did61920	1
qid274876	did70306	1
qid274906	did26510	1
qid274910	did41014	1
qid274916	did101255	1
qid274945	did3404	1
qid274958	did569	1
qid274962	did52668	1
qid274980	did40675	1
qid274981	did101269	1
qid274993	did101273	1
qid275006	did42815	1
qid275013	did32839	1
qid275018	did12798	1
qid275030	did11447	1
qid275034	did100957	1
qid275035	did2404	1
qid275062	did76424	1
qid275066	did17048	1
qid275072	did23333	1
qid275082	did101288	1
qid275085	did21430	1
qid275090	did19733	1
qid275096	did16506	1
qid275098	did23729	1
qid275100	did62720	1
qid275110	did2509	1
qid275129	did33993	1
qid275130	did3776	1
qid275168	did961	1
qid275197	did31461	1
qid275199	did1288	1
qid275205	did41185	1
qid275213	did6977	1
qid275232	did101320	1
qid275243	did2047	1
qid275250	did21515	1
qid275253	did35295	1
qid275254	did20974	1
qid275255	did62336	1
qid275270	did59621	1
qid275273	did9834	1
qid275292	did13252	1
qid275293	did6378	1
qid275308	did43356	1
qid275329	did101341	1
qid275351	did19816	1
qid275366	did101355	1
qid275393	did69488	1
qid275399	did9869	1
qid275400	did93977	1
qid275432	did16177	1
qid275435	did9987	1
qid275438	did57914	1
qid275449	did39870	1
qid275470	did35528	1
qid275471	did7108	1
qid275496	did7478	1
qid275508	did2864	1
qid275512	did6969	1
qid275517	did101385	1
qid275521	did49290	1
qid275522	did5445	1
qid275533	did73824	1
qid275540	did31613	1
qid275561	did101397	1
qid275602	did101129	1
qid275618	did101412	1
qid275627	did5067	1
qid275629	did74870	1
qid275632	did101416	1
qid275636	did22030	1
qid275641	did19857	1
qid275649	did77195	1
qid275653	did8973	1
qid275665	did101426	1
qid275666	did14310	1
qid275675	did6798	1
qid275704	did41269	1
qid275706	did45185	1
qid275713	did9378	1
qid275726	did24299	1
qid275738	did154	1
qid275741	did101445	1
qid275748	did101448	1
qid275750	did17284	1
qid275780	did1770	1
qid275799	did101457	1
qid275807	did101460	1
qid275811	did101461	1
qid275819	did101462	1
qid275856	did15090	1
qid275866	did57959	1
qid275867	did4862	1
qid275872	did38859	1
qid275878	did101423	1
qid275895	did17948	1
qid275905	did29636	1
qid275917	did26307	1
qid275920	did61342	1
qid275924	did26390	1
qid275938	did9682	1
qid275942	did47242	1
qid275950	did6468	1
qid275970	did2922	1
qid275974	did80987	1
qid275997	did33539	1
qid276002	did18404	1
qid276003	did29912	1
qid276009	did27171	1
qid276016	did49002	1
qid276022	did101500	1
qid276025	did2600	1
qid276032	did101501	1
qid276037	did101502	1
qid276044	did10772	1
qid276045	did95475	1
qid276048	did101505	1
qid276070	did91210	1
qid276083	did15230	1
qid276095	did101512	1
qid276124	did18725	1
qid276143	did10108	1
qid276151	did101523	1
qid276152	did6829	1
qid276155	did59823	1
qid276159	did36959	1
qid276188	did13157	1
qid276196	did68265	1
qid276205	did48640	1
qid276207	did101538	1
qid276218	did43606	1
qid276225	did5096	1
qid276233	did164	1
qid276251	did32521	1
qid276253	did593	1
qid276255	did43628	1
qid276259	did56819	1
qid276273	did4829	1
qid276295	did5447	1
qid276301	did1925	1
qid276304	did52802	1
qid276305	did13231	1
qid276309	did39168	1
qid276319	did101559	1
qid276330	did41866	1
qid276345	did101565	1
qid276418	did80340	1
qid276433	did2084	1
qid276437	did75124	1
qid276447	did58769	1
qid276463	did28937	1
qid276471	did15545	1
qid276478	did5281	1
qid276484	did1087	1
qid276490	did43976	1
qid276522	did23826	1
qid276526	did94527	1
qid276536	did101605	1
qid276538	did10783	1
qid276546	did101610	1
qid276556	did28314	1
qid276563	did101614	1
qid276567	did43111	1
qid276568	did64339	1
qid276583	did101621	1
qid276600	did63229	1
qid276603	did16711	1
qid276614	did22326	1
qid276628	did101630	1
qid276633	did7300	1
qid276642	did531	1
qid276644	did85650	1
qid276660	did26386	1
qid276667	did101638	1
qid276672	did38	1
qid276676	did101640	1
qid276685	did3201	1
qid276689	did101644	1
qid276708	did101649	1
qid276717	did47407	1
qid276723	did14264	1
qid276752	did5678	1
qid276757	did101662	1
qid276763	did92266	1
qid276773	did101665	1
qid276782	did15882	1
qid276800	did31047	1
qid276815	did1240	1
qid276820	did1751	1
qid276822	did33898	1
qid276844	did101679	1
qid276850	did101681	1
qid276861	did601	1
qid276863	did961	1
qid276869	did101685	1
qid276882	did3309	1
qid276883	did6610	1
qid276896	did43183	1
qid276909	did11615	1
qid276919	did857	1
qid276920	did859	1
qid276945	did1360	1
qid276972	did22076	1
qid276982	did1376	1
qid277038	did101722	1
qid277052	did20625	1
qid277056	did56124	1
qid277059	did101726	1
qid277081	did8322	1
qid277086	did50705	1
qid277101	did80420	1
qid277122	did39508	1
qid277136	did13848	1
qid277138	did62936	1
qid277164	did30459	1
qid277172	did3342	1
qid277174	did24605	1
qid277222	did27780	1
qid277229	did69487	1
qid277241	did22826	1
qid277246	did643	1
qid277250	did101764	1
qid277260	did63810	1
qid277265	did87091	1
qid277266	did18907	1
qid277276	did65879	1
qid277287	did40444	1
qid277288	did2727	1
qid277307	did40116	1
qid277312	did89055	1
qid277313	did101776	1
qid277314	did5438	1
qid277322	did24874	1
qid277324	did101777	1
qid277349	did62290	1
qid277353	did101782	1
qid277358	did90034	1
qid277371	did8548	1
qid277391	did85009	1
qid277396	did21401	1
qid277416	did1804	1
qid277432	did101800	1
qid277443	did43750	1
qid277452	did36705	1
qid277466	did101812	1
qid277478	did37622	1
qid277488	did43289	1
qid277499	did26596	1
qid277530	did21137	1
qid277535	did101823	1
qid277540	did19816	1
qid277542	did34312	1
qid277543	did37975	1
qid277549	did21886	1
qid277559	did19915	1
qid277562	did4231	1
qid277563	did11220	1
qid277568	did26240	1
qid277571	did4784	1
qid277573	did101831	1
qid277583	did12327	1
qid277598	did2498	1
qid277600	did101841	1
qid277605	did33039	1
qid277607	did8067	1
qid277614	did41174	1
qid277625	did3406	1
qid277626	did19645	1
qid277627	did83540	1
qid277632	did601	1
qid277659	did101861	1
qid277665	did9977	1
qid277670	did22212	1
qid277683	did3981	1
qid277700	did101870	1
qid277712	did101874	1
qid277717	did101876	1
qid277722	did101878	1
qid277733	did43202	1
qid277735	did35300	1
qid277736	did88068	1
qid277750	did31214	1
qid277763	did101888	1
qid277773	did5105	1
qid277776	did11209	1
qid277791	did48747	1
qid277808	did33415	1
qid277810	did101897	1
qid277812	did101898	1
qid277826	did4181	1
qid277838	did101904	1
qid277845	did101906	1
qid277858	did10517	1
qid277879	did36950	1
qid277903	did2241	1
qid277916	did79454	1
qid277935	did3981	1
qid277944	did99761	1
qid277967	did101925	1
qid277977	did7573	1
qid277989	did1242	1
qid277994	did8401	1
qid277996	did6568	1
qid278010	did90524	1
qid278017	did101937	1
qid278020	did381	1
qid278041	did22137	1
qid278049	did12832	1
qid278057	did32299	1
qid278060	did101943	1
qid278072	did101945	1
qid278087	did101948	1
qid278098	did7782	1
qid278100	did1451	1
qid278101	did28611	1
qid278129	did3935	1
qid278131	did35948	1
qid278140	did101961	1
qid278156	did24902	1
qid278174	did87735	1
qid278176	did18844	1
qid278178	did3943	1
qid278180	did101967	1
qid278186	did19931	1
qid278193	did13597	1
qid278200	did11916	1
qid278224	did66602	1
qid278226	did71728	1
qid278236	did21315	1
qid278249	did7914	1
qid278253	did10464	1
qid278271	did101985	1
qid278276	did36127	1
qid278286	did9814	1
qid278289	did101990	1
qid278297	did23899	1
qid278333	did44981	1
qid278334	did20906	1
qid278337	did3462	1
qid278342	did18829	1
qid278360	did91178	1
qid278361	did56922	1
qid278370	did75928	1
qid278371	did38779	1
qid278375	did102007	1
qid278385	did102011	1
qid278391	did102012	1
qid278401	did39266	1
qid278410	did86089	1
qid278416	did9285	1
qid278418	did7678	1
qid278429	did31	1
qid278450	did64332	1
qid278460	did5487	1
qid278461	did17723	1
qid278464	did21013	1
qid278468	did14350	1
qid278474	did55522	1
qid278477	did6378	1
qid278509	did10507	1
qid278529	did190	1
qid278551	did1142	1
qid278560	did30980	1
qid278573	did102051	1
qid278579	did102054	1
qid278586	did20768	1
qid278590	did24014	1
qid278591	did93344	1
qid278592	did90753	1
qid278597	did102059	1
qid278612	did13481	1
qid278613	did85371	1
qid278615	did40334	1
qid278638	did102069	1
qid278670	did49075	1
qid278672	did13101	1
qid278685	did16404	1
qid278695	did11302	1
qid278708	did19547	1
qid278737	did37871	1
qid278742	did95362	1
qid278744	did9073	1
qid278758	did51879	1
qid278771	did2125	1
qid278775	did102103	1
qid278782	did43072	1
qid278792	did102107	1
qid278809	did102109	1
qid278829	did66468	1
qid278836	did15361	1
qid278843	did80696	1
qid278845	did43218	1
qid278871	did25873	1
qid278881	did18770	1
qid278886	did3695	1
qid278887	did13740	1
qid278892	did1360	1
qid278899	did33404	1
qid278905	did11038	1
qid278921	did102136	1
qid278931	did102138	1
qid278952	did34227	1
qid278971	did49141	1
qid278982	did11984	1
qid278985	did11736	1
qid278990	did13036	1
qid279010	did23668	1
qid279012	did17757	1
qid279022	did74981	1
qid279023	did6542	1
qid279029	did33	1
qid279040	did78276	1
qid279053	did18677	1
qid279069	did3023	1
qid279093	did7607	1
qid279099	did102172	1
qid279106	did18611	1
qid279107	did102174	1
qid279112	did11862	1
qid279117	did18650	1
qid279120	did48370	1
qid279131	did15955	1
qid279135	did102181	1
qid279143	did97477	1
qid279148	did102185	1
qid279158	did82065	1
qid279159	did9768	1
qid279160	did17530	1
qid279170	did102190	1
qid279196	did9808	1
qid279197	did66287	1
qid279202	did7300	1
qid279232	did39747	1
qid279243	did4519	1
qid279244	did11333	1
qid279257	did102211	1
qid279271	did4694	1
qid279277	did19940	1
qid279280	did11922	1
qid279306	did20964	1
qid279308	did26861	1
qid279323	did48961	1
qid279349	did102230	1
qid279352	did33717	1
qid279356	did13598	1
qid279372	did31651	1
qid279378	did102235	1
qid279388	did43340	1
qid279389	did41243	1
qid279400	did45486	1
qid279404	did52088	1
qid279431	did24369	1
qid279440	did92144	1
qid279463	did78114	1
qid279476	did3309	1
qid279482	did1021	1
qid279487	did15025	1
qid279489	did10879	1
qid279493	did43394	1
qid279515	did74982	1
qid279520	did11481	1
qid279523	did19265	1
qid279527	did21674	1
qid279530	did26535	1
qid279538	did2509	1
qid279557	did102273	1
qid279562	did28028	1
qid279566	did87673	1
qid279585	did102277	1
qid279595	did446	1
qid279597	did16170	1
qid279598	did17654	1
qid279633	did37729	1
qid279654	did38056	1
qid279664	did15566	1
qid279687	did6694	1
qid279709	did102305	1
qid279711	did102306	1
qid279720	did52982	1
qid279727	did32301	1
qid279728	did46281	1
qid279756	did792	1
qid279758	did53335	1
qid279763	did86771	1
qid279769	did36148	1
qid279773	did27802	1
qid279777	did102315	1
qid279789	did93077	1
qid279792	did710	1
qid279793	did101538	1
qid279798	did102320	1
qid279813	did37186	1
qid279818	did740	1
qid279851	did91757	1
qid279858	did42679	1
qid279864	did85330	1
qid279869	did102330	1
qid279880	did102334	1
qid279901	did69672	1
qid279907	did102341	1
qid279913	did27748	1
qid279923	did37706	1
qid279957	did14966	1
qid279964	did102358	1
qid279967	did102360	1
qid279968	did102361	1
qid279969	did83548	1
qid279983	did102366	1
qid279999	did2296	1
qid280004	did102372	1
qid280024	did9997	1
qid280040	did102382	1
qid280053	did8013	1
qid280063	did24459	1
qid280070	did102390	1
qid280094	did17048	1
qid280096	did80097	1
qid280099	did45770	1
qid280104	did102398	1
qid280112	did56445	1
qid280123	did13497	1
qid280144	did7681	1
qid280150	did71399	1
qid280153	did83578	1
qid280162	did1728	1
qid280168	did41847	1
qid280170	did68765	1
qid280178	did102409	1
qid280193	did100692	1
qid280194	did11766	1
qid280228	did102423	1
qid280231	did835	1
qid280232	did38722	1
qid280237	did102424	1
qid280239	did5721	1
qid280255	did8287	1
qid280265	did5457	1
qid280267	did102431	1
qid280275	did15380	1
qid280303	did38240	1
qid280307	did6885	1
qid280326	did11672	1
qid280333	did12181	1
qid280359	did2184	1
qid280361	did102450	1
qid280370	did102454	1
qid280381	did6361	1
qid280386	did102458	1
qid280406	did21577	1
qid280427	did40279	1
qid280434	did32486	1
qid280442	did102469	1
qid280459	did8298	1
qid280463	did23122	1
qid280464	did102474	1
qid280469	did7011	1
qid280470	did102475	1
qid280475	did9602	1
qid280491	did4820	1
qid280492	did49929	1
qid280503	did64743	1
qid280510	did34920	1
qid280524	did9592	1
qid280541	did102489	1
qid280543	did58	1
qid280548	did22507	1
qid280549	did15405	1
qid280553	did13029	1
qid280559	did2253	1
qid280575	did21017	1
qid280580	did102498	1
qid280582	did102499	1
qid280586	did102500	1
qid280609	did30492	1
qid280622	did6078	1
qid280631	did102513	1
qid280639	did102514	1
qid280648	did6122	1
qid280649	did48040	1
qid280662	did54204	1
qid280669	did15271	1
qid280677	did102523	1
qid280714	did5767	1
qid280720	did4204	1
qid280727	did102534	1
qid280731	did2590	1
qid280740	did51782	1
qid280743	did34318	1
qid280746	did35472	1
qid280747	did102541	1
qid280754	did23052	1
qid280756	did79063	1
qid280763	did28924	1
qid280765	did2253	1
qid280778	did102546	1
qid280803	did60617	1
qid280820	did102556	1
qid280825	did12739	1
qid280833	did21736	1
qid280843	did9681	1
qid280860	did4562	1
qid280881	did39206	1
qid280888	did102573	1
qid280893	did62888	1
qid280912	did38728	1
qid280927	did5388	1
qid280930	did78	1
qid280934	did1252	1
qid280941	did28802	1
qid280949	did102582	1
qid280955	did102585	1
qid280964	did24779	1
qid280972	did20609	1
qid280983	did60657	1
qid281010	did56442	1
qid281015	did3754	1
qid281047	did5604	1
qid281048	did54443	1
qid281088	did102619	1
qid281105	did43796	1
qid281134	did26404	1
qid281139	did17358	1
qid281148	did102636	1
qid281178	did67156	1
qid281204	did10783	1
qid281215	did38796	1
qid281231	did52073	1
qid281235	did96856	1
qid281239	did47588	1
qid281262	did23163	1
qid281297	did19282	1
qid281306	did38232	1
qid281330	did102674	1
qid281331	did102675	1
qid281359	did59610	1
qid281371	did102689	1
qid281374	did96192	1
qid281386	did102692	1
qid281395	did3145	1
qid281407	did57748	1
qid281412	did71829	1
qid281416	did278	1
qid281425	did85327	1
qid281430	did59479	1
qid281466	did67270	1
qid281475	did7072	1
qid281484	did102717	1
qid281486	did71268	1
qid281499	did34365	1
qid281503	did102723	1
qid281526	did57310	1
qid281532	did21304	1
qid281537	did20093	1
qid281566	did2197	1
qid281574	did20816	1
qid281579	did37185	1
qid281588	did1054	1
qid281589	did16314	1
qid281590	did35506	1
qid281591	did26894	1
qid281596	did68743	1
qid281604	did44556	1
qid281608	did11898	1
qid281609	did70867	1
qid281612	did2348	1
qid281619	did102743	1
qid281649	did16006	1
qid281660	did6154	1
qid281665	did34798	1
qid281676	did22001	1
qid281711	did102760	1
qid281737	did19128	1
qid281747	did14405	1
qid281766	did8258	1
qid281775	did22314	1
qid281776	did6375	1
qid281783	did56	1
qid281792	did28749	1
qid281811	did6195	1
qid281834	did102788	1
qid281848	did3864	1
qid281850	did47982	1
qid281872	did10621	1
qid281879	did64062	1
qid281895	did584	1
qid281913	did102806	1
qid281917	did75989	1
qid281949	did70843	1
qid281950	did102809	1
qid281951	did23510	1
qid281968	did2747	1
qid282006	did102822	1
qid282029	did102825	1
qid282030	did14899	1
qid282031	did4645	1
qid282037	did44748	1
qid282051	did687	1
qid282055	did3812	1
qid282060	did24234	1
qid282079	did102833	1
qid282089	did102835	1
qid282091	did11924	1
qid282104	did34768	1
qid282126	did80390	1
qid282132	did102844	1
qid282152	did85708	1
qid282177	did102855	1
qid282183	did98758	1
qid282185	did52425	1
qid282245	did102873	1
qid282249	did60215	1
qid282259	did7509	1
qid282264	did102877	1
qid282268	did24512	1
qid282276	did32192	1
qid282281	did3110	1
qid282284	did50752	1
qid282291	did40440	1
qid282304	did21923	1
qid282309	did6785	1
qid282311	did102887	1
qid282325	did90697	1
qid282338	did11719	1
qid282339	did3749	1
qid282373	did37952	1
qid282381	did23246	1
qid282403	did35970	1
qid282413	did11816	1
qid282415	did102906	1
qid282418	did102907	1
qid282438	did2432	1
qid282446	did9286	1
qid282451	did7754	1
qid282460	did98186	1
qid282466	did102918	1
qid282486	did18853	1
qid282493	did531	1
qid282498	did102926	1
qid282538	did10005	1
qid282540	did5934	1
qid282549	did9722	1
qid282554	did54447	1
qid282557	did102938	1
qid282558	did7694	1
qid282573	did102943	1
qid282595	did102948	1
qid282619	did102956	1
qid282620	did5816	1
qid282627	did87396	1
qid282637	did102964	1
qid282640	did102965	1
qid282642	did16091	1
qid282651	did57	1
qid282652	did102968	1
qid282669	did65984	1
qid282670	did12258	1
qid282683	did3661	1
qid282695	did49479	1
qid282710	did28117	1
qid282718	did1045	1
qid282725	did102981	1
qid282730	did1970	1
qid282745	did54350	1
qid282762	did5038	1
qid282768	did5122	1
qid282771	did11718	1
qid282797	did13902	1
qid282802	did32088	1
qid282806	did3349	1
qid282813	did47338	1
qid282814	did102996	1
qid282819	did7479	1
qid282820	did29655	1
qid282835	did19981	1
qid282836	did17267	1
qid282840	did33641	1
qid282841	did23779	1
qid282844	did3020	1
qid282846	did103006	1
qid282853	did6288	1
qid282855	did103008	1
qid282868	did37808	1
qid282879	did103015	1
qid282880	did4417	1
qid282887	did24991	1
qid282911	did10106	1
qid282912	did31503	1
qid282927	did3342	1
qid282932	did37924	1
qid282935	did1933	1
qid282945	did3321	1
qid282948	did30586	1
qid282953	did9037	1
qid282962	did66348	1
qid282969	did12945	1
qid282974	did2254	1
qid282983	did835	1
qid282989	did368	1
qid282994	did16970	1
qid283040	did20542	1
qid283045	did49868	1
qid283046	did29567	1
qid283050	did22662	1
qid283061	did11094	1
qid283062	did103052	1
qid283068	did90975	1
qid283069	did101159	1
qid283078	did1027	1
qid283083	did8583	1
qid283095	did103058	1
qid283103	did24833	1
qid283133	did6798	1
qid283145	did3386	1
qid283153	did10270	1
qid283157	did14422	1
qid283176	did103079	1
qid283178	did2228	1
qid283184	did207	1
qid283187	did14558	1
qid283204	did17772	1
qid283211	did1888	1
qid283217	did54938	1
qid283242	did63897	1
qid283243	did15302	1
qid283245	did54417	1
qid283254	did86690	1
qid283265	did103097	1
qid283274	did63822	1
qid283279	did103102	1
qid283282	did103104	1
qid283305	did75215	1
qid283323	did80527	1
qid283335	did103117	1
qid283366	did59590	1
qid283378	did103127	1
qid283381	did65488	1
qid283416	did5104	1
qid283420	did17152	1
qid283422	did103131	1
qid283425	did25889	1
qid283437	did103136	1
qid283457	did103142	1
qid283477	did10201	1
qid283498	did38232	1
qid283515	did43154	1
qid283530	did78434	1
qid283533	did103155	1
qid283564	did3021	1
qid283570	did103164	1
qid283605	did1031	1
qid283629	did41502	1
qid283640	did70784	1
qid283644	did81546	1
qid283668	did25794	1
qid283691	did56950	1
qid283699	did19268	1
qid283707	did16859	1
qid283711	did44675	1
qid283749	did1641	1
qid283783	did103209	1
qid283791	did35526	1
qid283806	did1028	1
qid283809	did8725	1
qid283812	did29971	1
qid283817	did15125	1
qid283831	did92167	1
qid283847	did2584	1
qid283854	did53126	1
qid283856	did11152	1
qid283862	did6049	1
qid283878	did103228	1
qid283887	did1891	1
qid283901	did103230	1
qid283918	did5288	1
qid283924	did11097	1
qid283950	did30823	1
qid283957	did103239	1
qid283961	did95560	1
qid283995	did103250	1
qid283996	did57895	1
qid284007	did76208	1
qid284012	did10145	1
qid284027	did7790	1
qid284032	did5107	1
qid284043	did76583	1
qid284048	did103265	1
qid284051	did81975	1
qid284057	did115	1
qid284073	did103269	1
qid284083	did16976	1
qid284105	did5443	1
qid284106	did4861	1
qid284114	did103275	1
qid284115	did35546	1
qid284128	did6311	1
qid284134	did740	1
qid284135	did5364	1
qid284142	did89434	1
qid284146	did27907	1
qid284147	did16869	1
qid284152	did41897	1
qid284161	did15721	1
qid284165	did21351	1
qid284178	did3641	1
qid284190	did24138	1
qid284214	did103296	1
qid284218	did1715	1
qid284219	did103298	1
qid284220	did103299	1
qid284230	did103302	1
qid284244	did26023	1
qid284252	did8928	1
qid284262	did47798	1
qid284274	did60580	1
qid284294	did6062	1
qid284298	did18314	1
qid284307	did3095	1
qid284309	did103314	1
qid284317	did70591	1
qid284334	did5940	1
qid284348	did103325	1
qid284358	did14710	1
qid284362	did51025	1
qid284363	did60187	1
qid284368	did103326	1
qid284373	did474	1
qid284406	did35284	1
qid284407	did98027	1
qid284413	did76740	1
qid284433	did555	1
qid284444	did92597	1
qid284465	did22849	1
qid284467	did52684	1
qid284480	did103348	1
qid284521	did103353	1
qid284529	did70925	1
qid284530	did16450	1
qid284534	did18729	1
qid284542	did103361	1
qid284552	did103362	1
qid284555	did103364	1
qid284558	did103365	1
qid284562	did7924	1
qid284564	did43068	1
qid284586	did103373	1
qid284588	did5260	1
qid284593	did67330	1
qid284604	did67026	1
qid284609	did735	1
qid284616	did103379	1
qid284638	did103382	1
qid284678	did1055	1
qid284690	did4041	1
qid284709	did103396	1
qid284714	did17363	1
qid284720	did70721	1
qid284744	did40947	1
qid284750	did19632	1
qid284760	did16391	1
qid284762	did7191	1
qid284765	did53680	1
qid284766	did8516	1
qid284767	did103409	1
qid284780	did12511	1
qid284786	did15121	1
qid284789	did103414	1
qid284792	did103415	1
qid284795	did76630	1
qid284799	did49887	1
qid284810	did80044	1
qid284829	did43501	1
qid284833	did26401	1
qid284851	did12911	1
qid284857	did53794	1
qid284858	did49645	1
qid284863	did18937	1
qid284878	did95578	1
qid284879	did4478	1
qid284891	did8067	1
qid284904	did97301	1
qid284906	did72633	1
qid284924	did20155	1
qid284925	did103443	1
qid284927	did53440	1
qid284946	did23443	1
qid284974	did11962	1
qid284981	did50445	1
qid285004	did84109	1
qid285016	did33473	1
qid285024	did18357	1
qid285036	did21659	1
qid285040	did34328	1
qid285054	did103475	1
qid285081	did23287	1
qid285089	did103479	1
qid285103	did1935	1
qid285124	did67036	1
qid285129	did62060	1
qid285138	did2013	1
qid285154	did46720	1
qid285156	did25180	1
qid285158	did29789	1
qid285170	did16701	1
qid285189	did62611	1
qid285211	did6439	1
qid285227	did103498	1
qid285229	did1439	1
qid285230	did44210	1
qid285237	did20829	1
qid285244	did1879	1
qid285252	did64327	1
qid285284	did3651	1
qid285289	did103516	1
qid285290	did1364	1
qid285305	did103519	1
qid285329	did103524	1
qid285331	did57415	1
qid285365	did904	1
qid285376	did31456	1
qid285384	did103540	1
qid285388	did64329	1
qid285418	did103546	1
qid285428	did22224	1
qid285442	did103551	1
qid285446	did55740	1
qid285461	did2942	1
qid285463	did29255	1
qid285468	did3742	1
qid285479	did38799	1
qid285489	did103563	1
qid285494	did103564	1
qid285496	did10744	1
qid285501	did4517	1
qid285518	did30398	1
qid285524	did20526	1
qid285530	did16451	1
qid285543	did1576	1
qid285545	did15393	1
qid285582	did660	1
qid285583	did11213	1
qid285592	did103583	1
qid285608	did103590	1
qid285611	did69641	1
qid285619	did9393	1
qid285622	did5060	1
qid285641	did103599	1
qid285645	did8318	1
qid285649	did70673	1
qid285681	did32934	1
qid285688	did7310	1
qid285689	did9440	1
qid285700	did3506	1
qid285701	did2506	1
qid285730	did2722	1
qid285736	did30791	1
qid285738	did60308	1
qid285739	did3426	1
qid285747	did15399	1
qid285753	did61146	1
qid285759	did69847	1
qid285767	did31971	1
qid285772	did4632	1
qid285785	did837	1
qid285797	did103626	1
qid285805	did34849	1
qid285810	did81	1
qid285815	did15800	1
qid285823	did25187	1
qid285824	did9413	1
qid285852	did2229	1
qid285877	did34769	1
qid285879	did44886	1
qid285881	did45367	1
qid285885	did7335	1
qid285888	did26701	1
qid285912	did103646	1
qid285917	did103648	1
qid285920	did103649	1
qid285926	did15709	1
qid285928	did31	1
qid285937	did92741	1
qid285969	did92	1
qid285972	did100325	1
qid286000	did13791	1
qid286007	did6253	1
qid286013	did39711	1
qid286015	did103666	1
qid286019	did103668	1
qid286025	did7906	1
qid286039	did103671	1
qid286047	did69665	1
qid286054	did103674	1
qid286056	did70628	1
qid286062	did103676	1
qid286083	did20986	1
qid286088	did59863	1
qid286107	did385	1
qid286125	did24622	1
qid286127	did72215	1
qid286129	did73815	1
qid286132	did77490	1
qid286139	did6125	1
qid286160	did729	1
qid286174	did43223	1
qid286200	did25042	1
qid286205	did6328	1
qid286210	did17383	1
qid286214	did82746	1
qid286223	did21498	1
qid286239	did89618	1
qid286242	did2736	1
qid286257	did41646	1
qid286263	did103704	1
qid286266	did61266	1
qid286273	did6174	1
qid286295	did78988	1
qid286306	did20102	1
qid286335	did70607	1
qid286339	did15575	1
qid286349	did46958	1
qid286360	did2171	1
qid286385	did103731	1
qid286386	did27073	1
qid286406	did103737	1
qid286413	did83850	1
qid286432	did103739	1
qid286440	did103742	1
qid286450	did51509	1
qid286469	did79741	1
qid286475	did8360	1
qid286482	did6465	1
qid286491	did85077	1
qid286492	did27415	1
qid286517	did103757	1
qid286521	did28419	1
qid286532	did1890	1
qid286536	did103760	1
qid286543	did10225	1
qid286559	did21881	1
qid286578	did41821	1
qid286617	did41747	1
qid286641	did1421	1
qid286656	did88574	1
qid286661	did9987	1
qid286669	did103786	1
qid286672	did103787	1
qid286676	did56537	1
qid286683	did2651	1
qid286696	did15366	1
qid286705	did32914	1
qid286737	did50778	1
qid286740	did21208	1
qid286745	did2133	1
qid286749	did7310	1
qid286750	did103798	1
qid286757	did20161	1
qid286762	did2226	1
qid286788	did103806	1
qid286802	did103810	1
qid286833	did11984	1
qid286843	did1253	1
qid286883	did37464	1
qid286901	did6392	1
qid286914	did53259	1
qid286925	did2976	1
qid286956	did31667	1
qid286969	did34412	1
qid286980	did103841	1
qid286982	did103842	1
qid286987	did103843	1
qid286990	did57895	1
qid286992	did24680	1
qid287015	did7152	1
qid287028	did5153	1
qid287031	did12693	1
qid287033	did43335	1
qid287036	did4582	1
qid287037	did61932	1
qid287078	did103858	1
qid287092	did4080	1
qid287097	did32202	1
qid287106	did10161	1
qid287111	did1416	1
qid287140	did3058	1
qid287151	did77547	1
qid287160	did29918	1
qid287164	did71685	1
qid287169	did16282	1
qid287170	did18166	1
qid287190	did32900	1
qid287194	did1619	1
qid287217	did56050	1
qid287232	did103888	1
qid287245	did11751	1
qid287263	did28068	1
qid287267	did25010	1
qid287284	did58955	1
qid287293	did8377	1
qid287297	did19390	1
qid287303	did531	1
qid287305	did92976	1
qid287316	did6671	1
qid287328	did5237	1
qid287353	did18659	1
qid287356	did103910	1
qid287397	did10517	1
qid287405	did6947	1
qid287414	did39788	1
qid287415	did103920	1
qid287425	did22881	1
qid287445	did6295	1
qid287489	did103937	1
qid287501	did57538	1
qid287503	did59018	1
qid287510	did83001	1
qid287535	did9347	1
qid287542	did8906	1
qid287545	did6109	1
qid287549	did7228	1
qid287553	did180	1
qid287554	did7996	1
qid287559	did9204	1
qid287562	did103949	1
qid287574	did3899	1
qid287578	did32805	1
qid287615	did38903	1
qid287642	did9173	1
qid287648	did103967	1
qid287649	did42483	1
qid287663	did1177	1
qid287667	did33902	1
qid287670	did16854	1
qid287703	did14358	1
qid287706	did8045	1
qid287713	did103979	1
qid287715	did11160	1
qid287719	did7451	1
qid287721	did35729	1
qid287756	did103994	1
qid287778	did104003	1
qid287786	did104004	1
qid287791	did20077	1
qid287798	did45301	1
qid287799	did11639	1
qid287800	did3901	1
qid287808	did71264	1
qid287816	did226	1
qid287830	did38152	1
qid287831	did104008	1
qid287835	did74926	1
qid287841	did104009	1
qid287852	did104012	1
qid287870	did104020	1
qid287879	did41976	1
qid287888	did79299	1
qid287891	did38666	1
qid287895	did57282	1
qid287900	did104028	1
qid287901	did32458	1
qid287903	did2602	1
qid287917	did74920	1
qid287921	did72810	1
qid287928	did190	1
qid287945	did19755	1
qid287958	did2226	1
qid287966	did104041	1
qid287972	did92656	1
qid287995	did104046	1
qid288005	did22387	1
qid288006	did16872	1
qid288007	did33918	1
qid288037	did99490	1
qid288051	did32455	1
qid288054	did72724	1
qid288058	did58952	1
qid288069	did2274	1
qid288071	did4512	1
qid288075	did6319	1
qid288081	did12626	1
qid288084	did104063	1
qid288095	did25105	1
qid288100	did19861	1
qid288116	did69452	1
qid288133	did21053	1
qid288140	did104078	1
qid288156	did5257	1
qid288160	did43810	1
qid288162	did29726	1
qid288171	did104080	1
qid288173	did4545	1
qid288192	did44310	1
qid288209	did86370	1
qid288222	did28332	1
qid288223	did90058	1
qid288243	did84744	1
qid288258	did19870	1
qid288264	did52404	1
qid288291	did13042	1
qid288293	did104102	1
qid288302	did22338	1
qid288324	did8134	1
qid288329	did102183	1
qid288336	did93599	1
qid288340	did20873	1
qid288344	did58698	1
qid288366	did1849	1
qid288371	did23333	1
qid288372	did11348	1
qid288377	did24150	1
qid288402	did7681	1
qid288405	did104124	1
qid288419	did1177	1
qid288471	did2456	1
qid288487	did3653	1
qid288497	did53	1
qid288504	did5568	1
qid288509	did55311	1
qid288517	did99326	1
qid288522	did58322	1
qid288524	did19655	1
qid288534	did2278	1
qid288535	did18659	1
qid288540	did16717	1
qid288545	did7653	1
qid288547	did63242	1
qid288559	did1506	1
qid288587	did104167	1
qid288591	did79276	1
qid288594	did10563	1
qid288602	did26259	1
qid288614	did104172	1
qid288629	did4529	1
qid288648	did1615	1
qid288652	did90703	1
qid288658	did13772	1
qid288705	did15085	1
qid288757	did104198	1
qid288779	did17788	1
qid288793	did1142	1
qid288796	did57069	1
qid288805	did17659	1
qid288806	did30095	1
qid288823	did20173	1
qid288826	did644	1
qid288828	did11017	1
qid288829	did104212	1
qid288841	did2654	1
qid288844	did27606	1
qid288850	did5153	1
qid288854	did22752	1
qid288862	did54100	1
qid288867	did104222	1
qid288874	did104225	1
qid288884	did2111	1
qid288885	did76143	1
qid288891	did42801	1
qid288894	did20839	1
qid288913	did15862	1
qid288936	did104238	1
qid288962	did11902	1
qid288988	did6385	1
qid288989	did38417	1
qid289006	did45187	1
qid289007	did320	1
qid289009	did643	1
qid289023	did2633	1
qid289026	did43964	1
qid289027	did104261	1
qid289030	did6497	1
qid289037	did100000	1
qid289056	did249	1
qid289060	did13621	1
qid289061	did15402	1
qid289065	did5076	1
qid289067	did6793	1
qid289077	did19056	1
qid289086	did15025	1
qid289090	did97646	1
qid289094	did58682	1
qid289095	did70240	1
qid289103	did104273	1
qid289111	did1727	1
qid289146	did19641	1
qid289172	did104286	1
qid289179	did3823	1
qid289193	did29583	1
qid289194	did104292	1
qid289203	did3886	1
qid289211	did16367	1
qid289228	did48586	1
qid289239	did10501	1
qid289244	did89889	1
qid289249	did6863	1
qid289266	did104306	1
qid289268	did9641	1
qid289270	did104307	1
qid289298	did429	1
qid289318	did104318	1
qid289325	did104322	1
qid289327	did104323	1
qid289337	did104326	1
qid289340	did104327	1
qid289351	did104330	1
qid289363	did1341	1
qid289364	did2537	1
qid289370	did104336	1
qid289380	did67424	1
qid289392	did104341	1
qid289422	did5647	1
qid289423	did41632	1
qid289433	did85537	1
qid289439	did104353	1
qid289445	did2900	1
qid289450	did98341	1
qid289464	did54086	1
qid289471	did30562	1
qid289472	did98588	1
qid289481	did18814	1
qid289488	did104363	1
qid289489	did44758	1
qid289493	did20792	1
qid289497	did104364	1
qid289516	did29789	1
qid289524	did15813	1
qid289526	did2321	1
qid289528	did66597	1
qid289547	did80314	1
qid289553	did104373	1
qid289554	did11981	1
qid289560	did24698	1
qid289566	did446	1
qid289573	did1732	1
qid289585	did26379	1
qid289588	did9381	1
qid289589	did104381	1
qid289593	did18270	1
qid289600	did104383	1
qid289608	did2005	1
qid289623	did19959	1
qid289651	did11134	1
qid289662	did104398	1
qid289663	did44999	1
qid289670	did21187	1
qid289702	did48196	1
qid289704	did2440	1
qid289717	did17843	1
qid289719	did104410	1
qid289733	did89441	1
qid289739	did31147	1
qid289740	did1933	1
qid289755	did104416	1
qid289758	did184	1
qid289768	did104419	1
qid289773	did71431	1
qid289780	did4315	1
qid289786	did281	1
qid289789	did58782	1
qid289792	did64878	1
qid289803	did38847	1
qid289806	did79813	1
qid289816	did51733	1
qid289823	did34101	1
qid289831	did14129	1
qid289839	did1116	1
qid289844	did6731	1
qid289846	did531	1
qid289857	did24446	1
qid289858	did85398	1
qid289875	did104440	1
qid289888	did30523	1
qid289922	did21770	1
qid289931	did104455	1
qid289948	did33987	1
qid289950	did922	1
qid289976	did93070	1
qid289980	did39355	1
qid289986	did104464	1
qid290000	did104467	1
qid290005	did32590	1
qid290008	did104469	1
qid290017	did470	1
qid290047	did74932	1
qid290065	did2893	1
qid290069	did104481	1
qid290072	did3448	1
qid290073	did34289	1
qid290074	did16710	1
qid290077	did14647	1
qid290095	did226	1
qid290102	did19976	1
qid290108	did3577	1
qid290110	did11453	1
qid290111	did6232	1
qid290128	did55635	1
qid290142	did104493	1
qid290144	did39000	1
qid290149	did4398	1
qid290153	did31942	1
qid290200	did28392	1
qid290224	did54648	1
qid290276	did6679	1
qid290291	did104520	1
qid290323	did44086	1
qid290327	did104525	1
qid290335	did2113	1
qid290340	did2597	1
qid290342	did1865	1
qid290363	did104531	1
qid290378	did83919	1
qid290386	did10320	1
qid290389	did4030	1
qid290390	did43121	1
qid290392	did13992	1
qid290407	did7464	1
qid290417	did10585	1
qid290439	did63458	1
qid290487	did79449	1
qid290491	did7219	1
qid290505	did104560	1
qid290507	did46821	1
qid290529	did85086	1
qid290546	did55313	1
qid290560	did24904	1
qid290566	did3921	1
qid290572	did20916	1
qid290573	did104574	1
qid290600	did5404	1
qid290601	did104583	1
qid290615	did54827	1
qid290616	did43874	1
qid290640	did9673	1
qid290646	did1489	1
qid290648	did14306	1
qid290652	did23400	1
qid290672	did104597	1
qid290675	did78111	1
qid290678	did24122	1
qid290693	did104601	1
qid290701	did2450	1
qid290710	did104604	1
qid290731	did44105	1
qid290746	did62541	1
qid290750	did100226	1
qid290755	did4542	1
qid290787	did10758	1
qid290799	did47058	1
qid290802	did38138	1
qid290808	did31024	1
qid290821	did22613	1
qid290824	did104626	1
qid290826	did31076	1
qid290827	did7532	1
qid290832	did27797	1
qid290848	did73805	1
qid290861	did39022	1
qid290883	did21560	1
qid290884	did2733	1
qid290892	did9629	1
qid290899	did104639	1
qid290902	did104640	1
qid290908	did12087	1
qid290912	did73021	1
qid290924	did6091	1
qid290930	did12706	1
qid290933	did33337	1
qid290937	did17862	1
qid290981	did86695	1
qid291001	did4367	1
qid291028	did4346	1
qid291032	did17885	1
qid291038	did10538	1
qid291039	did5553	1
qid291057	did14455	1
qid291068	did14307	1
qid291074	did22539	1
qid291078	did43028	1
qid291079	did54722	1
qid291087	did7199	1
qid291103	did936	1
qid291132	did104678	1
qid291168	did14617	1
qid291182	did104690	1
qid291188	did10604	1
qid291216	did13788	1
qid291229	did21703	1
qid291246	did45594	1
qid291253	did3688	1
qid291256	did5086	1
qid291262	did16863	1
qid291267	did33008	1
qid291279	did2374	1
qid291283	did35697	1
qid291296	did32720	1
qid291301	did104720	1
qid291304	did104721	1
qid291314	did102006	1
qid291331	did104725	1
qid291340	did34283	1
qid291369	did31891	1
qid291384	did1491	1
qid291387	did48423	1
qid291425	did17108	1
qid291428	did12278	1
qid291437	did42815	1
qid291446	did62056	1
qid291484	did25483	1
qid291513	did104759	1
qid291525	did42293	1
qid291526	did104763	1
qid291539	did49509	1
qid291545	did2815	1
qid291550	did85290	1
qid291565	did22758	1
qid291569	did59219	1
qid291589	did96812	1
qid291600	did3673	1
qid291608	did104778	1
qid291624	did104784	1
qid291643	did18582	1
qid291652	did98620	1
qid291664	did11584	1
qid291677	did19870	1
qid291683	did1062	1
qid291710	did117	1
qid291721	did17425	1
qid291748	did21252	1
qid291754	did17824	1
qid291756	did1275	1
qid291758	did3475	1
qid291760	did22880	1
qid291761	did8402	1
qid291795	did6052	1
qid291808	did11892	1
qid291809	did82911	1
qid291813	did7004	1
qid291826	did48854	1
qid291829	did35483	1
qid291831	did80980	1
qid291834	did56571	1
qid291849	did8498	1
qid291853	did5060	1
qid291855	did47717	1
qid291862	did6797	1
qid291868	did104825	1
qid291880	did41285	1
qid291903	did79329	1
qid291905	did92929	1
qid291906	did17453	1
qid291931	did104838	1
qid291940	did11239	1
qid291943	did104840	1
qid291946	did1832	1
qid291957	did877	1
qid291982	did53355	1
qid291999	did58515	1
qid292013	did39302	1
qid292021	did4533	1
qid292026	did104860	1
qid292035	did569	1
qid292056	did16234	1
qid292057	did26521	1
qid292076	did11209	1
qid292079	did33648	1
qid292082	did14450	1
qid292098	did104876	1
qid292114	did104882	1
qid292116	did104884	1
qid292152	did66315	1
qid292154	did90151	1
qid292159	did7479	1
qid292165	did10556	1
qid292178	did14479	1
qid292181	did22503	1
qid292182	did84057	1
qid292185	did10007	1
qid292202	did1487	1
qid292203	did5113	1
qid292206	did4802	1
qid292226	did4996	1
qid292229	did92939	1
qid292233	did21684	1
qid292236	did17600	1
qid292243	did11608	1
qid292247	did1388	1
qid292251	did43159	1
qid292254	did8206	1
qid292263	did1483	1
qid292264	did1658	1
qid292265	did13172	1
qid292272	did14406	1
qid292276	did104909	1
qid292280	did82503	1
qid292284	did21825	1
qid292298	did104914	1
qid292315	did48853	1
qid292372	did18190	1
qid292378	did104930	1
qid292383	did60651	1
qid292390	did26149	1
qid292392	did104934	1
qid292401	did54395	1
qid292409	did6096	1
qid292431	did104947	1
qid292433	did33337	1
qid292454	did45135	1
qid292462	did11776	1
qid292469	did40285	1
qid292492	did22046	1
qid292512	did8722	1
qid292513	did11037	1
qid292527	did55160	1
qid292529	did1314	1
qid292534	did104964	1
qid292563	did104969	1
qid292580	did17050	1
qid292582	did27411	1
qid292603	did20135	1
qid292604	did104977	1
qid292611	did29698	1
qid292653	did8193	1
qid292664	did3688	1
qid292667	did48841	1
qid292673	did10165	1
qid292678	did59437	1
qid292681	did487	1
qid292682	did41876	1
qid292687	did11479	1
qid292699	did4711	1
qid292701	did11486	1
qid292706	did96050	1
qid292711	did16723	1
qid292712	did104998	1
qid292728	did105000	1
qid292749	did3285	1
qid292754	did52947	1
qid292757	did62558	1
qid292760	did6433	1
qid292772	did18020	1
qid292801	did5098	1
qid292820	did287	1
qid292830	did75530	1
qid292831	did20090	1
qid292832	did105019	1
qid292867	did4398	1
qid292868	did7807	1
qid292878	did9907	1
qid292886	did51217	1
qid292894	did4596	1
qid292898	did103798	1
qid292900	did18755	1
qid292902	did13901	1
qid292925	did10974	1
qid292928	did10980	1
qid292931	did57538	1
qid292937	did1898	1
qid292951	did78228	1
qid292959	did6731	1
qid292967	did105042	1
qid292983	did83568	1
qid292985	did2772	1
qid292993	did12756	1
qid293000	did23170	1
qid293023	did105057	1
qid293051	did105065	1
qid293068	did33602	1
qid293087	did21786	1
qid293101	did38169	1
qid293102	did8322	1
qid293106	did98952	1
qid293124	did5681	1
qid293136	did105083	1
qid293137	did47363	1
qid293152	did12604	1
qid293160	did16009	1
qid293162	did23333	1
qid293168	did6774	1
qid293187	did7333	1
qid293248	did21402	1
qid293255	did13468	1
qid293265	did6739	1
qid293266	did29579	1
qid293292	did105116	1
qid293296	did17477	1
qid293297	did105117	1
qid293298	did105118	1
qid293329	did10670	1
qid293332	did41376	1
qid293339	did105126	1
qid293346	did3769	1
qid293362	did83802	1
qid293364	did81524	1
qid293369	did26122	1
qid293373	did29599	1
qid293393	did105136	1
qid293404	did105141	1
qid293405	did13541	1
qid293408	did52908	1
qid293409	did13150	1
qid293416	did32486	1
qid293422	did38531	1
qid293428	did81285	1
qid293435	did79146	1
qid293451	did105148	1
qid293477	did62047	1
qid293481	did9323	1
qid293482	did7145	1
qid293489	did73875	1
qid293492	did105161	1
qid293498	did3152	1
qid293506	did105165	1
qid293511	did105168	1
qid293515	did11355	1
qid293517	did105170	1
qid293519	did26379	1
qid293534	did105177	1
qid293541	did6604	1
qid293545	did64813	1
qid293546	did31399	1
qid293562	did56931	1
qid293567	did1183	1
qid293592	did9202	1
qid293593	did12677	1
qid293599	did2509	1
qid293602	did104917	1
qid293618	did75644	1
qid293632	did37754	1
qid293633	did5167	1
qid293641	did44749	1
qid293642	did105195	1
qid293659	did105202	1
qid293660	did39975	1
qid293662	did7583	1
qid293673	did1897	1
qid293681	did10127	1
qid293689	did105208	1
qid293692	did2864	1
qid293698	did4894	1
qid293720	did8787	1
qid293721	did52907	1
qid293722	did40954	1
qid293732	did34583	1
qid293745	did23903	1
qid293746	did35440	1
qid293752	did105218	1
qid293757	did760	1
qid293766	did1430	1
qid293783	did72766	1
qid293790	did105227	1
qid293795	did66573	1
qid293796	did4724	1
qid293811	did22703	1
qid293816	did95509	1
qid293845	did30183	1
qid293865	did12248	1
qid293871	did105249	1
qid293873	did23899	1
qid293875	did1066	1
qid293878	did3582	1
qid293892	did45013	1
qid293900	did28048	1
qid293907	did80527	1
qid293917	did5040	1
qid293925	did22706	1
qid293948	did5333	1
qid293959	did44511	1
qid293980	did7072	1
qid293985	did56213	1
qid293987	did6459	1
qid294005	did105275	1
qid294008	did100681	1
qid294018	did68737	1
qid294044	did86832	1
qid294050	did56359	1
qid294075	did61123	1
qid294077	did105295	1
qid294078	did29999	1
qid294083	did1491	1
qid294085	did11039	1
qid294093	did12805	1
qid294097	did105301	1
qid294103	did87308	1
qid294110	did51960	1
qid294114	did10922	1
qid294133	did28052	1
qid294150	did79857	1
qid294159	did2228	1
qid294189	did25558	1
qid294195	did105320	1
qid294227	did105327	1
qid294233	did11330	1
qid294239	did95301	1
qid294254	did6304	1
qid294258	did36231	1
qid294262	did2665	1
qid294267	did9023	1
qid294268	did4812	1
qid294301	did105340	1
qid294338	did37635	1
qid294340	did37911	1
qid294348	did105348	1
qid294358	did31	1
qid294363	did105350	1
qid294423	did105358	1
qid294454	did9029	1
qid294459	did40094	1
qid294467	did16857	1
qid294468	did29857	1
qid294470	did10349	1
qid294480	did671	1
qid294483	did40663	1
qid294505	did15353	1
qid294508	did21721	1
qid294513	did105377	1
qid294524	did285	1
qid294533	did100106	1
qid294538	did7209	1
qid294542	did41282	1
qid294552	did856	1
qid294559	did13836	1
qid294562	did5043	1
qid294580	did15028	1
qid294585	did6288	1
qid294590	did14566	1
qid294592	did15219	1
qid294601	did70737	1
qid294629	did3017	1
qid294631	did105401	1
qid294638	did75047	1
qid294639	did105403	1
qid294650	did105407	1
qid294653	did13341	1
qid294666	did7891	1
qid294682	did206	1
qid294700	did30715	1
qid294708	did56478	1
qid294713	did22595	1
qid294732	did71324	1
qid294755	did20015	1
qid294757	did6868	1
qid294760	did10201	1
qid294762	did88629	1
qid294768	did14109	1
qid294780	did14486	1
qid294781	did39832	1
qid294798	did2773	1
qid294820	did35344	1
qid294830	did27724	1
qid294867	did13199	1
qid294874	did54032	1
qid294880	did2027	1
qid294886	did16775	1
qid294891	did103618	1
qid294896	did294	1
qid294899	did420	1
qid294902	did81327	1
qid294904	did56176	1
qid294908	did37002	1
qid294917	did7259	1
qid294928	did105463	1
qid294960	did48275	1
qid294970	did105473	1
qid294975	did61132	1
qid294978	did30574	1
qid294984	did5221	1
qid294996	did45914	1
qid295008	did22695	1
qid295015	did91500	1
qid295021	did18981	1
qid295022	did2550	1
qid295023	did105483	1
qid295025	did16902	1
qid295029	did15677	1
qid295041	did31586	1
qid295048	did8879	1
qid295086	did3888	1
qid295087	did4520	1
qid295088	did12109	1
qid295091	did12385	1
qid295102	did18062	1
qid295128	did5336	1
qid295155	did19215	1
qid295169	did8787	1
qid295175	did3680	1
qid295183	did4000	1
qid295186	did4625	1
qid295189	did3694	1
qid295232	did105525	1
qid295236	did3128	1
qid295248	did19090	1
qid295251	did48681	1
qid295255	did101419	1
qid295261	did12191	1
qid295274	did57254	1
qid295302	did21815	1
qid295344	did105541	1
qid295370	did29802	1
qid295383	did23304	1
qid295400	did13414	1
qid295402	did4817	1
qid295404	did105549	1
qid295406	did105551	1
qid295408	did105552	1
qid295409	did8852	1
qid295430	did105558	1
qid295433	did18487	1
qid295442	did28490	1
qid295464	did105564	1
qid295475	did105566	1
qid295483	did43111	1
qid295504	did11144	1
qid295513	did30427	1
qid295535	did12764	1
qid295553	did75261	1
qid295554	did428	1
qid295561	did1497	1
qid295563	did23644	1
qid295570	did27510	1
qid295571	did4622	1
qid295572	did105587	1
qid295584	did105592	1
qid295592	did105595	1
qid295594	did45865	1
qid295601	did40615	1
qid295611	did26180	1
qid295628	did105603	1
qid295633	did52005	1
qid295634	did105605	1
qid295652	did7534	1
qid295656	did1855	1
qid295662	did19868	1
qid295669	did105611	1
qid295681	did20737	1
qid295708	did4484	1
qid295709	did1718	1
qid295712	did44116	1
qid295721	did93625	1
qid295724	did105621	1
qid295726	did53815	1
qid295746	did48600	1
qid295766	did73048	1
qid295772	did105631	1
qid295773	did43780	1
qid295776	did6735	1
qid295777	did2771	1
qid295785	did3477	1
qid295786	did20452	1
qid295818	did105636	1
qid295834	did105639	1
qid295837	did13467	1
qid295848	did28153	1
qid295876	did105649	1
qid295896	did13290	1
qid295899	did105655	1
qid295907	did5945	1
qid295908	did21619	1
qid295922	did2083	1
qid295937	did12727	1
qid295945	did48988	1
qid295962	did3097	1
qid295968	did276	1
qid295973	did25109	1
qid295990	did76323	1
qid296000	did49745	1
qid296004	did93931	1
qid296026	did87654	1
qid296037	did57628	1
qid296049	did52036	1
qid296050	did64885	1
qid296065	did21950	1
qid296074	did61386	1
qid296076	did19894	1
qid296109	did105704	1
qid296125	did8101	1
qid296132	did9461	1
qid296135	did37771	1
qid296146	did8789	1
qid296153	did3436	1
qid296161	did5891	1
qid296172	did60367	1
qid296174	did105715	1
qid296181	did7274	1
qid296204	did66535	1
qid296210	did105724	1
qid296213	did62320	1
qid296216	did1334	1
qid296220	did9579	1
qid296256	did105732	1
qid296276	did356	1
qid296289	did2181	1
qid296308	did105743	1
qid296311	did47761	1
qid296318	did10046	1
qid296325	did8638	1
qid296346	did4883	1
qid296363	did105747	1
qid296384	did28418	1
qid296387	did18232	1
qid296395	did16292	1
qid296400	did12529	1
qid296402	did105755	1
qid296414	did52633	1
qid296419	did53249	1
qid296435	did47302	1
qid296437	did9553	1
qid296442	did5068	1
qid296456	did47552	1
qid296477	did73834	1
qid296488	did20737	1
qid296498	did40916	1
qid296513	did80453	1
qid296517	did35797	1
qid296523	did24522	1
qid296525	did1255	1
qid296532	did91780	1
qid296559	did105782	1
qid296570	did2836	1
qid296573	did105786	1
qid296576	did1262	1
qid296582	did1809	1
qid296592	did20873	1
qid296593	did36812	1
qid296615	did35237	1
qid296626	did7888	1
qid296646	did9162	1
qid296658	did531	1
qid296667	did43316	1
qid296692	did2892	1
qid296695	did1644	1
qid296714	did77594	1
qid296717	did9144	1
qid296721	did63142	1
qid296736	did105823	1
qid296760	did420	1
qid296785	did99980	1
qid296790	did96325	1
qid296794	did30444	1
qid296795	did1848	1
qid296798	did43687	1
qid296819	did105841	1
qid296820	did67251	1
qid296829	did81063	1
qid296836	did16883	1
qid296841	did29896	1
qid296844	did105848	1
qid296847	did63396	1
qid296858	did22479	1
qid296859	did37587	1
qid296867	did3166	1
qid296874	did2625	1
qid296876	did58668	1
qid296896	did14639	1
qid296933	did2809	1
qid296943	did59381	1
qid296946	did102715	1
qid296952	did17115	1
qid296953	did5876	1
qid296957	did105867	1
qid296959	did9858	1
qid296964	did70226	1
qid296971	did105870	1
qid296990	did28420	1
qid297003	did14202	1
qid297013	did2976	1
qid297016	did78053	1
qid297027	did67172	1
qid297036	did66522	1
qid297050	did2944	1
qid297052	did22288	1
qid297054	did105879	1
qid297066	did7048	1
qid297094	did69715	1
qid297111	did1898	1
qid297117	did60811	1
qid297122	did8536	1
qid297129	did3584	1
qid297130	did105892	1
qid297141	did44538	1
qid297147	did105895	1
qid297161	did105901	1
qid297168	did12135	1
qid297181	did5611	1
qid297182	did1425	1
qid297197	did82427	1
qid297204	did105911	1
qid297219	did105916	1
qid297231	did5507	1
qid297238	did78611	1
qid297258	did56388	1
qid297263	did13520	1
qid297267	did105922	1
qid297273	did71350	1
qid297289	did105926	1
qid297293	did105927	1
qid297346	did46857	1
qid297347	did5903	1
qid297352	did18363	1
qid297380	did893	1
qid297404	did13157	1
qid297421	did105952	1
qid297423	did11632	1
qid297425	did18138	1
qid297430	did351	1
qid297439	did105955	1
qid297466	did105958	1
qid297479	did6692	1
qid297489	did105962	1
qid297521	did27214	1
qid297530	did105972	1
qid297533	did82662	1
qid297555	did19357	1
qid297556	did3681	1
qid297560	did40747	1
qid297564	did105981	1
qid297572	did65172	1
qid297578	did41303	1
qid297579	did105983	1
qid297586	did105985	1
qid297598	did101891	1
qid297628	did12688	1
qid297645	did13857	1
qid297660	did4471	1
qid297663	did12796	1
qid297674	did106002	1
qid297680	did106003	1
qid297695	did21587	1
qid297732	did25394	1
qid297765	did77474	1
qid297767	did15096	1
qid297769	did21165	1
qid297771	did31092	1
qid297788	did18300	1
qid297817	did17715	1
qid297819	did106035	1
qid297829	did4136	1
qid297842	did106039	1
qid297851	did30437	1
qid297860	did12544	1
qid297865	did28856	1
qid297866	did106047	1
qid297872	did12445	1
qid297879	did61817	1
qid297899	did17863	1
qid297902	did7004	1
qid297907	did106053	1
qid297913	did53227	1
qid297917	did93554	1
qid297941	did42394	1
qid297957	did31982	1
qid297970	did86504	1
qid297979	did59854	1
qid297981	did106070	1
qid297999	did106075	1
qid298017	did37107	1
qid298028	did106079	1
qid298041	did16178	1
qid298043	did11440	1
qid298050	did40535	1
qid298082	did25748	1
qid298085	did106088	1
qid298089	did73977	1
qid298097	did26042	1
qid298111	did12572	1
qid298124	did22088	1
qid298132	did49443	1
qid298134	did38446	1
qid298158	did106108	1
qid298162	did79240	1
qid298170	did106111	1
qid298178	did78886	1
qid298188	did7004	1
qid298204	did16361	1
qid298206	did106119	1
qid298209	did13278	1
qid298211	did78388	1
qid298221	did818	1
qid298223	did1122	1
qid298227	did106123	1
qid298230	did55241	1
qid298235	did41800	1
qid298249	did27651	1
qid298261	did106129	1
qid298263	did106130	1
qid298264	did8602	1
qid298270	did10517	1
qid298287	did68826	1
qid298302	did4829	1
qid298306	did17499	1
qid298311	did106142	1
qid298322	did37137	1
qid298338	did106148	1
qid298343	did12945	1
qid298353	did85667	1
qid298372	did106153	1
qid298404	did2546	1
qid298424	did1000	1
qid298436	did3300	1
qid298437	did8294	1
qid298439	did106172	1
qid298442	did106173	1
qid298460	did106176	1
qid298470	did106178	1
qid298472	did106179	1
qid298476	did106182	1
qid298482	did6190	1
qid298497	did13454	1
qid298503	did26168	1
qid298562	did53	1
qid298571	did106202	1
qid298588	did2450	1
qid298613	did106217	1
qid298629	did71243	1
qid298632	did22978	1
qid298633	did106223	1
qid298636	did106224	1
qid298646	did101193	1
qid298661	did106233	1
qid298689	did34585	1
qid298707	did85377	1
qid298733	did615	1
qid298747	did106249	1
qid298757	did25296	1
qid298763	did106251	1
qid298772	did59854	1
qid298799	did2823	1
qid298806	did45767	1
qid298811	did5761	1
qid298822	did2973	1
qid298827	did30756	1
qid298828	did106264	1
qid298852	did45248	1
qid298864	did4782	1
qid298872	did1177	1
qid298877	did61832	1
qid298880	did10204	1
qid298882	did9373	1
qid298884	did20873	1
qid298895	did106278	1
qid298905	did5173	1
qid298908	did78049	1
qid298916	did106282	1
qid298924	did14961	1
qid298936	did17466	1
qid298937	did3196	1
qid298976	did106290	1
qid298977	did1781	1
qid298983	did92897	1
qid298987	did90473	1
qid298997	did106294	1
qid299011	did88106	1
qid299014	did33645	1
qid299021	did64128	1
qid299025	did39406	1
qid299055	did93810	1
qid299079	did65259	1
qid299081	did4457	1
qid299102	did68812	1
qid299105	did3342	1
qid299123	did13301	1
qid299126	did79732	1
qid299129	did19815	1
qid299132	did46491	1
qid299140	did106329	1
qid299148	did43687	1
qid299152	did41507	1
qid299155	did106331	1
qid299159	did45723	1
qid299170	did4995	1
qid299197	did106344	1
qid299199	did78476	1
qid299216	did16869	1
qid299218	did41112	1
qid299232	did4023	1
qid299233	did74562	1
qid299243	did106352	1
qid299245	did106354	1
qid299250	did106355	1
qid299261	did1000	1
qid299274	did1898	1
qid299277	did82311	1
qid299281	did285	1
qid299284	did106360	1
qid299299	did81	1
qid299300	did17488	1
qid299304	did30426	1
qid299332	did742	1
qid299334	did106369	1
qid299368	did7549	1
qid299370	did24431	1
qid299385	did36324	1
qid299386	did76602	1
qid299388	did106381	1
qid299392	did106385	1
qid299405	did106387	1
qid299417	did64029	1
qid299429	did89159	1
qid299443	did35657	1
qid299450	did9832	1
qid299478	did5347	1
qid299485	did24957	1
qid299493	did28059	1
qid299516	did45208	1
qid299517	did106414	1
qid299529	did3933	1
qid299559	did42552	1
qid299599	did2115	1
qid299600	did30044	1
qid299616	did28154	1
qid299629	did106434	1
qid299641	did81375	1
qid299674	did50844	1
qid299690	did36453	1
qid299695	did23917	1
qid299720	did5468	1
qid299740	did1164	1
qid299752	did106449	1
qid299767	did48850	1
qid299783	did13977	1
qid299809	did19388	1
qid299814	did2172	1
qid299849	did135	1
qid299865	did106470	1
qid299883	did81869	1
qid299891	did34010	1
qid299894	did517	1
qid299896	did36670	1
qid299902	did9620	1
qid299907	did24254	1
qid299913	did36119	1
qid299916	did68708	1
qid299929	did33649	1
qid299934	did12933	1
qid299935	did65221	1
qid299942	did39094	1
qid299945	did5816	1
qid299957	did32531	1
qid299963	did5647	1
qid299968	did1894	1
qid299978	did595	1
qid299982	did44452	1
qid299990	did1678	1
qid300001	did51217	1
qid300015	did16663	1
qid300030	did19996	1
qid300050	did106502	1
qid300052	did27823	1
qid300055	did23249	1
qid300058	did22706	1
qid300063	did14260	1
qid300064	did36370	1
qid300066	did15074	1
qid300071	did32115	1
qid300076	did28694	1
qid300094	did34451	1
qid300099	did7443	1
qid300100	did106512	1
qid300110	did3153	1
qid300111	did61280	1
qid300129	did385	1
qid300142	did106522	1
qid300157	did1481	1
qid300162	did38067	1
qid300190	did106535	1
qid300194	did58727	1
qid300199	did4857	1
qid300204	did55303	1
qid300205	did10643	1
qid300234	did41876	1
qid300243	did106547	1
qid300246	did34981	1
qid300250	did29901	1
qid300253	did35216	1
qid300270	did106551	1
qid300302	did10125	1
qid300364	did36178	1
qid300374	did4015	1
qid300377	did106574	1
qid300436	did63819	1
qid300459	did81746	1
qid300465	did106593	1
qid300477	did3045	1
qid300484	did4239	1
qid300493	did12172	1
qid300496	did17170	1
qid300500	did27870	1
qid300505	did96490	1
qid300510	did151	1
qid300514	did2150	1
qid300515	did17918	1
qid300521	did1987	1
qid300529	did52589	1
qid300557	did73529	1
qid300567	did29380	1
qid300599	did8323	1
qid300604	did893	1
qid300614	did53053	1
qid300623	did49228	1
qid300637	did83990	1
qid300644	did58294	1
qid300677	did4284	1
qid300702	did4861	1
qid300721	did47370	1
qid300728	did106642	1
qid300742	did229	1
qid300746	did106646	1
qid300761	did88203	1
qid300771	did1	1
qid300785	did190	1
qid300821	did13413	1
qid300824	did106658	1
qid300848	did12609	1
qid300851	did99087	1
qid300874	did1641	1
qid300884	did106670	1
qid300894	did4693	1
qid300897	did3000	1
qid300931	did79815	1
qid300944	did5461	1
qid300952	did12614	1
qid300958	did73609	1
qid300961	did83016	1
qid300979	did79014	1
qid300990	did23927	1
qid300992	did41561	1
qid300998	did50481	1
qid301001	did48	1
qid301006	did106693	1
qid301015	did106695	1
qid301030	did2253	1
qid301033	did106699	1
qid301046	did1503	1
qid301057	did34451	1
qid301080	did9789	1
qid301084	did36812	1
qid301089	did94391	1
qid301091	did106715	1
qid301105	did25359	1
qid301124	did13181	1
qid301131	did66501	1
qid301133	did28405	1
qid301134	did59630	1
qid301142	did95222	1
qid301148	did47531	1
qid301154	did12511	1
qid301156	did106726	1
qid301162	did24655	1
qid301172	did106729	1
qid301177	did10551	1
qid301182	did26937	1
qid301193	did106734	1
qid301201	did6652	1
qid301208	did11308	1
qid301214	did8730	1
qid301220	did29281	1
qid301238	did3337	1
qid301256	did7455	1
qid301257	did100681	1
qid301270	did106749	1
qid301275	did32484	1
qid301281	did106752	1
qid301283	did83250	1
qid301288	did35828	1
qid301290	did4829	1
qid301292	did106755	1
qid301294	did168	1
qid301300	did12798	1
qid301314	did19548	1
qid301319	did71696	1
qid301326	did106763	1
qid301342	did6049	1
qid301351	did106769	1
qid301369	did87986	1
qid301393	did106778	1
qid301394	did24834	1
qid301406	did5761	1
qid301407	did106782	1
qid301418	did36325	1
qid301420	did78819	1
qid301427	did19406	1
qid301428	did24982	1
qid301459	did106788	1
qid301460	did5641	1
qid301468	did75240	1
qid301469	did466	1
qid301479	did29425	1
qid301488	did5374	1
qid301491	did37856	1
qid301492	did7577	1
qid301522	did18754	1
qid301525	did106805	1
qid301526	did87653	1
qid301531	did36968	1
qid301532	did2228	1
qid301533	did21657	1
qid301534	did23313	1
qid301537	did106807	1
qid301562	did67096	1
qid301563	did20334	1
qid301586	did11735	1
qid301594	did80209	1
qid301596	did1120	1
qid301618	did10772	1
qid301619	did106829	1
qid301650	did65292	1
qid301652	did1929	1
qid301656	did62202	1
qid301658	did1890	1
qid301672	did34510	1
qid301673	did106835	1
qid301695	did1099	1
qid301699	did106841	1
qid301716	did106844	1
qid301752	did70024	1
qid301766	did1045	1
qid301780	did46588	1
qid301785	did6354	1
qid301791	did104664	1
qid301796	did106859	1
qid301811	did98664	1
qid301828	did94253	1
qid301852	did34627	1
qid301864	did10167	1
qid301890	did1644	1
qid301896	did11737	1
qid301902	did43744	1
qid301906	did106874	1
qid301921	did1135	1
qid301934	did2680	1
qid301945	did94437	1
qid301958	did23146	1
qid301970	did106890	1
qid301989	did29078	1
qid301996	did56440	1
qid302027	did50782	1
qid302031	did106898	1
qid302033	did25629	1
qid302035	did81169	1
qid302043	did2511	1
qid302045	did28168	1
qid302051	did16424	1
qid302062	did18765	1
qid302080	did106907	1
qid302087	did1889	1
qid302098	did30933	1
qid302118	did66625	1
qid302120	did106915	1
qid302125	did7006	1
qid302129	did6304	1
qid302134	did22440	1
qid302135	did1526	1
qid302152	did79692	1
qid302153	did68964	1
qid302163	did6848	1
qid302173	did3382	1
qid302183	did106928	1
qid302198	did2922	1
qid302211	did11837	1
qid302222	did9701	1
qid302265	did106950	1
qid302266	did92934	1
qid302307	did6039	1
qid302313	did995	1
qid302318	did6867	1
qid302319	did1987	1
qid302331	did106973	1
qid302332	did1021	1
qid302341	did22023	1
qid302365	did31982	1
qid302375	did106980	1
qid302382	did106983	1
qid302398	did24226	1
qid302405	did106988	1
qid302425	did106993	1
qid302426	did35300	1
qid302427	did16460	1
qid302445	did106998	1
qid302466	did2387	1
qid302472	did5820	1
qid302476	did65665	1
qid302493	did28657	1
qid302499	did35539	1
qid302506	did107007	1
qid302509	did46031	1
qid302512	did94228	1
qid302542	did27296	1
qid302544	did18664	1
qid302548	did107013	1
qid302557	did107014	1
qid302573	did107019	1
qid302581	did6151	1
qid302587	did58346	1
qid302590	did40560	1
qid302592	did1480	1
qid302595	did107022	1
qid302604	did20869	1
qid302614	did41769	1
qid302623	did107031	1
qid302628	did44286	1
qid302689	did359	1
qid302696	did51397	1
qid302705	did30680	1
qid302717	did107054	1
qid302730	did39010	1
qid302736	did52399	1
qid302745	did15897	1
qid302749	did7686	1
qid302780	did5011	1
qid302787	did39198	1
qid302790	did115	1
qid302800	did49083	1
qid302810	did700	1
qid302813	did11265	1
qid302817	did4521	1
qid302826	did9030	1
qid302830	did1692	1
qid302833	did49866	1
qid302836	did24578	1
qid302839	did6603	1
qid302859	did60196	1
qid302861	did17404	1
qid302866	did26097	1
qid302875	did6058	1
qid302876	did7243	1
qid302907	did22461	1
qid302930	did7232	1
qid302942	did8752	1
qid302951	did2006	1
qid302954	did13351	1
qid302967	did34492	1
qid302986	did129	1
qid302987	did107106	1
qid302994	did5759	1
qid303015	did31244	1
qid303038	did60989	1
qid303053	did20703	1
qid303054	did107118	1
qid303096	did38803	1
qid303098	did107126	1
qid303105	did16586	1
qid303106	did10787	1
qid303110	did107129	1
qid303120	did22751	1
qid303124	did29082	1
qid303129	did25162	1
qid303132	did58507	1
qid303143	did11355	1
qid303152	did36999	1
qid303154	did32572	1
qid303163	did94693	1
qid303168	did29122	1
qid303196	did30569	1
qid303198	did39539	1
qid303200	did70852	1
qid303211	did13644	1
qid303215	did107154	1
qid303218	did41544	1
qid303229	did9336	1
qid303242	did53924	1
qid303251	did1	1
qid303274	did69196	1
qid303303	did6765	1
qid303314	did27755	1
qid303321	did32960	1
qid303348	did39578	1
qid303353	did9014	1
qid303358	did107183	1
qid303370	did17279	1
qid303379	did6370	1
qid303380	did28562	1
qid303381	did74248	1
qid303396	did4774	1
qid303408	did17769	1
qid303409	did15531	1
qid303418	did13850	1
qid303419	did26544	1
qid303429	did107198	1
qid303430	did359	1
qid303444	did76045	1
qid303447	did57664	1
qid303466	did14400	1
qid303472	did17486	1
qid303482	did18709	1
qid303483	did32996	1
qid303516	did25694	1
qid303524	did107214	1
qid303529	did4471	1
qid303534	did60775	1
qid303538	did17322	1
qid303559	did6835	1
qid303575	did107222	1
qid303577	did45578	1
qid303580	did1120	1
qid303588	did70574	1
qid303607	did20961	1
qid303609	did47641	1
qid303612	did2112	1
qid303619	did17697	1
qid303628	did90576	1
qid303643	did107233	1
qid303653	did107236	1
qid303656	did107237	1
qid303661	did13199	1
qid303665	did3754	1
qid303670	did48438	1
qid303678	did544	1
qid303689	did86274	1
qid303698	did13028	1
qid303722	did10524	1
qid303723	did22728	1
qid303729	did77955	1
qid303737	did107248	1
qid303739	did23367	1
qid303750	did55307	1
qid303762	did1894	1
qid303770	did959	1
qid303772	did63167	1
qid303783	did25357	1
qid303787	did12090	1
qid303799	did21591	1
qid303801	did107262	1
qid303812	did14820	1
qid303822	did36231	1
qid303841	did2418	1
qid303864	did8071	1
qid303874	did88332	1
qid303881	did1372	1
qid303892	did11892	1
qid303898	did25794	1
qid303909	did22153	1
qid303912	did1454	1
qid303922	did58780	1
qid303923	did107293	1
qid303924	did3229	1
qid303934	did8275	1
qid303941	did38206	1
qid303951	did2162	1
qid303983	did89300	1
qid303984	did2205	1
qid303986	did18935	1
qid304003	did4020	1
qid304006	did107315	1
qid304007	did55569	1
qid304012	did330	1
qid304025	did27	1
qid304029	did11117	1
qid304060	did15318	1
qid304065	did18800	1
qid304070	did107328	1
qid304073	did97404	1
qid304078	did8164	1
qid304079	did569	1
qid304088	did76406	1
qid304099	did48900	1
qid304106	did9394	1
qid304111	did2286	1
qid304116	did107339	1
qid304123	did107341	1
qid304171	did45611	1
qid304203	did35863	1
qid304215	did88223	1
qid304241	did54127	1
qid304253	did107366	1
qid304258	did107369	1
qid304270	did47720	1
qid304275	did107375	1
qid304276	did107376	1
qid304322	did19369	1
qid304369	did2498	1
qid304371	did6797	1
qid304387	did11160	1
qid304389	did31705	1
qid304392	did13406	1
qid304411	did25961	1
qid304417	did47924	1
qid304426	did28792	1
qid304428	did1178	1
qid304441	did2	1
qid304444	did31597	1
qid304450	did14943	1
qid304451	did1423	1
qid304457	did22682	1
qid304464	did91309	1
qid304472	did9255	1
qid304473	did953	1
qid304476	did107421	1
qid304500	did107426	1
qid304515	did38779	1
qid304526	did106636	1
qid304531	did34735	1
qid304533	did20383	1
qid304548	did107436	1
qid304572	did33598	1
qid304577	did7603	1
qid304603	did102891	1
qid304606	did41213	1
qid304611	did86219	1
qid304626	did8649	1
qid304644	did107193	1
qid304669	did38420	1
qid304676	did107468	1
qid304688	did1870	1
qid304692	did8451	1
qid304708	did11648	1
qid304711	did9602	1
qid304730	did2707	1
qid304747	did17908	1
qid304771	did1709	1
qid304799	did2414	1
qid304802	did107492	1
qid304810	did107494	1
qid304817	did1987	1
qid304826	did54920	1
qid304840	did14910	1
qid304858	did107508	1
qid304866	did23804	1
qid304870	did11165	1
qid304875	did107511	1
qid304876	did107512	1
qid304885	did25190	1
qid304893	did103228	1
qid304895	did33307	1
qid304905	did51459	1
qid304920	did107519	1
qid304926	did3047	1
qid304928	did3148	1
qid304942	did6948	1
qid304948	did29234	1
qid304957	did91194	1
qid304971	did41227	1
qid304986	did107534	1
qid304997	did90365	1
qid305001	did79917	1
qid305022	did3421	1
qid305026	did5082	1
qid305032	did32112	1
qid305046	did32128	1
qid305056	did46577	1
qid305069	did25604	1
qid305082	did33943	1
qid305085	did37385	1
qid305086	did107550	1
qid305112	did107553	1
qid305117	did19609	1
qid305123	did29035	1
qid305130	did1678	1
qid305131	did31358	1
qid305139	did41400	1
qid305147	did15366	1
qid305151	did107558	1
qid305152	did48520	1
qid305159	did38186	1
qid305162	did56670	1
qid305176	did10126	1
qid305182	did44802	1
qid305198	did13395	1
qid305201	did12998	1
qid305206	did71606	1
qid305221	did107577	1
qid305239	did107580	1
qid305254	did107584	1
qid305265	did66995	1
qid305274	did66527	1
qid305281	did2892	1
qid305306	did20869	1
qid305312	did3521	1
qid305333	did56483	1
qid305334	did23334	1
qid305336	did107605	1
qid305355	did9841	1
qid305357	did20870	1
qid305370	did90335	1
qid305372	did107616	1
qid305392	did1497	1
qid305395	did55241	1
qid305421	did107623	1
qid305434	did107628	1
qid305455	did49001	1
qid305457	did32889	1
qid305467	did88368	1
qid305471	did107639	1
qid305500	did41115	1
qid305508	did107646	1
qid305514	did8551	1
qid305523	did10844	1
qid305524	did11429	1
qid305527	did34041	1
qid305528	did63809	1
qid305530	did3499	1
qid305567	did4409	1
qid305571	did1021	1
qid305574	did55119	1
qid305575	did4465	1
qid305588	did1253	1
qid305593	did3803	1
qid305601	did107658	1
qid305609	did4461	1
qid305618	did107661	1
qid305622	did42175	1
qid305627	did27204	1
qid305639	did35540	1
qid305644	did40479	1
qid305650	did12438	1
qid305658	did17262	1
qid305666	did90996	1
qid305667	did11622	1
qid305674	did107676	1
qid305700	did107681	1
qid305710	did54683	1
qid305721	did107685	1
qid305723	did15934	1
qid305728	did98340	1
qid305730	did17900	1
qid305759	did107693	1
qid305761	did52850	1
qid305763	did1384	1
qid305774	did107695	1
qid305797	did104758	1
qid305838	did9896	1
qid305860	did13600	1
qid305870	did24790	1
qid305878	did3146	1
qid305886	did8052	1
qid305904	did20462	1
qid305911	did107727	1
qid305929	did7895	1
qid305940	did899	1
qid305943	did61145	1
qid305954	did32654	1
qid305960	did15622	1
qid305964	did99215	1
qid305976	did24793	1
qid305994	did52587	1
qid305997	did19033	1
qid305998	did91010	1
qid306008	did75858	1
qid306010	did107752	1
qid306011	did49589	1
qid306023	did18166	1
qid306047	did69033	1
qid306055	did18328	1
qid306059	did531	1
qid306061	did30576	1
qid306062	did107762	1
qid306063	did59830	1
qid306066	did2034	1
qid306084	did9817	1
qid306098	did97485	1
qid306102	did107773	1
qid306122	did107781	1
qid306132	did88049	1
qid306133	did2972	1
qid306150	did33572	1
qid306152	did45481	1
qid306155	did7878	1
qid306157	did10110	1
qid306166	did5695	1
qid306170	did107792	1
qid306171	did23257	1
qid306188	did31736	1
qid306198	did51908	1
qid306207	did107801	1
qid306229	did64852	1
qid306240	did107808	1
qid306257	did16601	1
qid306261	did4643	1
qid306265	did68817	1
qid306268	did11934	1
qid306271	did107814	1
qid306280	did784	1
qid306285	did31224	1
qid306288	did107820	1
qid306298	did25413	1
qid306315	did29846	1
qid306325	did4575	1
qid306330	did10136	1
qid306351	did75412	1
qid306354	did8800	1
qid306357	did41694	1
qid306370	did29356	1
qid306378	did12390	1
qid306390	did1348	1
qid306410	did75184	1
qid306412	did83248	1
qid306461	did49718	1
qid306466	did24874	1
qid306467	did57661	1
qid306512	did14655	1
qid306515	did107862	1
qid306518	did9469	1
qid306524	did3921	1
qid306555	did32200	1
qid306560	did65937	1
qid306563	did16905	1
qid306573	did25178	1
qid306576	did38651	1
qid306578	did72165	1
qid306580	did60354	1
qid306586	did60304	1
qid306593	did47671	1
qid306597	did107877	1
qid306600	did107878	1
qid306628	did17548	1
qid306632	did225	1
qid306634	did31324	1
qid306654	did107883	1
qid306664	did31907	1
qid306675	did44658	1
qid306678	did1882	1
qid306692	did107890	1
qid306696	did11728	1
qid306720	did47832	1
qid306729	did9765	1
qid306742	did257	1
qid306743	did67811	1
qid306763	did52397	1
qid306764	did17727	1
qid306774	did1797	1
qid306784	did107910	1
qid306797	did5562	1
qid306800	did107913	1
qid306803	did44157	1
qid306806	did374	1
qid306815	did2226	1
qid306837	did9846	1
qid306847	did107922	1
qid306882	did74682	1
qid306890	did107932	1
qid306896	did107934	1
qid306897	did12318	1
qid306900	did69124	1
qid306902	did72606	1
qid306916	did19670	1
qid306928	did12850	1
qid306932	did31949	1
qid306955	did1909	1
qid306959	did107949	1
qid306966	did8507	1
qid306982	did40360	1
qid306984	did1021	1
qid306985	did596	1
qid306994	did107957	1
qid307010	did44090	1
qid307036	did69066	1
qid307042	did31693	1
qid307066	did107966	1
qid307080	did857	1
qid307082	did15987	1
qid307083	did24488	1
qid307096	did3747	1
qid307101	did43547	1
qid307117	did107974	1
qid307124	did17825	1
qid307140	did107982	1
qid307145	did71555	1
qid307156	did1491	1
qid307165	did16573	1
qid307186	did11919	1
qid307188	did121	1
qid307223	did39213	1
qid307225	did56689	1
qid307230	did107995	1
qid307236	did24467	1
qid307252	did9204	1
qid307254	did22064	1
qid307261	did89845	1
qid307265	did6001	1
qid307286	did2721	1
qid307289	did3090	1
qid307295	did67610	1
qid307298	did86496	1
qid307346	did22046	1
qid307347	did108020	1
qid307348	did104392	1
qid307361	did78652	1
qid307365	did56453	1
